window_id,input_id,source_file,source_index,predicted_class_name,confidence,original_route,monitoring_status,auto_clearance_suspended,effective_route,monitoring_override_applied,monitoring_reason
1,record_000007317:0,artifacts/input_files/record_000007317.npy,0,Normal,0.9981677532196045,AUTO_ACCEPT,GREEN,False,AUTO_ACCEPT,False,All immediate drift features are within limits.
1,record_000007920:0,artifacts/input_files/record_000007920.npy,0,Edge-Loc,0.9999297857284546,ENGINEER_REVIEW,GREEN,False,ENGINEER_REVIEW,False,All immediate drift features are within limits.
1,record_000012664:0,artifacts/input_files/record_000012664.npy,0,Edge-Ring,1.0,ENGINEER_REVIEW,GREEN,False,ENGINEER_REVIEW,False,All immediate drift features are within limits.
1,record_000012688:0,artifacts/input_files/record_000012688.npy,0,Edge-Ring,1.0,ENGINEER_REVIEW,GREEN,False,ENGINEER_REVIEW,False,All immediate drift features are within limits.
1,record_000019377:0,artifacts/input_files/record_000019377.npy,0,Random,0.9990917444229126,ENGINEER_REVIEW,GREEN,False,ENGINEER_REVIEW,False,All immediate drift features are within limits.
1,record_000019491:0,artifacts/input_files/record_000019491.npy,0,Edge-Ring,0.9999995231628418,ENGINEER_REVIEW,GREEN,False,ENGINEER_REVIEW,False,All immediate drift features are within limits.
1,record_000021185:0,artifacts/input_files/record_000021185.npy,0,Edge-Ring,0.9999972581863403,ENGINEER_REVIEW,GREEN,False,ENGINEER_REVIEW,False,All immediate drift features are within limits.
1,record_000021190:0,artifacts/input_files/record_000021190.npy,0,Edge-Ring,0.99998939037323,ENGINEER_REVIEW,GREEN,False,ENGINEER_REVIEW,False,All immediate drift features are within limits.
1,record_000021400:0,artifacts/input_files/record_000021400.npy,0,Edge-Ring,0.9999985694885254,ENGINEER_REVIEW,GREEN,False,ENGINEER_REVIEW,False,All immediate drift features are within limits.
1,record_000021411:0,artifacts/input_files/record_000021411.npy,0,Edge-Ring,0.9999985694885254,ENGINEER_REVIEW,GREEN,False,ENGINEER_REVIEW,False,All immediate drift features are within limits.
1,record_000021466:0,artifacts/input_files/record_000021466.npy,0,Edge-Ring,0.9999996423721313,ENGINEER_REVIEW,GREEN,False,ENGINEER_REVIEW,False,All immediate drift features are within limits.
1,record_000021500:0,artifacts/input_files/record_000021500.npy,0,Edge-Ring,0.9999995231628418,ENGINEER_REVIEW,GREEN,False,ENGINEER_REVIEW,False,All immediate drift features are within limits.
1,record_000021521:0,artifacts/input_files/record_000021521.npy,0,Edge-Ring,0.9999997615814209,ENGINEER_REVIEW,GREEN,False,ENGINEER_REVIEW,False,All immediate drift features are within limits.
1,record_000021681:0,artifacts/input_files/record_000021681.npy,0,Scratch,0.935335636138916,ENGINEER_REVIEW,GREEN,False,ENGINEER_REVIEW,False,All immediate drift features are within limits.
1,record_000070488:0,artifacts/input_files/record_000070488.npy,0,Edge-Loc,0.9973868727684021,ENGINEER_REVIEW,GREEN,False,ENGINEER_REVIEW,False,All immediate drift features are within limits.
1,record_000071508:0,artifacts/input_files/record_000071508.npy,0,Edge-Loc,0.739799439907074,ABSTAIN,GREEN,False,ABSTAIN,False,All immediate drift features are within limits.
1,record_000106791:0,artifacts/input_files/record_000106791.npy,0,Edge-Loc,0.8613173961639404,ENGINEER_REVIEW,GREEN,False,ENGINEER_REVIEW,False,All immediate drift features are within limits.
1,record_000107460:0,artifacts/input_files/record_000107460.npy,0,Scratch,0.9992208480834961,ENGINEER_REVIEW,GREEN,False,ENGINEER_REVIEW,False,All immediate drift features are within limits.
1,record_000109206:0,artifacts/input_files/record_000109206.npy,0,Edge-Ring,1.0,ENGINEER_REVIEW,GREEN,False,ENGINEER_REVIEW,False,All immediate drift features are within limits.
1,record_000109210:0,artifacts/input_files/record_000109210.npy,0,Edge-Ring,0.9999997615814209,ENGINEER_REVIEW,GREEN,False,ENGINEER_REVIEW,False,All immediate drift features are within limits.
1,record_000111108:0,artifacts/input_files/record_000111108.npy,0,Edge-Loc,0.9926565289497375,ENGINEER_REVIEW,GREEN,False,ENGINEER_REVIEW,False,All immediate drift features are within limits.
1,record_000114956:0,artifacts/input_files/record_000114956.npy,0,Loc,0.9639865159988403,ENGINEER_REVIEW,GREEN,False,ENGINEER_REVIEW,False,All immediate drift features are within limits.
1,record_000144892:0,artifacts/input_files/record_000144892.npy,0,Edge-Ring,1.0,ENGINEER_REVIEW,GREEN,False,ENGINEER_REVIEW,False,All immediate drift features are within limits.
1,record_000144906:0,artifacts/input_files/record_000144906.npy,0,Edge-Ring,1.0,ENGINEER_REVIEW,GREEN,False,ENGINEER_REVIEW,False,All immediate drift features are within limits.
1,record_000147248:0,artifacts/input_files/record_000147248.npy,0,Loc,0.5717722773551941,ABSTAIN,GREEN,False,ABSTAIN,False,All immediate drift features are within limits.
1,record_000165613:0,artifacts/input_files/record_000165613.npy,0,Edge-Loc,0.9974097609519958,ENGINEER_REVIEW,GREEN,False,ENGINEER_REVIEW,False,All immediate drift features are within limits.
1,record_000172358:0,artifacts/input_files/record_000172358.npy,0,Center,0.8223546743392944,ENGINEER_REVIEW,GREEN,False,ENGINEER_REVIEW,False,All immediate drift features are within limits.
1,record_000199692:0,artifacts/input_files/record_000199692.npy,0,Edge-Ring,1.0,ENGINEER_REVIEW,GREEN,False,ENGINEER_REVIEW,False,All immediate drift features are within limits.
1,record_000199748:0,artifacts/input_files/record_000199748.npy,0,Edge-Ring,0.9999998807907104,ENGINEER_REVIEW,GREEN,False,ENGINEER_REVIEW,False,All immediate drift features are within limits.
1,record_000199752:0,artifacts/input_files/record_000199752.npy,0,Edge-Ring,1.0,ENGINEER_REVIEW,GREEN,False,ENGINEER_REVIEW,False,All immediate drift features are within limits.
1,record_000199753:0,artifacts/input_files/record_000199753.npy,0,Edge-Ring,1.0,ENGINEER_REVIEW,GREEN,False,ENGINEER_REVIEW,False,All immediate drift features are within limits.
1,record_000199759:0,artifacts/input_files/record_000199759.npy,0,Edge-Ring,1.0,ENGINEER_REVIEW,GREEN,False,ENGINEER_REVIEW,False,All immediate drift features are within limits.
1,record_000200048:0,artifacts/input_files/record_000200048.npy,0,Edge-Ring,1.0,ENGINEER_REVIEW,GREEN,False,ENGINEER_REVIEW,False,All immediate drift features are within limits.
1,record_000221265:0,artifacts/input_files/record_000221265.npy,0,Edge-Ring,0.9999983310699463,ENGINEER_REVIEW,GREEN,False,ENGINEER_REVIEW,False,All immediate drift features are within limits.
1,record_000221321:0,artifacts/input_files/record_000221321.npy,0,Edge-Ring,0.9999996423721313,ENGINEER_REVIEW,GREEN,False,ENGINEER_REVIEW,False,All immediate drift features are within limits.
1,record_000221387:0,artifacts/input_files/record_000221387.npy,0,Edge-Ring,0.9999998807907104,ENGINEER_REVIEW,GREEN,False,ENGINEER_REVIEW,False,All immediate drift features are within limits.
1,record_000221397:0,artifacts/input_files/record_000221397.npy,0,Edge-Ring,0.999998927116394,ENGINEER_REVIEW,GREEN,False,ENGINEER_REVIEW,False,All immediate drift features are within limits.
1,record_000221398:0,artifacts/input_files/record_000221398.npy,0,Edge-Ring,0.9999996423721313,ENGINEER_REVIEW,GREEN,False,ENGINEER_REVIEW,False,All immediate drift features are within limits.
1,record_000227935:0,artifacts/input_files/record_000227935.npy,0,Loc,0.9971101880073547,ENGINEER_REVIEW,GREEN,False,ENGINEER_REVIEW,False,All immediate drift features are within limits.
1,record_000239457:0,artifacts/input_files/record_000239457.npy,0,Edge-Ring,0.9999982118606567,ENGINEER_REVIEW,GREEN,False,ENGINEER_REVIEW,False,All immediate drift features are within limits.
1,record_000239545:0,artifacts/input_files/record_000239545.npy,0,Edge-Ring,0.9999992847442627,ENGINEER_REVIEW,GREEN,False,ENGINEER_REVIEW,False,All immediate drift features are within limits.
1,record_000242425:0,artifacts/input_files/record_000242425.npy,0,Normal,0.8861929178237915,ENGINEER_REVIEW,GREEN,False,ENGINEER_REVIEW,False,All immediate drift features are within limits.
1,record_000242593:0,artifacts/input_files/record_000242593.npy,0,Normal,0.9995166063308716,AUTO_ACCEPT,GREEN,False,AUTO_ACCEPT,False,All immediate drift features are within limits.
1,record_000242651:0,artifacts/input_files/record_000242651.npy,0,Normal,0.9763835668563843,AUTO_ACCEPT,GREEN,False,AUTO_ACCEPT,False,All immediate drift features are within limits.
1,record_000244447:0,artifacts/input_files/record_000244447.npy,0,Normal,0.9986283779144287,AUTO_ACCEPT,GREEN,False,AUTO_ACCEPT,False,All immediate drift features are within limits.
1,record_000244448:0,artifacts/input_files/record_000244448.npy,0,Normal,0.9966356158256531,AUTO_ACCEPT,GREEN,False,AUTO_ACCEPT,False,All immediate drift features are within limits.
1,record_000245501:0,artifacts/input_files/record_000245501.npy,0,Normal,0.9647644758224487,AUTO_ACCEPT,GREEN,False,AUTO_ACCEPT,False,All immediate drift features are within limits.
1,record_000245653:0,artifacts/input_files/record_000245653.npy,0,Normal,0.9982653260231018,AUTO_ACCEPT,GREEN,False,AUTO_ACCEPT,False,All immediate drift features are within limits.
1,record_000245689:0,artifacts/input_files/record_000245689.npy,0,Normal,0.8644852638244629,ENGINEER_REVIEW,GREEN,False,ENGINEER_REVIEW,False,All immediate drift features are within limits.
1,record_000245708:0,artifacts/input_files/record_000245708.npy,0,Normal,0.9201703667640686,ENGINEER_REVIEW,GREEN,False,ENGINEER_REVIEW,False,All immediate drift features are within limits.
1,record_000248062:0,artifacts/input_files/record_000248062.npy,0,Normal,0.9434722661972046,ENGINEER_REVIEW,GREEN,False,ENGINEER_REVIEW,False,All immediate drift features are within limits.
1,record_000248066:0,artifacts/input_files/record_000248066.npy,0,Normal,0.9530394077301025,AUTO_ACCEPT,GREEN,False,AUTO_ACCEPT,False,All immediate drift features are within limits.
1,record_000250478:0,artifacts/input_files/record_000250478.npy,0,Normal,0.9980553388595581,AUTO_ACCEPT,GREEN,False,AUTO_ACCEPT,False,All immediate drift features are within limits.
1,record_000250505:0,artifacts/input_files/record_000250505.npy,0,Normal,0.9983603358268738,AUTO_ACCEPT,GREEN,False,AUTO_ACCEPT,False,All immediate drift features are within limits.
1,record_000250508:0,artifacts/input_files/record_000250508.npy,0,Normal,0.9948699474334717,AUTO_ACCEPT,GREEN,False,AUTO_ACCEPT,False,All immediate drift features are within limits.
1,record_000251142:0,artifacts/input_files/record_000251142.npy,0,Normal,0.9976235032081604,AUTO_ACCEPT,GREEN,False,AUTO_ACCEPT,False,All immediate drift features are within limits.
1,record_000251156:0,artifacts/input_files/record_000251156.npy,0,Normal,0.9973112344741821,AUTO_ACCEPT,GREEN,False,AUTO_ACCEPT,False,All immediate drift features are within limits.
1,record_000251160:0,artifacts/input_files/record_000251160.npy,0,Normal,0.9982553124427795,AUTO_ACCEPT,GREEN,False,AUTO_ACCEPT,False,All immediate drift features are within limits.
1,record_000251577:0,artifacts/input_files/record_000251577.npy,0,Normal,0.8810186982154846,ENGINEER_REVIEW,GREEN,False,ENGINEER_REVIEW,False,All immediate drift features are within limits.
1,record_000251902:0,artifacts/input_files/record_000251902.npy,0,Normal,0.9943475127220154,AUTO_ACCEPT,GREEN,False,AUTO_ACCEPT,False,All immediate drift features are within limits.
1,record_000251905:0,artifacts/input_files/record_000251905.npy,0,Normal,0.9984941482543945,AUTO_ACCEPT,GREEN,False,AUTO_ACCEPT,False,All immediate drift features are within limits.
1,record_000251909:0,artifacts/input_files/record_000251909.npy,0,Normal,0.998683512210846,AUTO_ACCEPT,GREEN,False,AUTO_ACCEPT,False,All immediate drift features are within limits.
1,record_000252543:0,artifacts/input_files/record_000252543.npy,0,Normal,0.999997615814209,AUTO_ACCEPT,GREEN,False,AUTO_ACCEPT,False,All immediate drift features are within limits.
1,record_000253072:0,artifacts/input_files/record_000253072.npy,0,Normal,0.9628169536590576,AUTO_ACCEPT,GREEN,False,AUTO_ACCEPT,False,All immediate drift features are within limits.
1,record_000253232:0,artifacts/input_files/record_000253232.npy,0,Normal,0.9999878406524658,AUTO_ACCEPT,GREEN,False,AUTO_ACCEPT,False,All immediate drift features are within limits.
1,record_000253268:0,artifacts/input_files/record_000253268.npy,0,Normal,0.9994705319404602,AUTO_ACCEPT,GREEN,False,AUTO_ACCEPT,False,All immediate drift features are within limits.
1,record_000253444:0,artifacts/input_files/record_000253444.npy,0,Edge-Loc,0.5560749173164368,ABSTAIN,GREEN,False,ABSTAIN,False,All immediate drift features are within limits.
1,record_000265565:0,artifacts/input_files/record_000265565.npy,0,Edge-Loc,0.6677609086036682,ABSTAIN,GREEN,False,ABSTAIN,False,All immediate drift features are within limits.
1,record_000266103:0,artifacts/input_files/record_000266103.npy,0,Edge-Ring,0.9999997615814209,ENGINEER_REVIEW,GREEN,False,ENGINEER_REVIEW,False,All immediate drift features are within limits.
1,record_000278614:0,artifacts/input_files/record_000278614.npy,0,Donut,0.9654269218444824,ENGINEER_REVIEW,GREEN,False,ENGINEER_REVIEW,False,All immediate drift features are within limits.
1,record_000278887:0,artifacts/input_files/record_000278887.npy,0,Loc,0.5852384567260742,ABSTAIN,GREEN,False,ABSTAIN,False,All immediate drift features are within limits.
1,record_000279330:0,artifacts/input_files/record_000279330.npy,0,Donut,0.9594141840934753,ENGINEER_REVIEW,GREEN,False,ENGINEER_REVIEW,False,All immediate drift features are within limits.
1,record_000279983:0,artifacts/input_files/record_000279983.npy,0,Donut,0.9995747208595276,ENGINEER_REVIEW,GREEN,False,ENGINEER_REVIEW,False,All immediate drift features are within limits.
1,record_000294288:0,artifacts/input_files/record_000294288.npy,0,Center,0.9771208763122559,ENGINEER_REVIEW,GREEN,False,ENGINEER_REVIEW,False,All immediate drift features are within limits.
1,record_000294351:0,artifacts/input_files/record_000294351.npy,0,Edge-Ring,0.9999994039535522,ENGINEER_REVIEW,GREEN,False,ENGINEER_REVIEW,False,All immediate drift features are within limits.
1,record_000294446:0,artifacts/input_files/record_000294446.npy,0,Edge-Ring,0.9999998807907104,ENGINEER_REVIEW,GREEN,False,ENGINEER_REVIEW,False,All immediate drift features are within limits.
1,record_000294483:0,artifacts/input_files/record_000294483.npy,0,Edge-Ring,0.9999998807907104,ENGINEER_REVIEW,GREEN,False,ENGINEER_REVIEW,False,All immediate drift features are within limits.
1,record_000300268:0,artifacts/input_files/record_000300268.npy,0,Edge-Ring,0.9999998807907104,ENGINEER_REVIEW,GREEN,False,ENGINEER_REVIEW,False,All immediate drift features are within limits.
1,record_000300286:0,artifacts/input_files/record_000300286.npy,0,Edge-Ring,0.9999955892562866,ENGINEER_REVIEW,GREEN,False,ENGINEER_REVIEW,False,All immediate drift features are within limits.
1,record_000316500:0,artifacts/input_files/record_000316500.npy,0,Loc,0.9170187711715698,ENGINEER_REVIEW,GREEN,False,ENGINEER_REVIEW,False,All immediate drift features are within limits.
1,record_000321403:0,artifacts/input_files/record_000321403.npy,0,Center,0.9529694318771362,ENGINEER_REVIEW,GREEN,False,ENGINEER_REVIEW,False,All immediate drift features are within limits.
1,record_000329411:0,artifacts/input_files/record_000329411.npy,0,Edge-Ring,0.9985059499740601,ENGINEER_REVIEW,GREEN,False,ENGINEER_REVIEW,False,All immediate drift features are within limits.
1,record_000329433:0,artifacts/input_files/record_000329433.npy,0,Edge-Ring,0.9989243149757385,ENGINEER_REVIEW,GREEN,False,ENGINEER_REVIEW,False,All immediate drift features are within limits.
1,record_000347707:0,artifacts/input_files/record_000347707.npy,0,Loc,0.7299391627311707,ABSTAIN,GREEN,False,ABSTAIN,False,All immediate drift features are within limits.
1,record_000350370:0,artifacts/input_files/record_000350370.npy,0,Edge-Ring,1.0,ENGINEER_REVIEW,GREEN,False,ENGINEER_REVIEW,False,All immediate drift features are within limits.
1,record_000350377:0,artifacts/input_files/record_000350377.npy,0,Edge-Ring,1.0,ENGINEER_REVIEW,GREEN,False,ENGINEER_REVIEW,False,All immediate drift features are within limits.
1,record_000353087:0,artifacts/input_files/record_000353087.npy,0,Edge-Ring,1.0,ENGINEER_REVIEW,GREEN,False,ENGINEER_REVIEW,False,All immediate drift features are within limits.
1,record_000364038:0,artifacts/input_files/record_000364038.npy,0,Loc,0.9723777770996094,ENGINEER_REVIEW,GREEN,False,ENGINEER_REVIEW,False,All immediate drift features are within limits.
1,record_000371589:0,artifacts/input_files/record_000371589.npy,0,Center,0.9818589091300964,ENGINEER_REVIEW,GREEN,False,ENGINEER_REVIEW,False,All immediate drift features are within limits.
1,record_000372545:0,artifacts/input_files/record_000372545.npy,0,Edge-Loc,0.5900917649269104,ABSTAIN,GREEN,False,ABSTAIN,False,All immediate drift features are within limits.
1,record_000382233:0,artifacts/input_files/record_000382233.npy,0,Scratch,0.9680598974227905,ENGINEER_REVIEW,GREEN,False,ENGINEER_REVIEW,False,All immediate drift features are within limits.
1,record_000385261:0,artifacts/input_files/record_000385261.npy,0,Edge-Ring,1.0,ENGINEER_REVIEW,GREEN,False,ENGINEER_REVIEW,False,All immediate drift features are within limits.
1,record_000385267:0,artifacts/input_files/record_000385267.npy,0,Edge-Ring,0.9999986886978149,ENGINEER_REVIEW,GREEN,False,ENGINEER_REVIEW,False,All immediate drift features are within limits.
1,record_000385273:0,artifacts/input_files/record_000385273.npy,0,Edge-Ring,0.9999998807907104,ENGINEER_REVIEW,GREEN,False,ENGINEER_REVIEW,False,All immediate drift features are within limits.
1,record_000385384:0,artifacts/input_files/record_000385384.npy,0,Edge-Ring,1.0,ENGINEER_REVIEW,GREEN,False,ENGINEER_REVIEW,False,All immediate drift features are within limits.
1,record_000391603:0,artifacts/input_files/record_000391603.npy,0,Donut,0.4595399796962738,ABSTAIN,GREEN,False,ABSTAIN,False,All immediate drift features are within limits.
1,record_000405183:0,artifacts/input_files/record_000405183.npy,0,Center,0.45012709498405457,ABSTAIN,GREEN,False,ABSTAIN,False,All immediate drift features are within limits.
1,record_000411731:0,artifacts/input_files/record_000411731.npy,0,Edge-Ring,0.9999899864196777,ENGINEER_REVIEW,GREEN,False,ENGINEER_REVIEW,False,All immediate drift features are within limits.
1,record_000411733:0,artifacts/input_files/record_000411733.npy,0,Edge-Ring,0.999992847442627,ENGINEER_REVIEW,GREEN,False,ENGINEER_REVIEW,False,All immediate drift features are within limits.
1,record_000411734:0,artifacts/input_files/record_000411734.npy,0,Edge-Ring,0.9999972581863403,ENGINEER_REVIEW,GREEN,False,ENGINEER_REVIEW,False,All immediate drift features are within limits.
1,record_000411751:0,artifacts/input_files/record_000411751.npy,0,Edge-Ring,0.9999771118164062,ENGINEER_REVIEW,GREEN,False,ENGINEER_REVIEW,False,All immediate drift features are within limits.
1,record_000414163:0,artifacts/input_files/record_000414163.npy,0,Edge-Loc,0.94166100025177,ENGINEER_REVIEW,GREEN,False,ENGINEER_REVIEW,False,All immediate drift features are within limits.
1,record_000414165:0,artifacts/input_files/record_000414165.npy,0,Edge-Loc,0.9950371384620667,ENGINEER_REVIEW,GREEN,False,ENGINEER_REVIEW,False,All immediate drift features are within limits.
1,record_000433064:0,artifacts/input_files/record_000433064.npy,0,Loc,0.814685583114624,ENGINEER_REVIEW,GREEN,False,ENGINEER_REVIEW,False,All immediate drift features are within limits.
1,record_000436911:0,artifacts/input_files/record_000436911.npy,0,Edge-Loc,0.9835989475250244,ENGINEER_REVIEW,GREEN,False,ENGINEER_REVIEW,False,All immediate drift features are within limits.
1,record_000439508:0,artifacts/input_files/record_000439508.npy,0,Normal,0.8542569875717163,ENGINEER_REVIEW,GREEN,False,ENGINEER_REVIEW,False,All immediate drift features are within limits.
1,record_000440664:0,artifacts/input_files/record_000440664.npy,0,Edge-Ring,0.9957516193389893,ENGINEER_REVIEW,GREEN,False,ENGINEER_REVIEW,False,All immediate drift features are within limits.
1,record_000445863:0,artifacts/input_files/record_000445863.npy,0,Edge-Ring,0.8339096307754517,ENGINEER_REVIEW,GREEN,False,ENGINEER_REVIEW,False,All immediate drift features are within limits.
1,record_000524345:0,artifacts/input_files/record_000524345.npy,0,Center,0.999962568283081,ENGINEER_REVIEW,GREEN,False,ENGINEER_REVIEW,False,All immediate drift features are within limits.
1,record_000524350:0,artifacts/input_files/record_000524350.npy,0,Center,0.9948745369911194,ENGINEER_REVIEW,GREEN,False,ENGINEER_REVIEW,False,All immediate drift features are within limits.
1,record_000532361:0,artifacts/input_files/record_000532361.npy,0,Edge-Loc,0.9203020334243774,ENGINEER_REVIEW,GREEN,False,ENGINEER_REVIEW,False,All immediate drift features are within limits.
1,record_000577933:0,artifacts/input_files/record_000577933.npy,0,Edge-Loc,0.9960055947303772,ENGINEER_REVIEW,GREEN,False,ENGINEER_REVIEW,False,All immediate drift features are within limits.
1,record_000586544:0,artifacts/input_files/record_000586544.npy,0,Center,0.9999465942382812,ENGINEER_REVIEW,GREEN,False,ENGINEER_REVIEW,False,All immediate drift features are within limits.
1,record_000586711:0,artifacts/input_files/record_000586711.npy,0,Center,0.9997994303703308,ENGINEER_REVIEW,GREEN,False,ENGINEER_REVIEW,False,All immediate drift features are within limits.
1,record_000586729:0,artifacts/input_files/record_000586729.npy,0,Center,0.9926878213882446,ENGINEER_REVIEW,GREEN,False,ENGINEER_REVIEW,False,All immediate drift features are within limits.
1,record_000588301:0,artifacts/input_files/record_000588301.npy,0,Center,0.9999874830245972,ENGINEER_REVIEW,GREEN,False,ENGINEER_REVIEW,False,All immediate drift features are within limits.
1,record_000589015:0,artifacts/input_files/record_000589015.npy,0,Center,0.9977116584777832,ENGINEER_REVIEW,GREEN,False,ENGINEER_REVIEW,False,All immediate drift features are within limits.
1,record_000589925:0,artifacts/input_files/record_000589925.npy,0,Center,0.9997748732566833,ENGINEER_REVIEW,GREEN,False,ENGINEER_REVIEW,False,All immediate drift features are within limits.
1,record_000590163:0,artifacts/input_files/record_000590163.npy,0,Center,0.9998096823692322,ENGINEER_REVIEW,GREEN,False,ENGINEER_REVIEW,False,All immediate drift features are within limits.
1,record_000590516:0,artifacts/input_files/record_000590516.npy,0,Center,0.9995641112327576,ENGINEER_REVIEW,GREEN,False,ENGINEER_REVIEW,False,All immediate drift features are within limits.
1,record_000592996:0,artifacts/input_files/record_000592996.npy,0,Edge-Ring,0.9294120073318481,ENGINEER_REVIEW,GREEN,False,ENGINEER_REVIEW,False,All immediate drift features are within limits.
1,record_000595738:0,artifacts/input_files/record_000595738.npy,0,Edge-Loc,0.9580063223838806,ENGINEER_REVIEW,GREEN,False,ENGINEER_REVIEW,False,All immediate drift features are within limits.
1,record_000623178:0,artifacts/input_files/record_000623178.npy,0,Center,0.987962543964386,ENGINEER_REVIEW,GREEN,False,ENGINEER_REVIEW,False,All immediate drift features are within limits.
1,record_000628008:0,artifacts/input_files/record_000628008.npy,0,Center,0.9983893632888794,ENGINEER_REVIEW,GREEN,False,ENGINEER_REVIEW,False,All immediate drift features are within limits.
1,record_000639390:0,artifacts/input_files/record_000639390.npy,0,Donut,0.9999963045120239,ENGINEER_REVIEW,GREEN,False,ENGINEER_REVIEW,False,All immediate drift features are within limits.
1,record_000639672:0,artifacts/input_files/record_000639672.npy,0,Normal,0.9998970031738281,AUTO_ACCEPT,GREEN,False,AUTO_ACCEPT,False,All immediate drift features are within limits.
1,record_000639682:0,artifacts/input_files/record_000639682.npy,0,Normal,0.9999154806137085,AUTO_ACCEPT,GREEN,False,AUTO_ACCEPT,False,All immediate drift features are within limits.
1,record_000648140:0,artifacts/input_files/record_000648140.npy,0,Normal,0.9999749660491943,AUTO_ACCEPT,GREEN,False,AUTO_ACCEPT,False,All immediate drift features are within limits.
1,record_000648156:0,artifacts/input_files/record_000648156.npy,0,Normal,0.9991826415061951,AUTO_ACCEPT,GREEN,False,AUTO_ACCEPT,False,All immediate drift features are within limits.
1,record_000648396:0,artifacts/input_files/record_000648396.npy,0,Normal,0.9999929666519165,AUTO_ACCEPT,GREEN,False,AUTO_ACCEPT,False,All immediate drift features are within limits.
1,record_000648397:0,artifacts/input_files/record_000648397.npy,0,Normal,0.999958872795105,AUTO_ACCEPT,GREEN,False,AUTO_ACCEPT,False,All immediate drift features are within limits.
1,record_000648399:0,artifacts/input_files/record_000648399.npy,0,Normal,0.9999876022338867,AUTO_ACCEPT,GREEN,False,AUTO_ACCEPT,False,All immediate drift features are within limits.
1,record_000648525:0,artifacts/input_files/record_000648525.npy,0,Normal,0.999998927116394,AUTO_ACCEPT,GREEN,False,AUTO_ACCEPT,False,All immediate drift features are within limits.
1,record_000648608:0,artifacts/input_files/record_000648608.npy,0,Normal,0.9998713731765747,AUTO_ACCEPT,GREEN,False,AUTO_ACCEPT,False,All immediate drift features are within limits.
1,record_000649020:0,artifacts/input_files/record_000649020.npy,0,Scratch,0.4071877598762512,ABSTAIN,GREEN,False,ABSTAIN,False,All immediate drift features are within limits.
1,record_000649760:0,artifacts/input_files/record_000649760.npy,0,Normal,0.9999643564224243,AUTO_ACCEPT,GREEN,False,AUTO_ACCEPT,False,All immediate drift features are within limits.
1,record_000649864:0,artifacts/input_files/record_000649864.npy,0,Normal,0.98544842004776,AUTO_ACCEPT,GREEN,False,AUTO_ACCEPT,False,All immediate drift features are within limits.
1,record_000649870:0,artifacts/input_files/record_000649870.npy,0,Normal,0.9999959468841553,AUTO_ACCEPT,GREEN,False,AUTO_ACCEPT,False,All immediate drift features are within limits.
1,record_000649879:0,artifacts/input_files/record_000649879.npy,0,Normal,0.967232346534729,AUTO_ACCEPT,GREEN,False,AUTO_ACCEPT,False,All immediate drift features are within limits.
1,record_000650006:0,artifacts/input_files/record_000650006.npy,0,Normal,0.9999817609786987,AUTO_ACCEPT,GREEN,False,AUTO_ACCEPT,False,All immediate drift features are within limits.
1,record_000650229:0,artifacts/input_files/record_000650229.npy,0,Normal,0.9999796152114868,AUTO_ACCEPT,GREEN,False,AUTO_ACCEPT,False,All immediate drift features are within limits.
1,record_000650371:0,artifacts/input_files/record_000650371.npy,0,Normal,0.9992714524269104,AUTO_ACCEPT,GREEN,False,AUTO_ACCEPT,False,All immediate drift features are within limits.
1,record_000650384:0,artifacts/input_files/record_000650384.npy,0,Loc,0.7335312962532043,ABSTAIN,GREEN,False,ABSTAIN,False,All immediate drift features are within limits.
1,record_000650386:0,artifacts/input_files/record_000650386.npy,0,Normal,0.9978308081626892,AUTO_ACCEPT,GREEN,False,AUTO_ACCEPT,False,All immediate drift features are within limits.
1,record_000650704:0,artifacts/input_files/record_000650704.npy,0,Normal,0.9999871253967285,AUTO_ACCEPT,GREEN,False,AUTO_ACCEPT,False,All immediate drift features are within limits.
1,record_000650714:0,artifacts/input_files/record_000650714.npy,0,Normal,0.9999940395355225,AUTO_ACCEPT,GREEN,False,AUTO_ACCEPT,False,All immediate drift features are within limits.
1,record_000650799:0,artifacts/input_files/record_000650799.npy,0,Normal,0.9999749660491943,AUTO_ACCEPT,GREEN,False,AUTO_ACCEPT,False,All immediate drift features are within limits.
1,record_000651233:0,artifacts/input_files/record_000651233.npy,0,Normal,0.6285080313682556,ABSTAIN,GREEN,False,ABSTAIN,False,All immediate drift features are within limits.
1,record_000651236:0,artifacts/input_files/record_000651236.npy,0,Edge-Loc,0.9457323551177979,ENGINEER_REVIEW,GREEN,False,ENGINEER_REVIEW,False,All immediate drift features are within limits.
1,record_000651266:0,artifacts/input_files/record_000651266.npy,0,Normal,0.9999908208847046,AUTO_ACCEPT,GREEN,False,AUTO_ACCEPT,False,All immediate drift features are within limits.
1,record_000651351:0,artifacts/input_files/record_000651351.npy,0,Normal,0.9983512163162231,AUTO_ACCEPT,GREEN,False,AUTO_ACCEPT,False,All immediate drift features are within limits.
1,record_000651360:0,artifacts/input_files/record_000651360.npy,0,Normal,0.9993330836296082,AUTO_ACCEPT,GREEN,False,AUTO_ACCEPT,False,All immediate drift features are within limits.
1,record_000651445:0,artifacts/input_files/record_000651445.npy,0,Normal,0.9999949932098389,AUTO_ACCEPT,GREEN,False,AUTO_ACCEPT,False,All immediate drift features are within limits.
1,record_000651452:0,artifacts/input_files/record_000651452.npy,0,Normal,0.9997220635414124,AUTO_ACCEPT,GREEN,False,AUTO_ACCEPT,False,All immediate drift features are within limits.
1,record_000651453:0,artifacts/input_files/record_000651453.npy,0,Normal,0.9999463558197021,AUTO_ACCEPT,GREEN,False,AUTO_ACCEPT,False,All immediate drift features are within limits.
1,record_000651719:0,artifacts/input_files/record_000651719.npy,0,Normal,0.9999772310256958,AUTO_ACCEPT,GREEN,False,AUTO_ACCEPT,False,All immediate drift features are within limits.
1,record_000651797:0,artifacts/input_files/record_000651797.npy,0,Normal,0.9889423847198486,AUTO_ACCEPT,GREEN,False,AUTO_ACCEPT,False,All immediate drift features are within limits.
1,record_000651800:0,artifacts/input_files/record_000651800.npy,0,Normal,0.444192498922348,ABSTAIN,GREEN,False,ABSTAIN,False,All immediate drift features are within limits.
1,record_000651862:0,artifacts/input_files/record_000651862.npy,0,Normal,0.9995562434196472,AUTO_ACCEPT,GREEN,False,AUTO_ACCEPT,False,All immediate drift features are within limits.
1,record_000652852:0,artifacts/input_files/record_000652852.npy,0,Edge-Loc,0.5478276610374451,ABSTAIN,GREEN,False,ABSTAIN,False,All immediate drift features are within limits.
1,record_000652891:0,artifacts/input_files/record_000652891.npy,0,Normal,0.9997768998146057,AUTO_ACCEPT,GREEN,False,AUTO_ACCEPT,False,All immediate drift features are within limits.
1,record_000653028:0,artifacts/input_files/record_000653028.npy,0,Normal,0.9998868703842163,AUTO_ACCEPT,GREEN,False,AUTO_ACCEPT,False,All immediate drift features are within limits.
1,record_000653040:0,artifacts/input_files/record_000653040.npy,0,Normal,0.7986695766448975,ENGINEER_REVIEW,GREEN,False,ENGINEER_REVIEW,False,All immediate drift features are within limits.
1,record_000653044:0,artifacts/input_files/record_000653044.npy,0,Normal,0.8131365180015564,ENGINEER_REVIEW,GREEN,False,ENGINEER_REVIEW,False,All immediate drift features are within limits.
1,record_000653281:0,artifacts/input_files/record_000653281.npy,0,Normal,0.999953031539917,AUTO_ACCEPT,GREEN,False,AUTO_ACCEPT,False,All immediate drift features are within limits.
1,record_000653510:0,artifacts/input_files/record_000653510.npy,0,Normal,0.99998939037323,AUTO_ACCEPT,GREEN,False,AUTO_ACCEPT,False,All immediate drift features are within limits.
1,record_000653516:0,artifacts/input_files/record_000653516.npy,0,Normal,0.9999803304672241,AUTO_ACCEPT,GREEN,False,AUTO_ACCEPT,False,All immediate drift features are within limits.
1,record_000653554:0,artifacts/input_files/record_000653554.npy,0,Normal,0.9999724626541138,AUTO_ACCEPT,GREEN,False,AUTO_ACCEPT,False,All immediate drift features are within limits.
1,record_000653567:0,artifacts/input_files/record_000653567.npy,0,Normal,0.9956081509590149,AUTO_ACCEPT,GREEN,False,AUTO_ACCEPT,False,All immediate drift features are within limits.
1,record_000653900:0,artifacts/input_files/record_000653900.npy,0,Normal,0.9999668598175049,AUTO_ACCEPT,GREEN,False,AUTO_ACCEPT,False,All immediate drift features are within limits.
1,record_000654430:0,artifacts/input_files/record_000654430.npy,0,Normal,0.9972783923149109,AUTO_ACCEPT,GREEN,False,AUTO_ACCEPT,False,All immediate drift features are within limits.
1,record_000654434:0,artifacts/input_files/record_000654434.npy,0,Normal,0.9998352527618408,AUTO_ACCEPT,GREEN,False,AUTO_ACCEPT,False,All immediate drift features are within limits.
1,record_000654438:0,artifacts/input_files/record_000654438.npy,0,Normal,0.9999088048934937,AUTO_ACCEPT,GREEN,False,AUTO_ACCEPT,False,All immediate drift features are within limits.
1,record_000654442:0,artifacts/input_files/record_000654442.npy,0,Normal,0.9999740123748779,AUTO_ACCEPT,GREEN,False,AUTO_ACCEPT,False,All immediate drift features are within limits.
1,record_000654717:0,artifacts/input_files/record_000654717.npy,0,Normal,0.9986751675605774,AUTO_ACCEPT,GREEN,False,AUTO_ACCEPT,False,All immediate drift features are within limits.
1,record_000654726:0,artifacts/input_files/record_000654726.npy,0,Normal,0.9999908208847046,AUTO_ACCEPT,GREEN,False,AUTO_ACCEPT,False,All immediate drift features are within limits.
1,record_000655169:0,artifacts/input_files/record_000655169.npy,0,Normal,0.9998217225074768,AUTO_ACCEPT,GREEN,False,AUTO_ACCEPT,False,All immediate drift features are within limits.
1,record_000655222:0,artifacts/input_files/record_000655222.npy,0,Normal,0.9996697902679443,AUTO_ACCEPT,GREEN,False,AUTO_ACCEPT,False,All immediate drift features are within limits.
1,record_000655235:0,artifacts/input_files/record_000655235.npy,0,Normal,0.9999263286590576,AUTO_ACCEPT,GREEN,False,AUTO_ACCEPT,False,All immediate drift features are within limits.
1,record_000655962:0,artifacts/input_files/record_000655962.npy,0,Normal,0.5200879573822021,ABSTAIN,GREEN,False,ABSTAIN,False,All immediate drift features are within limits.
1,record_000655969:0,artifacts/input_files/record_000655969.npy,0,Normal,0.9999878406524658,AUTO_ACCEPT,GREEN,False,AUTO_ACCEPT,False,All immediate drift features are within limits.
1,record_000656535:0,artifacts/input_files/record_000656535.npy,0,Normal,0.9999549388885498,AUTO_ACCEPT,GREEN,False,AUTO_ACCEPT,False,All immediate drift features are within limits.
1,record_000656538:0,artifacts/input_files/record_000656538.npy,0,Normal,0.9998643398284912,AUTO_ACCEPT,GREEN,False,AUTO_ACCEPT,False,All immediate drift features are within limits.
1,record_000657045:0,artifacts/input_files/record_000657045.npy,0,Normal,0.9999970197677612,AUTO_ACCEPT,GREEN,False,AUTO_ACCEPT,False,All immediate drift features are within limits.
1,record_000657050:0,artifacts/input_files/record_000657050.npy,0,Normal,0.9999549388885498,AUTO_ACCEPT,GREEN,False,AUTO_ACCEPT,False,All immediate drift features are within limits.
1,record_000657058:0,artifacts/input_files/record_000657058.npy,0,Normal,0.9999376535415649,AUTO_ACCEPT,GREEN,False,AUTO_ACCEPT,False,All immediate drift features are within limits.
1,record_000657137:0,artifacts/input_files/record_000657137.npy,0,Normal,0.9999147653579712,AUTO_ACCEPT,GREEN,False,AUTO_ACCEPT,False,All immediate drift features are within limits.
1,record_000657152:0,artifacts/input_files/record_000657152.npy,0,Normal,0.9714406728744507,AUTO_ACCEPT,GREEN,False,AUTO_ACCEPT,False,All immediate drift features are within limits.
1,record_000657178:0,artifacts/input_files/record_000657178.npy,0,Normal,0.9982755184173584,AUTO_ACCEPT,GREEN,False,AUTO_ACCEPT,False,All immediate drift features are within limits.
1,record_000657566:0,artifacts/input_files/record_000657566.npy,0,Normal,0.9999221563339233,AUTO_ACCEPT,GREEN,False,AUTO_ACCEPT,False,All immediate drift features are within limits.
1,record_000657959:0,artifacts/input_files/record_000657959.npy,0,Normal,0.963184654712677,AUTO_ACCEPT,GREEN,False,AUTO_ACCEPT,False,All immediate drift features are within limits.
1,record_000658066:0,artifacts/input_files/record_000658066.npy,0,Normal,0.9999176263809204,AUTO_ACCEPT,GREEN,False,AUTO_ACCEPT,False,All immediate drift features are within limits.
1,record_000658676:0,artifacts/input_files/record_000658676.npy,0,Normal,0.9999450445175171,AUTO_ACCEPT,GREEN,False,AUTO_ACCEPT,False,All immediate drift features are within limits.
1,record_000658693:0,artifacts/input_files/record_000658693.npy,0,Normal,0.9942954182624817,AUTO_ACCEPT,GREEN,False,AUTO_ACCEPT,False,All immediate drift features are within limits.
1,record_000658774:0,artifacts/input_files/record_000658774.npy,0,Normal,0.9999562501907349,AUTO_ACCEPT,GREEN,False,AUTO_ACCEPT,False,All immediate drift features are within limits.
1,record_000658871:0,artifacts/input_files/record_000658871.npy,0,Normal,0.9642167687416077,AUTO_ACCEPT,GREEN,False,AUTO_ACCEPT,False,All immediate drift features are within limits.
1,record_000659450:0,artifacts/input_files/record_000659450.npy,0,Normal,0.9997138381004333,AUTO_ACCEPT,GREEN,False,AUTO_ACCEPT,False,All immediate drift features are within limits.
1,record_000659461:0,artifacts/input_files/record_000659461.npy,0,Normal,0.9999951124191284,AUTO_ACCEPT,GREEN,False,AUTO_ACCEPT,False,All immediate drift features are within limits.
1,record_000659626:0,artifacts/input_files/record_000659626.npy,0,Normal,0.9999241828918457,AUTO_ACCEPT,GREEN,False,AUTO_ACCEPT,False,All immediate drift features are within limits.
1,record_000660289:0,artifacts/input_files/record_000660289.npy,0,Normal,0.9999748468399048,AUTO_ACCEPT,GREEN,False,AUTO_ACCEPT,False,All immediate drift features are within limits.
1,record_000660501:0,artifacts/input_files/record_000660501.npy,0,Normal,0.9999961853027344,AUTO_ACCEPT,GREEN,False,AUTO_ACCEPT,False,All immediate drift features are within limits.
1,record_000675090:0,artifacts/input_files/record_000675090.npy,0,Normal,0.9997666478157043,AUTO_ACCEPT,GREEN,False,AUTO_ACCEPT,False,All immediate drift features are within limits.
1,record_000675296:0,artifacts/input_files/record_000675296.npy,0,Normal,0.9998970031738281,AUTO_ACCEPT,GREEN,False,AUTO_ACCEPT,False,All immediate drift features are within limits.
1,record_000676144:0,artifacts/input_files/record_000676144.npy,0,Normal,0.9999788999557495,AUTO_ACCEPT,GREEN,False,AUTO_ACCEPT,False,All immediate drift features are within limits.
1,record_000676945:0,artifacts/input_files/record_000676945.npy,0,Normal,0.9999480247497559,AUTO_ACCEPT,GREEN,False,AUTO_ACCEPT,False,All immediate drift features are within limits.
1,record_000677024:0,artifacts/input_files/record_000677024.npy,0,Normal,0.9929063320159912,AUTO_ACCEPT,GREEN,False,AUTO_ACCEPT,False,All immediate drift features are within limits.
1,record_000677032:0,artifacts/input_files/record_000677032.npy,0,Normal,0.9989007711410522,AUTO_ACCEPT,GREEN,False,AUTO_ACCEPT,False,All immediate drift features are within limits.
1,record_000677035:0,artifacts/input_files/record_000677035.npy,0,Normal,0.9999642372131348,AUTO_ACCEPT,GREEN,False,AUTO_ACCEPT,False,All immediate drift features are within limits.
1,record_000677234:0,artifacts/input_files/record_000677234.npy,0,Normal,0.9999974966049194,AUTO_ACCEPT,GREEN,False,AUTO_ACCEPT,False,All immediate drift features are within limits.
1,record_000677236:0,artifacts/input_files/record_000677236.npy,0,Normal,0.9996650218963623,AUTO_ACCEPT,GREEN,False,AUTO_ACCEPT,False,All immediate drift features are within limits.
1,record_000677238:0,artifacts/input_files/record_000677238.npy,0,Normal,0.9998923540115356,AUTO_ACCEPT,GREEN,False,AUTO_ACCEPT,False,All immediate drift features are within limits.
1,record_000677240:0,artifacts/input_files/record_000677240.npy,0,Normal,0.99333655834198,AUTO_ACCEPT,GREEN,False,AUTO_ACCEPT,False,All immediate drift features are within limits.
1,record_000677257:0,artifacts/input_files/record_000677257.npy,0,Normal,0.999991774559021,AUTO_ACCEPT,GREEN,False,AUTO_ACCEPT,False,All immediate drift features are within limits.
1,record_000677318:0,artifacts/input_files/record_000677318.npy,0,Normal,0.9806661009788513,AUTO_ACCEPT,GREEN,False,AUTO_ACCEPT,False,All immediate drift features are within limits.
1,record_000677330:0,artifacts/input_files/record_000677330.npy,0,Normal,0.9997743964195251,AUTO_ACCEPT,GREEN,False,AUTO_ACCEPT,False,All immediate drift features are within limits.
1,record_000677547:0,artifacts/input_files/record_000677547.npy,0,Normal,0.991081714630127,AUTO_ACCEPT,GREEN,False,AUTO_ACCEPT,False,All immediate drift features are within limits.
1,record_000677550:0,artifacts/input_files/record_000677550.npy,0,Normal,0.9999310970306396,AUTO_ACCEPT,GREEN,False,AUTO_ACCEPT,False,All immediate drift features are within limits.
1,record_000677564:0,artifacts/input_files/record_000677564.npy,0,Normal,0.9998306035995483,AUTO_ACCEPT,GREEN,False,AUTO_ACCEPT,False,All immediate drift features are within limits.
1,record_000677620:0,artifacts/input_files/record_000677620.npy,0,Normal,0.9999752044677734,AUTO_ACCEPT,GREEN,False,AUTO_ACCEPT,False,All immediate drift features are within limits.
1,record_000677634:0,artifacts/input_files/record_000677634.npy,0,Normal,0.9999263286590576,AUTO_ACCEPT,GREEN,False,AUTO_ACCEPT,False,All immediate drift features are within limits.
1,record_000677705:0,artifacts/input_files/record_000677705.npy,0,Normal,0.9996896982192993,AUTO_ACCEPT,GREEN,False,AUTO_ACCEPT,False,All immediate drift features are within limits.
1,record_000677707:0,artifacts/input_files/record_000677707.npy,0,Normal,0.9999531507492065,AUTO_ACCEPT,GREEN,False,AUTO_ACCEPT,False,All immediate drift features are within limits.
1,record_000678234:0,artifacts/input_files/record_000678234.npy,0,Normal,0.9999864101409912,AUTO_ACCEPT,GREEN,False,AUTO_ACCEPT,False,All immediate drift features are within limits.
1,record_000678747:0,artifacts/input_files/record_000678747.npy,0,Edge-Loc,0.6412919759750366,ABSTAIN,GREEN,False,ABSTAIN,False,All immediate drift features are within limits.
1,record_000678767:0,artifacts/input_files/record_000678767.npy,0,Normal,0.999281108379364,AUTO_ACCEPT,GREEN,False,AUTO_ACCEPT,False,All immediate drift features are within limits.
1,record_000678786:0,artifacts/input_files/record_000678786.npy,0,Normal,0.9999581575393677,AUTO_ACCEPT,GREEN,False,AUTO_ACCEPT,False,All immediate drift features are within limits.
1,record_000678854:0,artifacts/input_files/record_000678854.npy,0,Normal,0.9986383318901062,AUTO_ACCEPT,GREEN,False,AUTO_ACCEPT,False,All immediate drift features are within limits.
1,record_000679280:0,artifacts/input_files/record_000679280.npy,0,Normal,0.9999555349349976,AUTO_ACCEPT,GREEN,False,AUTO_ACCEPT,False,All immediate drift features are within limits.
1,record_000679294:0,artifacts/input_files/record_000679294.npy,0,Normal,0.9999358654022217,AUTO_ACCEPT,GREEN,False,AUTO_ACCEPT,False,All immediate drift features are within limits.
1,record_000679382:0,artifacts/input_files/record_000679382.npy,0,Normal,0.9999843835830688,AUTO_ACCEPT,GREEN,False,AUTO_ACCEPT,False,All immediate drift features are within limits.
1,record_000679767:0,artifacts/input_files/record_000679767.npy,0,Normal,0.9999173879623413,AUTO_ACCEPT,GREEN,False,AUTO_ACCEPT,False,All immediate drift features are within limits.
1,record_000680686:0,artifacts/input_files/record_000680686.npy,0,Loc,0.6092150211334229,ABSTAIN,GREEN,False,ABSTAIN,False,All immediate drift features are within limits.
1,record_000680902:0,artifacts/input_files/record_000680902.npy,0,Normal,0.9999611377716064,AUTO_ACCEPT,GREEN,False,AUTO_ACCEPT,False,All immediate drift features are within limits.
1,record_000681008:0,artifacts/input_files/record_000681008.npy,0,Normal,0.9999220371246338,AUTO_ACCEPT,GREEN,False,AUTO_ACCEPT,False,All immediate drift features are within limits.
1,record_000681009:0,artifacts/input_files/record_000681009.npy,0,Scratch,0.9087035059928894,ENGINEER_REVIEW,GREEN,False,ENGINEER_REVIEW,False,All immediate drift features are within limits.
1,record_000681013:0,artifacts/input_files/record_000681013.npy,0,Normal,0.9999164342880249,AUTO_ACCEPT,GREEN,False,AUTO_ACCEPT,False,All immediate drift features are within limits.
1,record_000681924:0,artifacts/input_files/record_000681924.npy,0,Normal,0.9998947381973267,AUTO_ACCEPT,GREEN,False,AUTO_ACCEPT,False,All immediate drift features are within limits.
1,record_000681953:0,artifacts/input_files/record_000681953.npy,0,Normal,0.9994381070137024,AUTO_ACCEPT,GREEN,False,AUTO_ACCEPT,False,All immediate drift features are within limits.
1,record_000681976:0,artifacts/input_files/record_000681976.npy,0,Normal,0.9324267506599426,ENGINEER_REVIEW,GREEN,False,ENGINEER_REVIEW,False,All immediate drift features are within limits.
1,record_000682396:0,artifacts/input_files/record_000682396.npy,0,Normal,0.9999788999557495,AUTO_ACCEPT,GREEN,False,AUTO_ACCEPT,False,All immediate drift features are within limits.
1,record_000682655:0,artifacts/input_files/record_000682655.npy,0,Normal,0.9999810457229614,AUTO_ACCEPT,GREEN,False,AUTO_ACCEPT,False,All immediate drift features are within limits.
1,record_000683446:0,artifacts/input_files/record_000683446.npy,0,Normal,0.9999657869338989,AUTO_ACCEPT,GREEN,False,AUTO_ACCEPT,False,All immediate drift features are within limits.
1,record_000683582:0,artifacts/input_files/record_000683582.npy,0,Normal,0.9999475479125977,AUTO_ACCEPT,GREEN,False,AUTO_ACCEPT,False,All immediate drift features are within limits.
1,record_000683588:0,artifacts/input_files/record_000683588.npy,0,Normal,0.9999098777770996,AUTO_ACCEPT,GREEN,False,AUTO_ACCEPT,False,All immediate drift features are within limits.
1,record_000683601:0,artifacts/input_files/record_000683601.npy,0,Normal,0.9098082780838013,ENGINEER_REVIEW,GREEN,False,ENGINEER_REVIEW,False,All immediate drift features are within limits.
1,record_000683892:0,artifacts/input_files/record_000683892.npy,0,Edge-Loc,0.9444402456283569,ENGINEER_REVIEW,GREEN,False,ENGINEER_REVIEW,False,All immediate drift features are within limits.
1,record_000684008:0,artifacts/input_files/record_000684008.npy,0,Normal,0.9942252039909363,AUTO_ACCEPT,GREEN,False,AUTO_ACCEPT,False,All immediate drift features are within limits.
1,record_000684255:0,artifacts/input_files/record_000684255.npy,0,Normal,0.8566827774047852,ENGINEER_REVIEW,GREEN,False,ENGINEER_REVIEW,False,All immediate drift features are within limits.
1,record_000684267:0,artifacts/input_files/record_000684267.npy,0,Normal,0.9986510872840881,AUTO_ACCEPT,GREEN,False,AUTO_ACCEPT,False,All immediate drift features are within limits.
1,record_000684303:0,artifacts/input_files/record_000684303.npy,0,Normal,0.999448835849762,AUTO_ACCEPT,GREEN,False,AUTO_ACCEPT,False,All immediate drift features are within limits.
1,record_000684310:0,artifacts/input_files/record_000684310.npy,0,Normal,0.9994712471961975,AUTO_ACCEPT,GREEN,False,AUTO_ACCEPT,False,All immediate drift features are within limits.
1,record_000684327:0,artifacts/input_files/record_000684327.npy,0,Normal,0.9993062019348145,AUTO_ACCEPT,GREEN,False,AUTO_ACCEPT,False,All immediate drift features are within limits.
1,record_000685053:0,artifacts/input_files/record_000685053.npy,0,Normal,0.9994378685951233,AUTO_ACCEPT,GREEN,False,AUTO_ACCEPT,False,All immediate drift features are within limits.
1,record_000685151:0,artifacts/input_files/record_000685151.npy,0,Normal,0.9998185038566589,AUTO_ACCEPT,GREEN,False,AUTO_ACCEPT,False,All immediate drift features are within limits.
1,record_000685462:0,artifacts/input_files/record_000685462.npy,0,Normal,0.9990866184234619,AUTO_ACCEPT,GREEN,False,AUTO_ACCEPT,False,All immediate drift features are within limits.
1,record_000685651:0,artifacts/input_files/record_000685651.npy,0,Normal,0.9992086291313171,AUTO_ACCEPT,GREEN,False,AUTO_ACCEPT,False,All immediate drift features are within limits.
1,record_000685675:0,artifacts/input_files/record_000685675.npy,0,Normal,0.9993299245834351,AUTO_ACCEPT,GREEN,False,AUTO_ACCEPT,False,All immediate drift features are within limits.
1,record_000685962:0,artifacts/input_files/record_000685962.npy,0,Normal,0.9994888305664062,AUTO_ACCEPT,GREEN,False,AUTO_ACCEPT,False,All immediate drift features are within limits.
1,record_000686336:0,artifacts/input_files/record_000686336.npy,0,Normal,0.9991905093193054,AUTO_ACCEPT,GREEN,False,AUTO_ACCEPT,False,All immediate drift features are within limits.
1,record_000686443:0,artifacts/input_files/record_000686443.npy,0,Normal,0.999537467956543,AUTO_ACCEPT,GREEN,False,AUTO_ACCEPT,False,All immediate drift features are within limits.
1,record_000686754:0,artifacts/input_files/record_000686754.npy,0,Normal,0.9995166063308716,AUTO_ACCEPT,GREEN,False,AUTO_ACCEPT,False,All immediate drift features are within limits.
1,record_000686797:0,artifacts/input_files/record_000686797.npy,0,Normal,0.9994008541107178,AUTO_ACCEPT,GREEN,False,AUTO_ACCEPT,False,All immediate drift features are within limits.
1,record_000686813:0,artifacts/input_files/record_000686813.npy,0,Normal,0.9997535347938538,AUTO_ACCEPT,GREEN,False,AUTO_ACCEPT,False,All immediate drift features are within limits.
1,record_000686960:0,artifacts/input_files/record_000686960.npy,0,Normal,0.9996880292892456,AUTO_ACCEPT,GREEN,False,AUTO_ACCEPT,False,All immediate drift features are within limits.
1,record_000687229:0,artifacts/input_files/record_000687229.npy,0,Normal,0.9995858073234558,AUTO_ACCEPT,GREEN,False,AUTO_ACCEPT,False,All immediate drift features are within limits.
1,record_000687414:0,artifacts/input_files/record_000687414.npy,0,Normal,0.9993533492088318,AUTO_ACCEPT,GREEN,False,AUTO_ACCEPT,False,All immediate drift features are within limits.
1,record_000687514:0,artifacts/input_files/record_000687514.npy,0,Normal,0.9997866749763489,AUTO_ACCEPT,GREEN,False,AUTO_ACCEPT,False,All immediate drift features are within limits.
1,record_000688105:0,artifacts/input_files/record_000688105.npy,0,Normal,0.9996973276138306,AUTO_ACCEPT,GREEN,False,AUTO_ACCEPT,False,All immediate drift features are within limits.
1,record_000688483:0,artifacts/input_files/record_000688483.npy,0,Normal,0.9988240599632263,AUTO_ACCEPT,GREEN,False,AUTO_ACCEPT,False,All immediate drift features are within limits.
1,record_000688488:0,artifacts/input_files/record_000688488.npy,0,Normal,0.9995880722999573,AUTO_ACCEPT,GREEN,False,AUTO_ACCEPT,False,All immediate drift features are within limits.
1,record_000688503:0,artifacts/input_files/record_000688503.npy,0,Normal,0.9996838569641113,AUTO_ACCEPT,GREEN,False,AUTO_ACCEPT,False,All immediate drift features are within limits.
1,record_000688506:0,artifacts/input_files/record_000688506.npy,0,Normal,0.9997149109840393,AUTO_ACCEPT,GREEN,False,AUTO_ACCEPT,False,All immediate drift features are within limits.
1,record_000688511:0,artifacts/input_files/record_000688511.npy,0,Normal,0.9988788962364197,AUTO_ACCEPT,GREEN,False,AUTO_ACCEPT,False,All immediate drift features are within limits.
1,record_000688792:0,artifacts/input_files/record_000688792.npy,0,Normal,0.99979168176651,AUTO_ACCEPT,GREEN,False,AUTO_ACCEPT,False,All immediate drift features are within limits.
1,record_000688807:0,artifacts/input_files/record_000688807.npy,0,Normal,0.9993509650230408,AUTO_ACCEPT,GREEN,False,AUTO_ACCEPT,False,All immediate drift features are within limits.
1,record_000688869:0,artifacts/input_files/record_000688869.npy,0,Normal,0.9986252784729004,AUTO_ACCEPT,GREEN,False,AUTO_ACCEPT,False,All immediate drift features are within limits.
1,record_000688874:0,artifacts/input_files/record_000688874.npy,0,Normal,0.9992188215255737,AUTO_ACCEPT,GREEN,False,AUTO_ACCEPT,False,All immediate drift features are within limits.
1,record_000688946:0,artifacts/input_files/record_000688946.npy,0,Normal,0.9994148015975952,AUTO_ACCEPT,GREEN,False,AUTO_ACCEPT,False,All immediate drift features are within limits.
1,record_000688947:0,artifacts/input_files/record_000688947.npy,0,Normal,0.9964404702186584,AUTO_ACCEPT,GREEN,False,AUTO_ACCEPT,False,All immediate drift features are within limits.
1,record_000689320:0,artifacts/input_files/record_000689320.npy,0,Normal,0.999839186668396,AUTO_ACCEPT,GREEN,False,AUTO_ACCEPT,False,All immediate drift features are within limits.
1,record_000689343:0,artifacts/input_files/record_000689343.npy,0,Normal,0.9977977275848389,AUTO_ACCEPT,GREEN,False,AUTO_ACCEPT,False,All immediate drift features are within limits.
1,record_000689557:0,artifacts/input_files/record_000689557.npy,0,Normal,0.999032735824585,AUTO_ACCEPT,GREEN,False,AUTO_ACCEPT,False,All immediate drift features are within limits.
1,record_000689603:0,artifacts/input_files/record_000689603.npy,0,Normal,0.999309778213501,AUTO_ACCEPT,GREEN,False,AUTO_ACCEPT,False,All immediate drift features are within limits.
1,record_000689622:0,artifacts/input_files/record_000689622.npy,0,Normal,0.9996094107627869,AUTO_ACCEPT,GREEN,False,AUTO_ACCEPT,False,All immediate drift features are within limits.
1,record_000689736:0,artifacts/input_files/record_000689736.npy,0,Loc,0.6338327527046204,ABSTAIN,GREEN,False,ABSTAIN,False,All immediate drift features are within limits.
1,record_000689995:0,artifacts/input_files/record_000689995.npy,0,Normal,0.9994462132453918,AUTO_ACCEPT,GREEN,False,AUTO_ACCEPT,False,All immediate drift features are within limits.
1,record_000690089:0,artifacts/input_files/record_000690089.npy,0,Normal,0.9998818635940552,AUTO_ACCEPT,GREEN,False,AUTO_ACCEPT,False,All immediate drift features are within limits.
1,record_000690090:0,artifacts/input_files/record_000690090.npy,0,Normal,0.9998947381973267,AUTO_ACCEPT,GREEN,False,AUTO_ACCEPT,False,All immediate drift features are within limits.
1,record_000690106:0,artifacts/input_files/record_000690106.npy,0,Normal,0.9998897314071655,AUTO_ACCEPT,GREEN,False,AUTO_ACCEPT,False,All immediate drift features are within limits.
1,record_000690108:0,artifacts/input_files/record_000690108.npy,0,Normal,0.9997062087059021,AUTO_ACCEPT,GREEN,False,AUTO_ACCEPT,False,All immediate drift features are within limits.
1,record_000690598:0,artifacts/input_files/record_000690598.npy,0,Normal,0.9998810291290283,AUTO_ACCEPT,GREEN,False,AUTO_ACCEPT,False,All immediate drift features are within limits.
1,record_000690616:0,artifacts/input_files/record_000690616.npy,0,Normal,0.9999473094940186,AUTO_ACCEPT,GREEN,False,AUTO_ACCEPT,False,All immediate drift features are within limits.
1,record_000691046:0,artifacts/input_files/record_000691046.npy,0,Edge-Loc,0.9448037147521973,ENGINEER_REVIEW,GREEN,False,ENGINEER_REVIEW,False,All immediate drift features are within limits.
1,record_000691055:0,artifacts/input_files/record_000691055.npy,0,Normal,0.9057904481887817,ENGINEER_REVIEW,GREEN,False,ENGINEER_REVIEW,False,All immediate drift features are within limits.
1,record_000691064:0,artifacts/input_files/record_000691064.npy,0,Normal,0.9996132254600525,AUTO_ACCEPT,GREEN,False,AUTO_ACCEPT,False,All immediate drift features are within limits.
1,record_000691926:0,artifacts/input_files/record_000691926.npy,0,Normal,0.9998562335968018,AUTO_ACCEPT,GREEN,False,AUTO_ACCEPT,False,All immediate drift features are within limits.
1,record_000692151:0,artifacts/input_files/record_000692151.npy,0,Normal,0.9998248219490051,AUTO_ACCEPT,GREEN,False,AUTO_ACCEPT,False,All immediate drift features are within limits.
1,record_000692159:0,artifacts/input_files/record_000692159.npy,0,Normal,0.9975225329399109,AUTO_ACCEPT,GREEN,False,AUTO_ACCEPT,False,All immediate drift features are within limits.
1,record_000692859:0,artifacts/input_files/record_000692859.npy,0,Normal,0.999829888343811,AUTO_ACCEPT,GREEN,False,AUTO_ACCEPT,False,All immediate drift features are within limits.
1,record_000693004:0,artifacts/input_files/record_000693004.npy,0,Normal,0.9991851449012756,AUTO_ACCEPT,GREEN,False,AUTO_ACCEPT,False,All immediate drift features are within limits.
1,record_000693392:0,artifacts/input_files/record_000693392.npy,0,Normal,0.9995410442352295,AUTO_ACCEPT,GREEN,False,AUTO_ACCEPT,False,All immediate drift features are within limits.
1,record_000693581:0,artifacts/input_files/record_000693581.npy,0,Normal,0.9965779185295105,AUTO_ACCEPT,GREEN,False,AUTO_ACCEPT,False,All immediate drift features are within limits.
1,record_000693592:0,artifacts/input_files/record_000693592.npy,0,Normal,0.9995092153549194,AUTO_ACCEPT,GREEN,False,AUTO_ACCEPT,False,All immediate drift features are within limits.
1,record_000694178:0,artifacts/input_files/record_000694178.npy,0,Normal,0.999760091304779,AUTO_ACCEPT,GREEN,False,AUTO_ACCEPT,False,All immediate drift features are within limits.
1,record_000694179:0,artifacts/input_files/record_000694179.npy,0,Normal,0.998376727104187,AUTO_ACCEPT,GREEN,False,AUTO_ACCEPT,False,All immediate drift features are within limits.
1,record_000694187:0,artifacts/input_files/record_000694187.npy,0,Normal,0.9993348717689514,AUTO_ACCEPT,GREEN,False,AUTO_ACCEPT,False,All immediate drift features are within limits.
1,record_000694188:0,artifacts/input_files/record_000694188.npy,0,Normal,0.9997085928916931,AUTO_ACCEPT,GREEN,False,AUTO_ACCEPT,False,All immediate drift features are within limits.
1,record_000694192:0,artifacts/input_files/record_000694192.npy,0,Normal,0.9990878105163574,AUTO_ACCEPT,GREEN,False,AUTO_ACCEPT,False,All immediate drift features are within limits.
1,record_000694311:0,artifacts/input_files/record_000694311.npy,0,Normal,0.9991656541824341,AUTO_ACCEPT,GREEN,False,AUTO_ACCEPT,False,All immediate drift features are within limits.
1,record_000694477:0,artifacts/input_files/record_000694477.npy,0,Normal,0.9981465339660645,AUTO_ACCEPT,GREEN,False,AUTO_ACCEPT,False,All immediate drift features are within limits.
1,record_000694545:0,artifacts/input_files/record_000694545.npy,0,Normal,0.681728720664978,ABSTAIN,GREEN,False,ABSTAIN,False,All immediate drift features are within limits.
1,record_000694902:0,artifacts/input_files/record_000694902.npy,0,Normal,0.9999841451644897,AUTO_ACCEPT,GREEN,False,AUTO_ACCEPT,False,All immediate drift features are within limits.
1,record_000694903:0,artifacts/input_files/record_000694903.npy,0,Normal,0.9999884366989136,AUTO_ACCEPT,GREEN,False,AUTO_ACCEPT,False,All immediate drift features are within limits.
1,record_000694927:0,artifacts/input_files/record_000694927.npy,0,Normal,0.9999097585678101,AUTO_ACCEPT,GREEN,False,AUTO_ACCEPT,False,All immediate drift features are within limits.
1,record_000695484:0,artifacts/input_files/record_000695484.npy,0,Normal,0.7235478758811951,ABSTAIN,GREEN,False,ABSTAIN,False,All immediate drift features are within limits.
1,record_000695707:0,artifacts/input_files/record_000695707.npy,0,Normal,0.9977418184280396,AUTO_ACCEPT,GREEN,False,AUTO_ACCEPT,False,All immediate drift features are within limits.
1,record_000695708:0,artifacts/input_files/record_000695708.npy,0,Normal,0.9957427382469177,AUTO_ACCEPT,GREEN,False,AUTO_ACCEPT,False,All immediate drift features are within limits.
1,record_000695851:0,artifacts/input_files/record_000695851.npy,0,Normal,0.9928503036499023,AUTO_ACCEPT,GREEN,False,AUTO_ACCEPT,False,All immediate drift features are within limits.
1,record_000695853:0,artifacts/input_files/record_000695853.npy,0,Normal,0.9952961802482605,AUTO_ACCEPT,GREEN,False,AUTO_ACCEPT,False,All immediate drift features are within limits.
1,record_000695913:0,artifacts/input_files/record_000695913.npy,0,Normal,0.9998660087585449,AUTO_ACCEPT,GREEN,False,AUTO_ACCEPT,False,All immediate drift features are within limits.
1,record_000695925:0,artifacts/input_files/record_000695925.npy,0,Normal,0.999998927116394,AUTO_ACCEPT,GREEN,False,AUTO_ACCEPT,False,All immediate drift features are within limits.
1,record_000695946:0,artifacts/input_files/record_000695946.npy,0,Normal,0.9999912977218628,AUTO_ACCEPT,GREEN,False,AUTO_ACCEPT,False,All immediate drift features are within limits.
1,record_000696197:0,artifacts/input_files/record_000696197.npy,0,Normal,0.9995561242103577,AUTO_ACCEPT,GREEN,False,AUTO_ACCEPT,False,All immediate drift features are within limits.
1,record_000696199:0,artifacts/input_files/record_000696199.npy,0,Normal,0.9660559892654419,AUTO_ACCEPT,GREEN,False,AUTO_ACCEPT,False,All immediate drift features are within limits.
1,record_000696296:0,artifacts/input_files/record_000696296.npy,0,Normal,0.9787824749946594,AUTO_ACCEPT,GREEN,False,AUTO_ACCEPT,False,All immediate drift features are within limits.
1,record_000696426:0,artifacts/input_files/record_000696426.npy,0,Normal,0.866270124912262,ENGINEER_REVIEW,GREEN,False,ENGINEER_REVIEW,False,All immediate drift features are within limits.
1,record_000696487:0,artifacts/input_files/record_000696487.npy,0,Edge-Loc,0.48380014300346375,ABSTAIN,GREEN,False,ABSTAIN,False,All immediate drift features are within limits.
1,record_000696770:0,artifacts/input_files/record_000696770.npy,0,Normal,0.622352123260498,ABSTAIN,GREEN,False,ABSTAIN,False,All immediate drift features are within limits.
1,record_000697137:0,artifacts/input_files/record_000697137.npy,0,Normal,0.9963629841804504,AUTO_ACCEPT,GREEN,False,AUTO_ACCEPT,False,All immediate drift features are within limits.
1,record_000697145:0,artifacts/input_files/record_000697145.npy,0,Normal,0.9983115196228027,AUTO_ACCEPT,GREEN,False,AUTO_ACCEPT,False,All immediate drift features are within limits.
1,record_000697169:0,artifacts/input_files/record_000697169.npy,0,Normal,0.9997130036354065,AUTO_ACCEPT,GREEN,False,AUTO_ACCEPT,False,All immediate drift features are within limits.
1,record_000697251:0,artifacts/input_files/record_000697251.npy,0,Normal,0.9973546266555786,AUTO_ACCEPT,GREEN,False,AUTO_ACCEPT,False,All immediate drift features are within limits.
1,record_000697256:0,artifacts/input_files/record_000697256.npy,0,Normal,0.990565836429596,AUTO_ACCEPT,GREEN,False,AUTO_ACCEPT,False,All immediate drift features are within limits.
1,record_000697266:0,artifacts/input_files/record_000697266.npy,0,Normal,0.9996576309204102,AUTO_ACCEPT,GREEN,False,AUTO_ACCEPT,False,All immediate drift features are within limits.
1,record_000697951:0,artifacts/input_files/record_000697951.npy,0,Edge-Loc,0.9809793829917908,ENGINEER_REVIEW,GREEN,False,ENGINEER_REVIEW,False,All immediate drift features are within limits.
1,record_000698664:0,artifacts/input_files/record_000698664.npy,0,Normal,0.999806821346283,AUTO_ACCEPT,GREEN,False,AUTO_ACCEPT,False,All immediate drift features are within limits.
1,record_000698699:0,artifacts/input_files/record_000698699.npy,0,Normal,0.9992237091064453,AUTO_ACCEPT,GREEN,False,AUTO_ACCEPT,False,All immediate drift features are within limits.
1,record_000698983:0,artifacts/input_files/record_000698983.npy,0,Normal,0.9988434314727783,AUTO_ACCEPT,GREEN,False,AUTO_ACCEPT,False,All immediate drift features are within limits.
1,record_000699394:0,artifacts/input_files/record_000699394.npy,0,Normal,0.9955005049705505,AUTO_ACCEPT,GREEN,False,AUTO_ACCEPT,False,All immediate drift features are within limits.
1,record_000699559:0,artifacts/input_files/record_000699559.npy,0,Normal,0.9863556027412415,AUTO_ACCEPT,GREEN,False,AUTO_ACCEPT,False,All immediate drift features are within limits.
1,record_000699843:0,artifacts/input_files/record_000699843.npy,0,Normal,0.9891291856765747,AUTO_ACCEPT,GREEN,False,AUTO_ACCEPT,False,All immediate drift features are within limits.
1,record_000699912:0,artifacts/input_files/record_000699912.npy,0,Normal,0.9967672824859619,AUTO_ACCEPT,GREEN,False,AUTO_ACCEPT,False,All immediate drift features are within limits.
1,record_000699979:0,artifacts/input_files/record_000699979.npy,0,Normal,0.9989666938781738,AUTO_ACCEPT,GREEN,False,AUTO_ACCEPT,False,All immediate drift features are within limits.
1,record_000700042:0,artifacts/input_files/record_000700042.npy,0,Normal,0.9998440742492676,AUTO_ACCEPT,GREEN,False,AUTO_ACCEPT,False,All immediate drift features are within limits.
1,record_000700206:0,artifacts/input_files/record_000700206.npy,0,Normal,0.9996988773345947,AUTO_ACCEPT,GREEN,False,AUTO_ACCEPT,False,All immediate drift features are within limits.
1,record_000700218:0,artifacts/input_files/record_000700218.npy,0,Normal,0.9999847412109375,AUTO_ACCEPT,GREEN,False,AUTO_ACCEPT,False,All immediate drift features are within limits.
1,record_000701145:0,artifacts/input_files/record_000701145.npy,0,Normal,0.9999953508377075,AUTO_ACCEPT,GREEN,False,AUTO_ACCEPT,False,All immediate drift features are within limits.
1,record_000701262:0,artifacts/input_files/record_000701262.npy,0,Normal,0.999711811542511,AUTO_ACCEPT,GREEN,False,AUTO_ACCEPT,False,All immediate drift features are within limits.
1,record_000701836:0,artifacts/input_files/record_000701836.npy,0,Normal,0.9999685287475586,AUTO_ACCEPT,GREEN,False,AUTO_ACCEPT,False,All immediate drift features are within limits.
1,record_000701981:0,artifacts/input_files/record_000701981.npy,0,Normal,0.9967474937438965,AUTO_ACCEPT,GREEN,False,AUTO_ACCEPT,False,All immediate drift features are within limits.
1,record_000702029:0,artifacts/input_files/record_000702029.npy,0,Normal,0.9998494386672974,AUTO_ACCEPT,GREEN,False,AUTO_ACCEPT,False,All immediate drift features are within limits.
1,record_000702038:0,artifacts/input_files/record_000702038.npy,0,Normal,0.9999203681945801,AUTO_ACCEPT,GREEN,False,AUTO_ACCEPT,False,All immediate drift features are within limits.
1,record_000702045:0,artifacts/input_files/record_000702045.npy,0,Normal,0.9997530579566956,AUTO_ACCEPT,GREEN,False,AUTO_ACCEPT,False,All immediate drift features are within limits.
1,record_000702209:0,artifacts/input_files/record_000702209.npy,0,Normal,0.9987886548042297,AUTO_ACCEPT,GREEN,False,AUTO_ACCEPT,False,All immediate drift features are within limits.
1,record_000702212:0,artifacts/input_files/record_000702212.npy,0,Normal,0.9999732971191406,AUTO_ACCEPT,GREEN,False,AUTO_ACCEPT,False,All immediate drift features are within limits.
1,record_000702291:0,artifacts/input_files/record_000702291.npy,0,Normal,0.9972708821296692,AUTO_ACCEPT,GREEN,False,AUTO_ACCEPT,False,All immediate drift features are within limits.
1,record_000702292:0,artifacts/input_files/record_000702292.npy,0,Normal,0.9998992681503296,AUTO_ACCEPT,GREEN,False,AUTO_ACCEPT,False,All immediate drift features are within limits.
1,record_000702295:0,artifacts/input_files/record_000702295.npy,0,Normal,0.9998464584350586,AUTO_ACCEPT,GREEN,False,AUTO_ACCEPT,False,All immediate drift features are within limits.
1,record_000702299:0,artifacts/input_files/record_000702299.npy,0,Normal,0.9975357055664062,AUTO_ACCEPT,GREEN,False,AUTO_ACCEPT,False,All immediate drift features are within limits.
1,record_000702453:0,artifacts/input_files/record_000702453.npy,0,Normal,0.9978744983673096,AUTO_ACCEPT,GREEN,False,AUTO_ACCEPT,False,All immediate drift features are within limits.
1,record_000702743:0,artifacts/input_files/record_000702743.npy,0,Normal,0.9935351610183716,AUTO_ACCEPT,GREEN,False,AUTO_ACCEPT,False,All immediate drift features are within limits.
1,record_000703010:0,artifacts/input_files/record_000703010.npy,0,Normal,0.9946975708007812,AUTO_ACCEPT,GREEN,False,AUTO_ACCEPT,False,All immediate drift features are within limits.
1,record_000703020:0,artifacts/input_files/record_000703020.npy,0,Normal,0.9999403953552246,AUTO_ACCEPT,GREEN,False,AUTO_ACCEPT,False,All immediate drift features are within limits.
1,record_000703027:0,artifacts/input_files/record_000703027.npy,0,Normal,0.4384123980998993,ABSTAIN,GREEN,False,ABSTAIN,False,All immediate drift features are within limits.
1,record_000703453:0,artifacts/input_files/record_000703453.npy,0,Normal,0.9958180785179138,AUTO_ACCEPT,GREEN,False,AUTO_ACCEPT,False,All immediate drift features are within limits.
1,record_000703461:0,artifacts/input_files/record_000703461.npy,0,Normal,0.9857746362686157,AUTO_ACCEPT,GREEN,False,AUTO_ACCEPT,False,All immediate drift features are within limits.
1,record_000703468:0,artifacts/input_files/record_000703468.npy,0,Normal,0.9992390871047974,AUTO_ACCEPT,GREEN,False,AUTO_ACCEPT,False,All immediate drift features are within limits.
1,record_000703531:0,artifacts/input_files/record_000703531.npy,0,Normal,0.9997513890266418,AUTO_ACCEPT,GREEN,False,AUTO_ACCEPT,False,All immediate drift features are within limits.
1,record_000703542:0,artifacts/input_files/record_000703542.npy,0,Normal,0.9992175102233887,AUTO_ACCEPT,GREEN,False,AUTO_ACCEPT,False,All immediate drift features are within limits.
1,record_000703548:0,artifacts/input_files/record_000703548.npy,0,Normal,0.9639279246330261,AUTO_ACCEPT,GREEN,False,AUTO_ACCEPT,False,All immediate drift features are within limits.
1,record_000703665:0,artifacts/input_files/record_000703665.npy,0,Normal,0.9995691180229187,AUTO_ACCEPT,GREEN,False,AUTO_ACCEPT,False,All immediate drift features are within limits.
1,record_000703742:0,artifacts/input_files/record_000703742.npy,0,Normal,0.9999995231628418,AUTO_ACCEPT,GREEN,False,AUTO_ACCEPT,False,All immediate drift features are within limits.
1,record_000703751:0,artifacts/input_files/record_000703751.npy,0,Normal,0.9998791217803955,AUTO_ACCEPT,GREEN,False,AUTO_ACCEPT,False,All immediate drift features are within limits.
1,record_000704072:0,artifacts/input_files/record_000704072.npy,0,Normal,0.7857698798179626,ENGINEER_REVIEW,GREEN,False,ENGINEER_REVIEW,False,All immediate drift features are within limits.
1,record_000704380:0,artifacts/input_files/record_000704380.npy,0,Normal,0.9935867786407471,AUTO_ACCEPT,GREEN,False,AUTO_ACCEPT,False,All immediate drift features are within limits.
1,record_000704729:0,artifacts/input_files/record_000704729.npy,0,Normal,0.8534921407699585,ENGINEER_REVIEW,GREEN,False,ENGINEER_REVIEW,False,All immediate drift features are within limits.
1,record_000705302:0,artifacts/input_files/record_000705302.npy,0,Normal,0.9988316893577576,AUTO_ACCEPT,GREEN,False,AUTO_ACCEPT,False,All immediate drift features are within limits.
1,record_000705329:0,artifacts/input_files/record_000705329.npy,0,Normal,0.9996699094772339,AUTO_ACCEPT,GREEN,False,AUTO_ACCEPT,False,All immediate drift features are within limits.
1,record_000705340:0,artifacts/input_files/record_000705340.npy,0,Normal,0.9998646974563599,AUTO_ACCEPT,GREEN,False,AUTO_ACCEPT,False,All immediate drift features are within limits.
1,record_000706101:0,artifacts/input_files/record_000706101.npy,0,Normal,0.9992191791534424,AUTO_ACCEPT,GREEN,False,AUTO_ACCEPT,False,All immediate drift features are within limits.
1,record_000706220:0,artifacts/input_files/record_000706220.npy,0,Normal,0.9999885559082031,AUTO_ACCEPT,GREEN,False,AUTO_ACCEPT,False,All immediate drift features are within limits.
1,record_000706855:0,artifacts/input_files/record_000706855.npy,0,Normal,0.998371422290802,AUTO_ACCEPT,GREEN,False,AUTO_ACCEPT,False,All immediate drift features are within limits.
1,record_000706866:0,artifacts/input_files/record_000706866.npy,0,Normal,0.9999935626983643,AUTO_ACCEPT,GREEN,False,AUTO_ACCEPT,False,All immediate drift features are within limits.
1,record_000706873:0,artifacts/input_files/record_000706873.npy,0,Normal,0.9999147653579712,AUTO_ACCEPT,GREEN,False,AUTO_ACCEPT,False,All immediate drift features are within limits.
1,record_000706918:0,artifacts/input_files/record_000706918.npy,0,Normal,0.9995922446250916,AUTO_ACCEPT,GREEN,False,AUTO_ACCEPT,False,All immediate drift features are within limits.
1,record_000706924:0,artifacts/input_files/record_000706924.npy,0,Normal,0.8714413046836853,ENGINEER_REVIEW,GREEN,False,ENGINEER_REVIEW,False,All immediate drift features are within limits.
1,record_000706925:0,artifacts/input_files/record_000706925.npy,0,Normal,0.9608564972877502,AUTO_ACCEPT,GREEN,False,AUTO_ACCEPT,False,All immediate drift features are within limits.
1,record_000707164:0,artifacts/input_files/record_000707164.npy,0,Normal,0.9930315017700195,AUTO_ACCEPT,GREEN,False,AUTO_ACCEPT,False,All immediate drift features are within limits.
1,record_000707380:0,artifacts/input_files/record_000707380.npy,0,Normal,0.9999957084655762,AUTO_ACCEPT,GREEN,False,AUTO_ACCEPT,False,All immediate drift features are within limits.
1,record_000707388:0,artifacts/input_files/record_000707388.npy,0,Normal,0.9987080097198486,AUTO_ACCEPT,GREEN,False,AUTO_ACCEPT,False,All immediate drift features are within limits.
1,record_000708187:0,artifacts/input_files/record_000708187.npy,0,Normal,0.9958459734916687,AUTO_ACCEPT,GREEN,False,AUTO_ACCEPT,False,All immediate drift features are within limits.
1,record_000708256:0,artifacts/input_files/record_000708256.npy,0,Normal,0.9999946355819702,AUTO_ACCEPT,GREEN,False,AUTO_ACCEPT,False,All immediate drift features are within limits.
1,record_000708387:0,artifacts/input_files/record_000708387.npy,0,Normal,0.9999089241027832,AUTO_ACCEPT,GREEN,False,AUTO_ACCEPT,False,All immediate drift features are within limits.
1,record_000708786:0,artifacts/input_files/record_000708786.npy,0,Loc,0.6769152879714966,ABSTAIN,GREEN,False,ABSTAIN,False,All immediate drift features are within limits.
1,record_000708788:0,artifacts/input_files/record_000708788.npy,0,Normal,0.9999909400939941,AUTO_ACCEPT,GREEN,False,AUTO_ACCEPT,False,All immediate drift features are within limits.
1,record_000708794:0,artifacts/input_files/record_000708794.npy,0,Normal,0.9999988079071045,AUTO_ACCEPT,GREEN,False,AUTO_ACCEPT,False,All immediate drift features are within limits.
1,record_000709103:0,artifacts/input_files/record_000709103.npy,0,Normal,0.9999932050704956,AUTO_ACCEPT,GREEN,False,AUTO_ACCEPT,False,All immediate drift features are within limits.
1,record_000709638:0,artifacts/input_files/record_000709638.npy,0,Normal,0.9999923706054688,AUTO_ACCEPT,GREEN,False,AUTO_ACCEPT,False,All immediate drift features are within limits.
1,record_000710162:0,artifacts/input_files/record_000710162.npy,0,Normal,0.9991112351417542,AUTO_ACCEPT,GREEN,False,AUTO_ACCEPT,False,All immediate drift features are within limits.
1,record_000710487:0,artifacts/input_files/record_000710487.npy,0,Normal,0.9999858140945435,AUTO_ACCEPT,GREEN,False,AUTO_ACCEPT,False,All immediate drift features are within limits.
1,record_000710732:0,artifacts/input_files/record_000710732.npy,0,Normal,0.9526056051254272,AUTO_ACCEPT,GREEN,False,AUTO_ACCEPT,False,All immediate drift features are within limits.
1,record_000710802:0,artifacts/input_files/record_000710802.npy,0,Normal,0.9997712969779968,AUTO_ACCEPT,GREEN,False,AUTO_ACCEPT,False,All immediate drift features are within limits.
1,record_000711161:0,artifacts/input_files/record_000711161.npy,0,Normal,0.7902576327323914,ENGINEER_REVIEW,GREEN,False,ENGINEER_REVIEW,False,All immediate drift features are within limits.
1,record_000711242:0,artifacts/input_files/record_000711242.npy,0,Normal,0.9998002648353577,AUTO_ACCEPT,GREEN,False,AUTO_ACCEPT,False,All immediate drift features are within limits.
1,record_000711588:0,artifacts/input_files/record_000711588.npy,0,Normal,0.9999303817749023,AUTO_ACCEPT,GREEN,False,AUTO_ACCEPT,False,All immediate drift features are within limits.
1,record_000711818:0,artifacts/input_files/record_000711818.npy,0,Normal,0.9817849397659302,AUTO_ACCEPT,GREEN,False,AUTO_ACCEPT,False,All immediate drift features are within limits.
1,record_000712094:0,artifacts/input_files/record_000712094.npy,0,Normal,0.9999812841415405,AUTO_ACCEPT,GREEN,False,AUTO_ACCEPT,False,All immediate drift features are within limits.
1,record_000712100:0,artifacts/input_files/record_000712100.npy,0,Normal,0.9999821186065674,AUTO_ACCEPT,GREEN,False,AUTO_ACCEPT,False,All immediate drift features are within limits.
1,record_000712595:0,artifacts/input_files/record_000712595.npy,0,Normal,0.9997510313987732,AUTO_ACCEPT,GREEN,False,AUTO_ACCEPT,False,All immediate drift features are within limits.
1,record_000712899:0,artifacts/input_files/record_000712899.npy,0,Normal,0.9527539610862732,AUTO_ACCEPT,GREEN,False,AUTO_ACCEPT,False,All immediate drift features are within limits.
1,record_000712913:0,artifacts/input_files/record_000712913.npy,0,Normal,0.9998964071273804,AUTO_ACCEPT,GREEN,False,AUTO_ACCEPT,False,All immediate drift features are within limits.
1,record_000713006:0,artifacts/input_files/record_000713006.npy,0,Normal,0.7477532625198364,ABSTAIN,GREEN,False,ABSTAIN,False,All immediate drift features are within limits.
1,record_000713213:0,artifacts/input_files/record_000713213.npy,0,Normal,0.9975953698158264,AUTO_ACCEPT,GREEN,False,AUTO_ACCEPT,False,All immediate drift features are within limits.
1,record_000713436:0,artifacts/input_files/record_000713436.npy,0,Normal,0.8444697856903076,ENGINEER_REVIEW,GREEN,False,ENGINEER_REVIEW,False,All immediate drift features are within limits.
1,record_000713585:0,artifacts/input_files/record_000713585.npy,0,Normal,0.9968736171722412,AUTO_ACCEPT,GREEN,False,AUTO_ACCEPT,False,All immediate drift features are within limits.
1,record_000713589:0,artifacts/input_files/record_000713589.npy,0,Normal,0.9999569654464722,AUTO_ACCEPT,GREEN,False,AUTO_ACCEPT,False,All immediate drift features are within limits.
1,record_000713844:0,artifacts/input_files/record_000713844.npy,0,Normal,0.9981850981712341,AUTO_ACCEPT,GREEN,False,AUTO_ACCEPT,False,All immediate drift features are within limits.
1,record_000714011:0,artifacts/input_files/record_000714011.npy,0,Normal,0.9992802739143372,AUTO_ACCEPT,GREEN,False,AUTO_ACCEPT,False,All immediate drift features are within limits.
1,record_000714096:0,artifacts/input_files/record_000714096.npy,0,Normal,0.9997833371162415,AUTO_ACCEPT,GREEN,False,AUTO_ACCEPT,False,All immediate drift features are within limits.
1,record_000714098:0,artifacts/input_files/record_000714098.npy,0,Normal,0.9997362494468689,AUTO_ACCEPT,GREEN,False,AUTO_ACCEPT,False,All immediate drift features are within limits.
1,record_000714458:0,artifacts/input_files/record_000714458.npy,0,Normal,0.9977710247039795,AUTO_ACCEPT,GREEN,False,AUTO_ACCEPT,False,All immediate drift features are within limits.
1,record_000714461:0,artifacts/input_files/record_000714461.npy,0,Normal,0.9992076754570007,AUTO_ACCEPT,GREEN,False,AUTO_ACCEPT,False,All immediate drift features are within limits.
1,record_000714503:0,artifacts/input_files/record_000714503.npy,0,Normal,0.9996452331542969,AUTO_ACCEPT,GREEN,False,AUTO_ACCEPT,False,All immediate drift features are within limits.
1,record_000714504:0,artifacts/input_files/record_000714504.npy,0,Normal,0.9992761015892029,AUTO_ACCEPT,GREEN,False,AUTO_ACCEPT,False,All immediate drift features are within limits.
1,record_000714508:0,artifacts/input_files/record_000714508.npy,0,Normal,0.9991171956062317,AUTO_ACCEPT,GREEN,False,AUTO_ACCEPT,False,All immediate drift features are within limits.
1,record_000714510:0,artifacts/input_files/record_000714510.npy,0,Normal,0.9996613264083862,AUTO_ACCEPT,GREEN,False,AUTO_ACCEPT,False,All immediate drift features are within limits.
1,record_000714534:0,artifacts/input_files/record_000714534.npy,0,Normal,0.999508261680603,AUTO_ACCEPT,GREEN,False,AUTO_ACCEPT,False,All immediate drift features are within limits.
1,record_000714544:0,artifacts/input_files/record_000714544.npy,0,Center,0.4130478501319885,ABSTAIN,GREEN,False,ABSTAIN,False,All immediate drift features are within limits.
1,record_000714962:0,artifacts/input_files/record_000714962.npy,0,Normal,0.9984720349311829,AUTO_ACCEPT,GREEN,False,AUTO_ACCEPT,False,All immediate drift features are within limits.
1,record_000714973:0,artifacts/input_files/record_000714973.npy,0,Normal,0.9996941089630127,AUTO_ACCEPT,GREEN,False,AUTO_ACCEPT,False,All immediate drift features are within limits.
1,record_000715007:0,artifacts/input_files/record_000715007.npy,0,Normal,0.9989311099052429,AUTO_ACCEPT,GREEN,False,AUTO_ACCEPT,False,All immediate drift features are within limits.
1,record_000715009:0,artifacts/input_files/record_000715009.npy,0,Normal,0.9993118047714233,AUTO_ACCEPT,GREEN,False,AUTO_ACCEPT,False,All immediate drift features are within limits.
1,record_000715370:0,artifacts/input_files/record_000715370.npy,0,Normal,0.9996784925460815,AUTO_ACCEPT,GREEN,False,AUTO_ACCEPT,False,All immediate drift features are within limits.
1,record_000715435:0,artifacts/input_files/record_000715435.npy,0,Normal,0.9990639090538025,AUTO_ACCEPT,GREEN,False,AUTO_ACCEPT,False,All immediate drift features are within limits.
1,record_000715440:0,artifacts/input_files/record_000715440.npy,0,Normal,0.9998294115066528,AUTO_ACCEPT,GREEN,False,AUTO_ACCEPT,False,All immediate drift features are within limits.
1,record_000715675:0,artifacts/input_files/record_000715675.npy,0,Normal,0.9995275735855103,AUTO_ACCEPT,GREEN,False,AUTO_ACCEPT,False,All immediate drift features are within limits.
1,record_000716006:0,artifacts/input_files/record_000716006.npy,0,Normal,0.999592125415802,AUTO_ACCEPT,GREEN,False,AUTO_ACCEPT,False,All immediate drift features are within limits.
1,record_000716007:0,artifacts/input_files/record_000716007.npy,0,Normal,0.9997559189796448,AUTO_ACCEPT,GREEN,False,AUTO_ACCEPT,False,All immediate drift features are within limits.
1,record_000716170:0,artifacts/input_files/record_000716170.npy,0,Normal,0.9996384382247925,AUTO_ACCEPT,GREEN,False,AUTO_ACCEPT,False,All immediate drift features are within limits.
1,record_000716174:0,artifacts/input_files/record_000716174.npy,0,Normal,0.9994682669639587,AUTO_ACCEPT,GREEN,False,AUTO_ACCEPT,False,All immediate drift features are within limits.
1,record_000716547:0,artifacts/input_files/record_000716547.npy,0,Normal,0.9985217452049255,AUTO_ACCEPT,GREEN,False,AUTO_ACCEPT,False,All immediate drift features are within limits.
1,record_000716571:0,artifacts/input_files/record_000716571.npy,0,Normal,0.9998470544815063,AUTO_ACCEPT,GREEN,False,AUTO_ACCEPT,False,All immediate drift features are within limits.
1,record_000716659:0,artifacts/input_files/record_000716659.npy,0,Normal,0.9995478987693787,AUTO_ACCEPT,GREEN,False,AUTO_ACCEPT,False,All immediate drift features are within limits.
1,record_000717052:0,artifacts/input_files/record_000717052.npy,0,Normal,0.9737417697906494,AUTO_ACCEPT,GREEN,False,AUTO_ACCEPT,False,All immediate drift features are within limits.
1,record_000717185:0,artifacts/input_files/record_000717185.npy,0,Normal,0.9992153644561768,AUTO_ACCEPT,GREEN,False,AUTO_ACCEPT,False,All immediate drift features are within limits.
1,record_000717500:0,artifacts/input_files/record_000717500.npy,0,Normal,0.9996566772460938,AUTO_ACCEPT,GREEN,False,AUTO_ACCEPT,False,All immediate drift features are within limits.
1,record_000717808:0,artifacts/input_files/record_000717808.npy,0,Normal,0.9992351531982422,AUTO_ACCEPT,GREEN,False,AUTO_ACCEPT,False,All immediate drift features are within limits.
1,record_000717810:0,artifacts/input_files/record_000717810.npy,0,Normal,0.9991641044616699,AUTO_ACCEPT,GREEN,False,AUTO_ACCEPT,False,All immediate drift features are within limits.
1,record_000717818:0,artifacts/input_files/record_000717818.npy,0,Normal,0.9996616840362549,AUTO_ACCEPT,GREEN,False,AUTO_ACCEPT,False,All immediate drift features are within limits.
1,record_000717881:0,artifacts/input_files/record_000717881.npy,0,Normal,0.9992629885673523,AUTO_ACCEPT,GREEN,False,AUTO_ACCEPT,False,All immediate drift features are within limits.
1,record_000717883:0,artifacts/input_files/record_000717883.npy,0,Normal,0.9993526339530945,AUTO_ACCEPT,GREEN,False,AUTO_ACCEPT,False,All immediate drift features are within limits.
1,record_000718099:0,artifacts/input_files/record_000718099.npy,0,Normal,0.9998517036437988,AUTO_ACCEPT,GREEN,False,AUTO_ACCEPT,False,All immediate drift features are within limits.
1,record_000718109:0,artifacts/input_files/record_000718109.npy,0,Normal,0.9998979568481445,AUTO_ACCEPT,GREEN,False,AUTO_ACCEPT,False,All immediate drift features are within limits.
1,record_000718113:0,artifacts/input_files/record_000718113.npy,0,Normal,0.9998824596405029,AUTO_ACCEPT,GREEN,False,AUTO_ACCEPT,False,All immediate drift features are within limits.
1,record_000718300:0,artifacts/input_files/record_000718300.npy,0,Normal,0.9998990297317505,AUTO_ACCEPT,GREEN,False,AUTO_ACCEPT,False,All immediate drift features are within limits.
1,record_000718383:0,artifacts/input_files/record_000718383.npy,0,Normal,0.9970901012420654,AUTO_ACCEPT,GREEN,False,AUTO_ACCEPT,False,All immediate drift features are within limits.
1,record_000718384:0,artifacts/input_files/record_000718384.npy,0,Normal,0.8409658074378967,ENGINEER_REVIEW,GREEN,False,ENGINEER_REVIEW,False,All immediate drift features are within limits.
1,record_000718828:0,artifacts/input_files/record_000718828.npy,0,Normal,0.9999872446060181,AUTO_ACCEPT,GREEN,False,AUTO_ACCEPT,False,All immediate drift features are within limits.
1,record_000718916:0,artifacts/input_files/record_000718916.npy,0,Normal,0.6156299114227295,ABSTAIN,GREEN,False,ABSTAIN,False,All immediate drift features are within limits.
1,record_000719031:0,artifacts/input_files/record_000719031.npy,0,Normal,0.6406314969062805,ABSTAIN,GREEN,False,ABSTAIN,False,All immediate drift features are within limits.
1,record_000719040:0,artifacts/input_files/record_000719040.npy,0,Edge-Loc,0.4642024338245392,ABSTAIN,GREEN,False,ABSTAIN,False,All immediate drift features are within limits.
1,record_000719090:0,artifacts/input_files/record_000719090.npy,0,Normal,0.5683891177177429,ABSTAIN,GREEN,False,ABSTAIN,False,All immediate drift features are within limits.
1,record_000719094:0,artifacts/input_files/record_000719094.npy,0,Normal,0.9956032037734985,AUTO_ACCEPT,GREEN,False,AUTO_ACCEPT,False,All immediate drift features are within limits.
1,record_000719102:0,artifacts/input_files/record_000719102.npy,0,Normal,0.9999868869781494,AUTO_ACCEPT,GREEN,False,AUTO_ACCEPT,False,All immediate drift features are within limits.
1,record_000719330:0,artifacts/input_files/record_000719330.npy,0,Normal,0.9999768733978271,AUTO_ACCEPT,GREEN,False,AUTO_ACCEPT,False,All immediate drift features are within limits.
1,record_000719336:0,artifacts/input_files/record_000719336.npy,0,Normal,0.9834421277046204,AUTO_ACCEPT,GREEN,False,AUTO_ACCEPT,False,All immediate drift features are within limits.
1,record_000719343:0,artifacts/input_files/record_000719343.npy,0,Normal,0.997648298740387,AUTO_ACCEPT,GREEN,False,AUTO_ACCEPT,False,All immediate drift features are within limits.
1,record_000719408:0,artifacts/input_files/record_000719408.npy,0,Normal,0.9559043049812317,AUTO_ACCEPT,GREEN,False,AUTO_ACCEPT,False,All immediate drift features are within limits.
1,record_000719430:0,artifacts/input_files/record_000719430.npy,0,Normal,0.9939343333244324,AUTO_ACCEPT,GREEN,False,AUTO_ACCEPT,False,All immediate drift features are within limits.
1,record_000719445:0,artifacts/input_files/record_000719445.npy,0,Normal,0.9999408721923828,AUTO_ACCEPT,GREEN,False,AUTO_ACCEPT,False,All immediate drift features are within limits.
1,record_000719614:0,artifacts/input_files/record_000719614.npy,0,Edge-Loc,0.823850154876709,ENGINEER_REVIEW,GREEN,False,ENGINEER_REVIEW,False,All immediate drift features are within limits.
1,record_000719695:0,artifacts/input_files/record_000719695.npy,0,Normal,0.7112551927566528,ABSTAIN,GREEN,False,ABSTAIN,False,All immediate drift features are within limits.
1,record_000719858:0,artifacts/input_files/record_000719858.npy,0,Normal,0.9999239444732666,AUTO_ACCEPT,GREEN,False,AUTO_ACCEPT,False,All immediate drift features are within limits.
1,record_000720031:0,artifacts/input_files/record_000720031.npy,0,Normal,0.9999674558639526,AUTO_ACCEPT,GREEN,False,AUTO_ACCEPT,False,All immediate drift features are within limits.
1,record_000720039:0,artifacts/input_files/record_000720039.npy,0,Normal,0.9152169823646545,ENGINEER_REVIEW,GREEN,False,ENGINEER_REVIEW,False,All immediate drift features are within limits.
1,record_000720411:0,artifacts/input_files/record_000720411.npy,0,Normal,0.9999617338180542,AUTO_ACCEPT,GREEN,False,AUTO_ACCEPT,False,All immediate drift features are within limits.
1,record_000720718:0,artifacts/input_files/record_000720718.npy,0,Normal,0.9999082088470459,AUTO_ACCEPT,GREEN,False,AUTO_ACCEPT,False,All immediate drift features are within limits.
1,record_000721397:0,artifacts/input_files/record_000721397.npy,0,Normal,0.9980461597442627,AUTO_ACCEPT,GREEN,False,AUTO_ACCEPT,False,All immediate drift features are within limits.
1,record_000721400:0,artifacts/input_files/record_000721400.npy,0,Edge-Loc,0.5635539889335632,ABSTAIN,GREEN,False,ABSTAIN,False,All immediate drift features are within limits.
1,record_000721405:0,artifacts/input_files/record_000721405.npy,0,Normal,0.9151231646537781,ENGINEER_REVIEW,GREEN,False,ENGINEER_REVIEW,False,All immediate drift features are within limits.
1,record_000721498:0,artifacts/input_files/record_000721498.npy,0,Normal,0.9989516735076904,AUTO_ACCEPT,GREEN,False,AUTO_ACCEPT,False,All immediate drift features are within limits.
1,record_000721501:0,artifacts/input_files/record_000721501.npy,0,Normal,0.9985802173614502,AUTO_ACCEPT,GREEN,False,AUTO_ACCEPT,False,All immediate drift features are within limits.
1,record_000721503:0,artifacts/input_files/record_000721503.npy,0,Normal,0.9993867874145508,AUTO_ACCEPT,GREEN,False,AUTO_ACCEPT,False,All immediate drift features are within limits.
1,record_000721509:0,artifacts/input_files/record_000721509.npy,0,Normal,0.9997530579566956,AUTO_ACCEPT,GREEN,False,AUTO_ACCEPT,False,All immediate drift features are within limits.
1,record_000721554:0,artifacts/input_files/record_000721554.npy,0,Normal,0.9983580708503723,AUTO_ACCEPT,GREEN,False,AUTO_ACCEPT,False,All immediate drift features are within limits.
1,record_000721556:0,artifacts/input_files/record_000721556.npy,0,Normal,0.9998120665550232,AUTO_ACCEPT,GREEN,False,AUTO_ACCEPT,False,All immediate drift features are within limits.
1,record_000721591:0,artifacts/input_files/record_000721591.npy,0,Normal,0.9999959468841553,AUTO_ACCEPT,GREEN,False,AUTO_ACCEPT,False,All immediate drift features are within limits.
1,record_000721612:0,artifacts/input_files/record_000721612.npy,0,Normal,0.9999816417694092,AUTO_ACCEPT,GREEN,False,AUTO_ACCEPT,False,All immediate drift features are within limits.
1,record_000722179:0,artifacts/input_files/record_000722179.npy,0,Normal,0.9929085969924927,AUTO_ACCEPT,GREEN,False,AUTO_ACCEPT,False,All immediate drift features are within limits.
1,record_000722333:0,artifacts/input_files/record_000722333.npy,0,Normal,0.9999024868011475,AUTO_ACCEPT,GREEN,False,AUTO_ACCEPT,False,All immediate drift features are within limits.
1,record_000722594:0,artifacts/input_files/record_000722594.npy,0,Normal,0.9999850988388062,AUTO_ACCEPT,GREEN,False,AUTO_ACCEPT,False,All immediate drift features are within limits.
1,record_000722676:0,artifacts/input_files/record_000722676.npy,0,Normal,0.9990562796592712,AUTO_ACCEPT,GREEN,False,AUTO_ACCEPT,False,All immediate drift features are within limits.
1,record_000722820:0,artifacts/input_files/record_000722820.npy,0,Normal,0.9993404746055603,AUTO_ACCEPT,GREEN,False,AUTO_ACCEPT,False,All immediate drift features are within limits.
1,record_000722830:0,artifacts/input_files/record_000722830.npy,0,Normal,0.9957398176193237,AUTO_ACCEPT,GREEN,False,AUTO_ACCEPT,False,All immediate drift features are within limits.
1,record_000722836:0,artifacts/input_files/record_000722836.npy,0,Normal,0.9993564486503601,AUTO_ACCEPT,GREEN,False,AUTO_ACCEPT,False,All immediate drift features are within limits.
1,record_000722916:0,artifacts/input_files/record_000722916.npy,0,Normal,0.9985461235046387,AUTO_ACCEPT,GREEN,False,AUTO_ACCEPT,False,All immediate drift features are within limits.
1,record_000723003:0,artifacts/input_files/record_000723003.npy,0,Normal,0.9999954700469971,AUTO_ACCEPT,GREEN,False,AUTO_ACCEPT,False,All immediate drift features are within limits.
1,record_000723042:0,artifacts/input_files/record_000723042.npy,0,Normal,0.9823474884033203,AUTO_ACCEPT,GREEN,False,AUTO_ACCEPT,False,All immediate drift features are within limits.
1,record_000723048:0,artifacts/input_files/record_000723048.npy,0,Normal,0.9999264478683472,AUTO_ACCEPT,GREEN,False,AUTO_ACCEPT,False,All immediate drift features are within limits.
1,record_000723293:0,artifacts/input_files/record_000723293.npy,0,Normal,0.9999133348464966,AUTO_ACCEPT,GREEN,False,AUTO_ACCEPT,False,All immediate drift features are within limits.
1,record_000723767:0,artifacts/input_files/record_000723767.npy,0,Normal,0.9999431371688843,AUTO_ACCEPT,GREEN,False,AUTO_ACCEPT,False,All immediate drift features are within limits.
1,record_000723768:0,artifacts/input_files/record_000723768.npy,0,Normal,0.9999783039093018,AUTO_ACCEPT,GREEN,False,AUTO_ACCEPT,False,All immediate drift features are within limits.
1,record_000723863:0,artifacts/input_files/record_000723863.npy,0,Normal,0.999921441078186,AUTO_ACCEPT,GREEN,False,AUTO_ACCEPT,False,All immediate drift features are within limits.
1,record_000723888:0,artifacts/input_files/record_000723888.npy,0,Normal,0.9991291165351868,AUTO_ACCEPT,GREEN,False,AUTO_ACCEPT,False,All immediate drift features are within limits.
1,record_000724037:0,artifacts/input_files/record_000724037.npy,0,Normal,0.9994044303894043,AUTO_ACCEPT,GREEN,False,AUTO_ACCEPT,False,All immediate drift features are within limits.
1,record_000724043:0,artifacts/input_files/record_000724043.npy,0,Normal,0.9941962957382202,AUTO_ACCEPT,GREEN,False,AUTO_ACCEPT,False,All immediate drift features are within limits.
1,record_000724159:0,artifacts/input_files/record_000724159.npy,0,Loc,0.8324649930000305,ENGINEER_REVIEW,GREEN,False,ENGINEER_REVIEW,False,All immediate drift features are within limits.
1,record_000724163:0,artifacts/input_files/record_000724163.npy,0,Normal,0.9978598952293396,AUTO_ACCEPT,GREEN,False,AUTO_ACCEPT,False,All immediate drift features are within limits.
1,record_000724638:0,artifacts/input_files/record_000724638.npy,0,Normal,0.8936958312988281,ENGINEER_REVIEW,GREEN,False,ENGINEER_REVIEW,False,All immediate drift features are within limits.
1,record_000724653:0,artifacts/input_files/record_000724653.npy,0,Normal,0.999828577041626,AUTO_ACCEPT,GREEN,False,AUTO_ACCEPT,False,All immediate drift features are within limits.
1,record_000725029:0,artifacts/input_files/record_000725029.npy,0,Normal,0.9999291896820068,AUTO_ACCEPT,GREEN,False,AUTO_ACCEPT,False,All immediate drift features are within limits.
1,record_000725097:0,artifacts/input_files/record_000725097.npy,0,Normal,0.9915971159934998,AUTO_ACCEPT,GREEN,False,AUTO_ACCEPT,False,All immediate drift features are within limits.
1,record_000725110:0,artifacts/input_files/record_000725110.npy,0,Normal,0.9993545413017273,AUTO_ACCEPT,GREEN,False,AUTO_ACCEPT,False,All immediate drift features are within limits.
1,record_000725120:0,artifacts/input_files/record_000725120.npy,0,Normal,0.9958535432815552,AUTO_ACCEPT,GREEN,False,AUTO_ACCEPT,False,All immediate drift features are within limits.
1,record_000725228:0,artifacts/input_files/record_000725228.npy,0,Normal,0.7777368426322937,ENGINEER_REVIEW,GREEN,False,ENGINEER_REVIEW,False,All immediate drift features are within limits.
1,record_000725233:0,artifacts/input_files/record_000725233.npy,0,Normal,0.8026143312454224,ENGINEER_REVIEW,GREEN,False,ENGINEER_REVIEW,False,All immediate drift features are within limits.
1,record_000725779:0,artifacts/input_files/record_000725779.npy,0,Normal,0.99972003698349,AUTO_ACCEPT,GREEN,False,AUTO_ACCEPT,False,All immediate drift features are within limits.
1,record_000726227:0,artifacts/input_files/record_000726227.npy,0,Normal,0.9999722242355347,AUTO_ACCEPT,GREEN,False,AUTO_ACCEPT,False,All immediate drift features are within limits.
1,record_000726494:0,artifacts/input_files/record_000726494.npy,0,Normal,0.9999661445617676,AUTO_ACCEPT,GREEN,False,AUTO_ACCEPT,False,All immediate drift features are within limits.
1,record_000726659:0,artifacts/input_files/record_000726659.npy,0,Normal,0.9999487400054932,AUTO_ACCEPT,GREEN,False,AUTO_ACCEPT,False,All immediate drift features are within limits.
1,record_000726664:0,artifacts/input_files/record_000726664.npy,0,Normal,0.9999672174453735,AUTO_ACCEPT,GREEN,False,AUTO_ACCEPT,False,All immediate drift features are within limits.
1,record_000726669:0,artifacts/input_files/record_000726669.npy,0,Normal,0.4709198772907257,ABSTAIN,GREEN,False,ABSTAIN,False,All immediate drift features are within limits.
1,record_000727034:0,artifacts/input_files/record_000727034.npy,0,Loc,0.8093565702438354,ENGINEER_REVIEW,GREEN,False,ENGINEER_REVIEW,False,All immediate drift features are within limits.
1,record_000727036:0,artifacts/input_files/record_000727036.npy,0,Normal,0.9622906446456909,AUTO_ACCEPT,GREEN,False,AUTO_ACCEPT,False,All immediate drift features are within limits.
1,record_000727400:0,artifacts/input_files/record_000727400.npy,0,Loc,0.5836297273635864,ABSTAIN,GREEN,False,ABSTAIN,False,All immediate drift features are within limits.
1,record_000727669:0,artifacts/input_files/record_000727669.npy,0,Normal,0.99993896484375,AUTO_ACCEPT,GREEN,False,AUTO_ACCEPT,False,All immediate drift features are within limits.
1,record_000727842:0,artifacts/input_files/record_000727842.npy,0,Normal,0.9998237490653992,AUTO_ACCEPT,GREEN,False,AUTO_ACCEPT,False,All immediate drift features are within limits.
1,record_000728646:0,artifacts/input_files/record_000728646.npy,0,Normal,0.9999959468841553,AUTO_ACCEPT,GREEN,False,AUTO_ACCEPT,False,All immediate drift features are within limits.
1,record_000728668:0,artifacts/input_files/record_000728668.npy,0,Normal,0.9955028891563416,AUTO_ACCEPT,GREEN,False,AUTO_ACCEPT,False,All immediate drift features are within limits.
1,record_000729322:0,artifacts/input_files/record_000729322.npy,0,Normal,0.9818485975265503,AUTO_ACCEPT,GREEN,False,AUTO_ACCEPT,False,All immediate drift features are within limits.
1,record_000729335:0,artifacts/input_files/record_000729335.npy,0,Normal,0.9999904632568359,AUTO_ACCEPT,GREEN,False,AUTO_ACCEPT,False,All immediate drift features are within limits.
1,record_000729424:0,artifacts/input_files/record_000729424.npy,0,Normal,0.9999761581420898,AUTO_ACCEPT,GREEN,False,AUTO_ACCEPT,False,All immediate drift features are within limits.
1,record_000729435:0,artifacts/input_files/record_000729435.npy,0,Normal,0.9999774694442749,AUTO_ACCEPT,GREEN,False,AUTO_ACCEPT,False,All immediate drift features are within limits.
1,record_000730051:0,artifacts/input_files/record_000730051.npy,0,Normal,0.9999951124191284,AUTO_ACCEPT,GREEN,False,AUTO_ACCEPT,False,All immediate drift features are within limits.
1,record_000730738:0,artifacts/input_files/record_000730738.npy,0,Normal,0.9999933242797852,AUTO_ACCEPT,GREEN,False,AUTO_ACCEPT,False,All immediate drift features are within limits.
1,record_000730831:0,artifacts/input_files/record_000730831.npy,0,Normal,0.9999656677246094,AUTO_ACCEPT,GREEN,False,AUTO_ACCEPT,False,All immediate drift features are within limits.
1,record_000730836:0,artifacts/input_files/record_000730836.npy,0,Normal,0.9999959468841553,AUTO_ACCEPT,GREEN,False,AUTO_ACCEPT,False,All immediate drift features are within limits.
1,record_000731005:0,artifacts/input_files/record_000731005.npy,0,Normal,0.9999945163726807,AUTO_ACCEPT,GREEN,False,AUTO_ACCEPT,False,All immediate drift features are within limits.
1,record_000731011:0,artifacts/input_files/record_000731011.npy,0,Normal,0.9999746084213257,AUTO_ACCEPT,GREEN,False,AUTO_ACCEPT,False,All immediate drift features are within limits.
1,record_000731091:0,artifacts/input_files/record_000731091.npy,0,Normal,0.999748170375824,AUTO_ACCEPT,GREEN,False,AUTO_ACCEPT,False,All immediate drift features are within limits.
1,record_000731093:0,artifacts/input_files/record_000731093.npy,0,Normal,0.9994257688522339,AUTO_ACCEPT,GREEN,False,AUTO_ACCEPT,False,All immediate drift features are within limits.
1,record_000731210:0,artifacts/input_files/record_000731210.npy,0,Loc,0.7931056022644043,ENGINEER_REVIEW,GREEN,False,ENGINEER_REVIEW,False,All immediate drift features are within limits.
1,record_000731215:0,artifacts/input_files/record_000731215.npy,0,Normal,0.9991415739059448,AUTO_ACCEPT,GREEN,False,AUTO_ACCEPT,False,All immediate drift features are within limits.
1,record_000731228:0,artifacts/input_files/record_000731228.npy,0,Normal,0.9999946355819702,AUTO_ACCEPT,GREEN,False,AUTO_ACCEPT,False,All immediate drift features are within limits.
1,record_000731231:0,artifacts/input_files/record_000731231.npy,0,Normal,0.9999786615371704,AUTO_ACCEPT,GREEN,False,AUTO_ACCEPT,False,All immediate drift features are within limits.
1,record_000731232:0,artifacts/input_files/record_000731232.npy,0,Normal,0.9999825954437256,AUTO_ACCEPT,GREEN,False,AUTO_ACCEPT,False,All immediate drift features are within limits.
1,record_000731240:0,artifacts/input_files/record_000731240.npy,0,Normal,0.9999895095825195,AUTO_ACCEPT,GREEN,False,AUTO_ACCEPT,False,All immediate drift features are within limits.
1,record_000731252:0,artifacts/input_files/record_000731252.npy,0,Normal,0.9999951124191284,AUTO_ACCEPT,GREEN,False,AUTO_ACCEPT,False,All immediate drift features are within limits.
1,record_000732082:0,artifacts/input_files/record_000732082.npy,0,Normal,0.9999916553497314,AUTO_ACCEPT,GREEN,False,AUTO_ACCEPT,False,All immediate drift features are within limits.
1,record_000732235:0,artifacts/input_files/record_000732235.npy,0,Center,0.9200001358985901,ENGINEER_REVIEW,GREEN,False,ENGINEER_REVIEW,False,All immediate drift features are within limits.
1,record_000732456:0,artifacts/input_files/record_000732456.npy,0,Normal,0.9997156262397766,AUTO_ACCEPT,GREEN,False,AUTO_ACCEPT,False,All immediate drift features are within limits.
1,record_000733005:0,artifacts/input_files/record_000733005.npy,0,Normal,0.9999978542327881,AUTO_ACCEPT,GREEN,False,AUTO_ACCEPT,False,All immediate drift features are within limits.
1,record_000733257:0,artifacts/input_files/record_000733257.npy,0,Normal,0.9999847412109375,AUTO_ACCEPT,GREEN,False,AUTO_ACCEPT,False,All immediate drift features are within limits.
1,record_000733260:0,artifacts/input_files/record_000733260.npy,0,Normal,0.999988317489624,AUTO_ACCEPT,GREEN,False,AUTO_ACCEPT,False,All immediate drift features are within limits.
1,record_000733342:0,artifacts/input_files/record_000733342.npy,0,Normal,0.999991774559021,AUTO_ACCEPT,GREEN,False,AUTO_ACCEPT,False,All immediate drift features are within limits.
1,record_000733344:0,artifacts/input_files/record_000733344.npy,0,Normal,0.9999934434890747,AUTO_ACCEPT,GREEN,False,AUTO_ACCEPT,False,All immediate drift features are within limits.
1,record_000734134:0,artifacts/input_files/record_000734134.npy,0,Normal,0.999637246131897,AUTO_ACCEPT,GREEN,False,AUTO_ACCEPT,False,All immediate drift features are within limits.
1,record_000734404:0,artifacts/input_files/record_000734404.npy,0,Normal,0.9999935626983643,AUTO_ACCEPT,GREEN,False,AUTO_ACCEPT,False,All immediate drift features are within limits.
1,record_000734805:0,artifacts/input_files/record_000734805.npy,0,Normal,0.9999791383743286,AUTO_ACCEPT,GREEN,False,AUTO_ACCEPT,False,All immediate drift features are within limits.
1,record_000735613:0,artifacts/input_files/record_000735613.npy,0,Normal,0.9999810457229614,AUTO_ACCEPT,GREEN,False,AUTO_ACCEPT,False,All immediate drift features are within limits.
1,record_000735625:0,artifacts/input_files/record_000735625.npy,0,Normal,0.9984719157218933,AUTO_ACCEPT,GREEN,False,AUTO_ACCEPT,False,All immediate drift features are within limits.
1,record_000735796:0,artifacts/input_files/record_000735796.npy,0,Normal,0.9999923706054688,AUTO_ACCEPT,GREEN,False,AUTO_ACCEPT,False,All immediate drift features are within limits.
1,record_000735800:0,artifacts/input_files/record_000735800.npy,0,Normal,0.999886155128479,AUTO_ACCEPT,GREEN,False,AUTO_ACCEPT,False,All immediate drift features are within limits.
1,record_000736911:0,artifacts/input_files/record_000736911.npy,0,Normal,0.999981164932251,AUTO_ACCEPT,GREEN,False,AUTO_ACCEPT,False,All immediate drift features are within limits.
1,record_000736921:0,artifacts/input_files/record_000736921.npy,0,Normal,0.9999345541000366,AUTO_ACCEPT,GREEN,False,AUTO_ACCEPT,False,All immediate drift features are within limits.
1,record_000738108:0,artifacts/input_files/record_000738108.npy,0,Normal,0.9998929500579834,AUTO_ACCEPT,GREEN,False,AUTO_ACCEPT,False,All immediate drift features are within limits.
1,record_000738582:0,artifacts/input_files/record_000738582.npy,0,Normal,0.9999303817749023,AUTO_ACCEPT,GREEN,False,AUTO_ACCEPT,False,All immediate drift features are within limits.
1,record_000738592:0,artifacts/input_files/record_000738592.npy,0,Normal,0.9996885061264038,AUTO_ACCEPT,GREEN,False,AUTO_ACCEPT,False,All immediate drift features are within limits.
1,record_000738825:0,artifacts/input_files/record_000738825.npy,0,Normal,0.6285712122917175,ABSTAIN,GREEN,False,ABSTAIN,False,All immediate drift features are within limits.
1,record_000738832:0,artifacts/input_files/record_000738832.npy,0,Normal,0.9988666772842407,AUTO_ACCEPT,GREEN,False,AUTO_ACCEPT,False,All immediate drift features are within limits.
1,record_000738877:0,artifacts/input_files/record_000738877.npy,0,Normal,0.9985087513923645,AUTO_ACCEPT,GREEN,False,AUTO_ACCEPT,False,All immediate drift features are within limits.
1,record_000738881:0,artifacts/input_files/record_000738881.npy,0,Normal,0.9995036125183105,AUTO_ACCEPT,GREEN,False,AUTO_ACCEPT,False,All immediate drift features are within limits.
1,record_000738949:0,artifacts/input_files/record_000738949.npy,0,Normal,0.9992530941963196,AUTO_ACCEPT,GREEN,False,AUTO_ACCEPT,False,All immediate drift features are within limits.
1,record_000738954:0,artifacts/input_files/record_000738954.npy,0,Normal,0.9997633099555969,AUTO_ACCEPT,GREEN,False,AUTO_ACCEPT,False,All immediate drift features are within limits.
1,record_000739398:0,artifacts/input_files/record_000739398.npy,0,Normal,0.5575245022773743,ABSTAIN,GREEN,False,ABSTAIN,False,All immediate drift features are within limits.
1,record_000740283:0,artifacts/input_files/record_000740283.npy,0,Normal,0.9998704195022583,AUTO_ACCEPT,GREEN,False,AUTO_ACCEPT,False,All immediate drift features are within limits.
1,record_000740291:0,artifacts/input_files/record_000740291.npy,0,Normal,0.9976288676261902,AUTO_ACCEPT,GREEN,False,AUTO_ACCEPT,False,All immediate drift features are within limits.
1,record_000740293:0,artifacts/input_files/record_000740293.npy,0,Normal,0.9976184964179993,AUTO_ACCEPT,GREEN,False,AUTO_ACCEPT,False,All immediate drift features are within limits.
1,record_000742537:0,artifacts/input_files/record_000742537.npy,0,Normal,0.999964714050293,AUTO_ACCEPT,GREEN,False,AUTO_ACCEPT,False,All immediate drift features are within limits.
1,record_000742624:0,artifacts/input_files/record_000742624.npy,0,Normal,0.999617338180542,AUTO_ACCEPT,GREEN,False,AUTO_ACCEPT,False,All immediate drift features are within limits.
1,record_000742628:0,artifacts/input_files/record_000742628.npy,0,Normal,0.9999206066131592,AUTO_ACCEPT,GREEN,False,AUTO_ACCEPT,False,All immediate drift features are within limits.
1,record_000742925:0,artifacts/input_files/record_000742925.npy,0,Normal,0.9996732473373413,AUTO_ACCEPT,GREEN,False,AUTO_ACCEPT,False,All immediate drift features are within limits.
1,record_000742929:0,artifacts/input_files/record_000742929.npy,0,Normal,0.9998190999031067,AUTO_ACCEPT,GREEN,False,AUTO_ACCEPT,False,All immediate drift features are within limits.
1,record_000743299:0,artifacts/input_files/record_000743299.npy,0,Normal,0.703047513961792,ABSTAIN,GREEN,False,ABSTAIN,False,All immediate drift features are within limits.
1,record_000743500:0,artifacts/input_files/record_000743500.npy,0,Loc,0.9209622740745544,ENGINEER_REVIEW,GREEN,False,ENGINEER_REVIEW,False,All immediate drift features are within limits.
1,record_000743516:0,artifacts/input_files/record_000743516.npy,0,Edge-Ring,0.4799397587776184,ABSTAIN,GREEN,False,ABSTAIN,False,All immediate drift features are within limits.
1,record_000743640:0,artifacts/input_files/record_000743640.npy,0,Normal,0.7056567072868347,ABSTAIN,GREEN,False,ABSTAIN,False,All immediate drift features are within limits.
1,record_000743777:0,artifacts/input_files/record_000743777.npy,0,Normal,0.9727683067321777,AUTO_ACCEPT,GREEN,False,AUTO_ACCEPT,False,All immediate drift features are within limits.
1,record_000743866:0,artifacts/input_files/record_000743866.npy,0,Loc,0.7783011794090271,ENGINEER_REVIEW,GREEN,False,ENGINEER_REVIEW,False,All immediate drift features are within limits.
1,record_000744159:0,artifacts/input_files/record_000744159.npy,0,Edge-Loc,0.5497852563858032,ABSTAIN,GREEN,False,ABSTAIN,False,All immediate drift features are within limits.
1,record_000744171:0,artifacts/input_files/record_000744171.npy,0,Edge-Ring,0.9937710165977478,ENGINEER_REVIEW,GREEN,False,ENGINEER_REVIEW,False,All immediate drift features are within limits.
1,record_000744186:0,artifacts/input_files/record_000744186.npy,0,Edge-Ring,0.9380120635032654,ENGINEER_REVIEW,GREEN,False,ENGINEER_REVIEW,False,All immediate drift features are within limits.
1,record_000744227:0,artifacts/input_files/record_000744227.npy,0,Edge-Ring,0.6170029044151306,ABSTAIN,GREEN,False,ABSTAIN,False,All immediate drift features are within limits.
1,record_000744643:0,artifacts/input_files/record_000744643.npy,0,Normal,0.9943361878395081,AUTO_ACCEPT,GREEN,False,AUTO_ACCEPT,False,All immediate drift features are within limits.
1,record_000744648:0,artifacts/input_files/record_000744648.npy,0,Normal,0.9919171929359436,AUTO_ACCEPT,GREEN,False,AUTO_ACCEPT,False,All immediate drift features are within limits.
1,record_000744842:0,artifacts/input_files/record_000744842.npy,0,Normal,0.9968388080596924,AUTO_ACCEPT,GREEN,False,AUTO_ACCEPT,False,All immediate drift features are within limits.
1,record_000745027:0,artifacts/input_files/record_000745027.npy,0,Normal,0.9897260069847107,AUTO_ACCEPT,GREEN,False,AUTO_ACCEPT,False,All immediate drift features are within limits.
1,record_000745031:0,artifacts/input_files/record_000745031.npy,0,Normal,0.9647844433784485,AUTO_ACCEPT,GREEN,False,AUTO_ACCEPT,False,All immediate drift features are within limits.
1,record_000745503:0,artifacts/input_files/record_000745503.npy,0,Normal,0.9999998807907104,AUTO_ACCEPT,GREEN,False,AUTO_ACCEPT,False,All immediate drift features are within limits.
1,record_000745543:0,artifacts/input_files/record_000745543.npy,0,Normal,0.9997698664665222,AUTO_ACCEPT,GREEN,False,AUTO_ACCEPT,False,All immediate drift features are within limits.
1,record_000745679:0,artifacts/input_files/record_000745679.npy,0,Normal,0.9590333104133606,AUTO_ACCEPT,GREEN,False,AUTO_ACCEPT,False,All immediate drift features are within limits.
1,record_000745769:0,artifacts/input_files/record_000745769.npy,0,Center,0.9984328150749207,ENGINEER_REVIEW,GREEN,False,ENGINEER_REVIEW,False,All immediate drift features are within limits.
1,record_000746000:0,artifacts/input_files/record_000746000.npy,0,Normal,0.9999141693115234,AUTO_ACCEPT,GREEN,False,AUTO_ACCEPT,False,All immediate drift features are within limits.
1,record_000746062:0,artifacts/input_files/record_000746062.npy,0,Normal,0.9936251640319824,AUTO_ACCEPT,GREEN,False,AUTO_ACCEPT,False,All immediate drift features are within limits.
1,record_000746307:0,artifacts/input_files/record_000746307.npy,0,Normal,0.9999959468841553,AUTO_ACCEPT,GREEN,False,AUTO_ACCEPT,False,All immediate drift features are within limits.
1,record_000746406:0,artifacts/input_files/record_000746406.npy,0,Normal,0.999954342842102,AUTO_ACCEPT,GREEN,False,AUTO_ACCEPT,False,All immediate drift features are within limits.
1,record_000746738:0,artifacts/input_files/record_000746738.npy,0,Normal,0.9998264908790588,AUTO_ACCEPT,GREEN,False,AUTO_ACCEPT,False,All immediate drift features are within limits.
1,record_000747136:0,artifacts/input_files/record_000747136.npy,0,Normal,0.9999940395355225,AUTO_ACCEPT,GREEN,False,AUTO_ACCEPT,False,All immediate drift features are within limits.
1,record_000747317:0,artifacts/input_files/record_000747317.npy,0,Normal,0.9993531107902527,AUTO_ACCEPT,GREEN,False,AUTO_ACCEPT,False,All immediate drift features are within limits.
1,record_000747323:0,artifacts/input_files/record_000747323.npy,0,Normal,0.999997615814209,AUTO_ACCEPT,GREEN,False,AUTO_ACCEPT,False,All immediate drift features are within limits.
1,record_000747336:0,artifacts/input_files/record_000747336.npy,0,Normal,0.9997723698616028,AUTO_ACCEPT,GREEN,False,AUTO_ACCEPT,False,All immediate drift features are within limits.
1,record_000747496:0,artifacts/input_files/record_000747496.npy,0,Normal,0.9953644275665283,AUTO_ACCEPT,GREEN,False,AUTO_ACCEPT,False,All immediate drift features are within limits.
1,record_000747778:0,artifacts/input_files/record_000747778.npy,0,Normal,0.9997811913490295,AUTO_ACCEPT,GREEN,False,AUTO_ACCEPT,False,All immediate drift features are within limits.
1,record_000748452:0,artifacts/input_files/record_000748452.npy,0,Normal,0.9994588494300842,AUTO_ACCEPT,GREEN,False,AUTO_ACCEPT,False,All immediate drift features are within limits.
1,record_000748787:0,artifacts/input_files/record_000748787.npy,0,Normal,0.9982781410217285,AUTO_ACCEPT,GREEN,False,AUTO_ACCEPT,False,All immediate drift features are within limits.
1,record_000748936:0,artifacts/input_files/record_000748936.npy,0,Normal,0.9999997615814209,AUTO_ACCEPT,GREEN,False,AUTO_ACCEPT,False,All immediate drift features are within limits.
1,record_000749123:0,artifacts/input_files/record_000749123.npy,0,Normal,0.9999879598617554,AUTO_ACCEPT,GREEN,False,AUTO_ACCEPT,False,All immediate drift features are within limits.
1,record_000749650:0,artifacts/input_files/record_000749650.npy,0,Normal,0.9999991655349731,AUTO_ACCEPT,GREEN,False,AUTO_ACCEPT,False,All immediate drift features are within limits.
1,record_000749654:0,artifacts/input_files/record_000749654.npy,0,Normal,0.9999903440475464,AUTO_ACCEPT,GREEN,False,AUTO_ACCEPT,False,All immediate drift features are within limits.
1,record_000749657:0,artifacts/input_files/record_000749657.npy,0,Normal,0.9999864101409912,AUTO_ACCEPT,GREEN,False,AUTO_ACCEPT,False,All immediate drift features are within limits.
1,record_000749658:0,artifacts/input_files/record_000749658.npy,0,Normal,0.9999985694885254,AUTO_ACCEPT,GREEN,False,AUTO_ACCEPT,False,All immediate drift features are within limits.
1,record_000749893:0,artifacts/input_files/record_000749893.npy,0,Normal,0.9999990463256836,AUTO_ACCEPT,GREEN,False,AUTO_ACCEPT,False,All immediate drift features are within limits.
1,record_000750112:0,artifacts/input_files/record_000750112.npy,0,Normal,0.9999980926513672,AUTO_ACCEPT,GREEN,False,AUTO_ACCEPT,False,All immediate drift features are within limits.
1,record_000750117:0,artifacts/input_files/record_000750117.npy,0,Normal,0.999997615814209,AUTO_ACCEPT,GREEN,False,AUTO_ACCEPT,False,All immediate drift features are within limits.
1,record_000750118:0,artifacts/input_files/record_000750118.npy,0,Normal,0.9999198913574219,AUTO_ACCEPT,GREEN,False,AUTO_ACCEPT,False,All immediate drift features are within limits.
1,record_000750119:0,artifacts/input_files/record_000750119.npy,0,Normal,0.99996018409729,AUTO_ACCEPT,GREEN,False,AUTO_ACCEPT,False,All immediate drift features are within limits.
1,record_000750371:0,artifacts/input_files/record_000750371.npy,0,Normal,0.9999936819076538,AUTO_ACCEPT,GREEN,False,AUTO_ACCEPT,False,All immediate drift features are within limits.
1,record_000750374:0,artifacts/input_files/record_000750374.npy,0,Normal,0.9999996423721313,AUTO_ACCEPT,GREEN,False,AUTO_ACCEPT,False,All immediate drift features are within limits.
1,record_000750741:0,artifacts/input_files/record_000750741.npy,0,Normal,0.9999991655349731,AUTO_ACCEPT,GREEN,False,AUTO_ACCEPT,False,All immediate drift features are within limits.
1,record_000750854:0,artifacts/input_files/record_000750854.npy,0,Normal,0.9999955892562866,AUTO_ACCEPT,GREEN,False,AUTO_ACCEPT,False,All immediate drift features are within limits.
1,record_000751466:0,artifacts/input_files/record_000751466.npy,0,Normal,0.9999996423721313,AUTO_ACCEPT,GREEN,False,AUTO_ACCEPT,False,All immediate drift features are within limits.
1,record_000751576:0,artifacts/input_files/record_000751576.npy,0,Normal,0.9999954700469971,AUTO_ACCEPT,GREEN,False,AUTO_ACCEPT,False,All immediate drift features are within limits.
1,record_000751922:0,artifacts/input_files/record_000751922.npy,0,Normal,0.9999955892562866,AUTO_ACCEPT,GREEN,False,AUTO_ACCEPT,False,All immediate drift features are within limits.
1,record_000751925:0,artifacts/input_files/record_000751925.npy,0,Normal,0.999972939491272,AUTO_ACCEPT,GREEN,False,AUTO_ACCEPT,False,All immediate drift features are within limits.
1,record_000751945:0,artifacts/input_files/record_000751945.npy,0,Normal,0.9999717473983765,AUTO_ACCEPT,GREEN,False,AUTO_ACCEPT,False,All immediate drift features are within limits.
1,record_000751951:0,artifacts/input_files/record_000751951.npy,0,Normal,0.9999998807907104,AUTO_ACCEPT,GREEN,False,AUTO_ACCEPT,False,All immediate drift features are within limits.
1,record_000752196:0,artifacts/input_files/record_000752196.npy,0,Normal,0.9999983310699463,AUTO_ACCEPT,GREEN,False,AUTO_ACCEPT,False,All immediate drift features are within limits.
1,record_000752274:0,artifacts/input_files/record_000752274.npy,0,Normal,0.9999932050704956,AUTO_ACCEPT,GREEN,False,AUTO_ACCEPT,False,All immediate drift features are within limits.
1,record_000752280:0,artifacts/input_files/record_000752280.npy,0,Normal,0.999998927116394,AUTO_ACCEPT,GREEN,False,AUTO_ACCEPT,False,All immediate drift features are within limits.
1,record_000752290:0,artifacts/input_files/record_000752290.npy,0,Normal,0.9999942779541016,AUTO_ACCEPT,GREEN,False,AUTO_ACCEPT,False,All immediate drift features are within limits.
1,record_000752412:0,artifacts/input_files/record_000752412.npy,0,Normal,1.0,AUTO_ACCEPT,GREEN,False,AUTO_ACCEPT,False,All immediate drift features are within limits.
1,record_000752809:0,artifacts/input_files/record_000752809.npy,0,Normal,0.9999305009841919,AUTO_ACCEPT,GREEN,False,AUTO_ACCEPT,False,All immediate drift features are within limits.
1,record_000752818:0,artifacts/input_files/record_000752818.npy,0,Normal,0.9999927282333374,AUTO_ACCEPT,GREEN,False,AUTO_ACCEPT,False,All immediate drift features are within limits.
1,record_000752875:0,artifacts/input_files/record_000752875.npy,0,Loc,0.9679011106491089,ENGINEER_REVIEW,GREEN,False,ENGINEER_REVIEW,False,All immediate drift features are within limits.
1,record_000752879:0,artifacts/input_files/record_000752879.npy,0,Normal,1.0,AUTO_ACCEPT,GREEN,False,AUTO_ACCEPT,False,All immediate drift features are within limits.
1,record_000753331:0,artifacts/input_files/record_000753331.npy,0,Normal,0.9999945163726807,AUTO_ACCEPT,GREEN,False,AUTO_ACCEPT,False,All immediate drift features are within limits.
1,record_000753344:0,artifacts/input_files/record_000753344.npy,0,Normal,0.9999982118606567,AUTO_ACCEPT,GREEN,False,AUTO_ACCEPT,False,All immediate drift features are within limits.
1,record_000753682:0,artifacts/input_files/record_000753682.npy,0,Normal,0.9999513626098633,AUTO_ACCEPT,GREEN,False,AUTO_ACCEPT,False,All immediate drift features are within limits.
1,record_000753997:0,artifacts/input_files/record_000753997.npy,0,Normal,0.9999880790710449,AUTO_ACCEPT,GREEN,False,AUTO_ACCEPT,False,All immediate drift features are within limits.
1,record_000754008:0,artifacts/input_files/record_000754008.npy,0,Normal,0.9999929666519165,AUTO_ACCEPT,GREEN,False,AUTO_ACCEPT,False,All immediate drift features are within limits.
1,record_000754371:0,artifacts/input_files/record_000754371.npy,0,Normal,0.9999997615814209,AUTO_ACCEPT,GREEN,False,AUTO_ACCEPT,False,All immediate drift features are within limits.
1,record_000754886:0,artifacts/input_files/record_000754886.npy,0,Normal,0.9995348453521729,AUTO_ACCEPT,GREEN,False,AUTO_ACCEPT,False,All immediate drift features are within limits.
1,record_000755114:0,artifacts/input_files/record_000755114.npy,0,Normal,0.9991492033004761,AUTO_ACCEPT,GREEN,False,AUTO_ACCEPT,False,All immediate drift features are within limits.
1,record_000755118:0,artifacts/input_files/record_000755118.npy,0,Edge-Loc,0.9692971706390381,ENGINEER_REVIEW,GREEN,False,ENGINEER_REVIEW,False,All immediate drift features are within limits.
1,record_000755120:0,artifacts/input_files/record_000755120.npy,0,Normal,0.9992727637290955,AUTO_ACCEPT,GREEN,False,AUTO_ACCEPT,False,All immediate drift features are within limits.
1,record_000755598:0,artifacts/input_files/record_000755598.npy,0,Normal,0.9999923706054688,AUTO_ACCEPT,GREEN,False,AUTO_ACCEPT,False,All immediate drift features are within limits.
1,record_000756134:0,artifacts/input_files/record_000756134.npy,0,Normal,0.9905548691749573,AUTO_ACCEPT,GREEN,False,AUTO_ACCEPT,False,All immediate drift features are within limits.
1,record_000756357:0,artifacts/input_files/record_000756357.npy,0,Normal,0.9983615279197693,AUTO_ACCEPT,GREEN,False,AUTO_ACCEPT,False,All immediate drift features are within limits.
1,record_000756822:0,artifacts/input_files/record_000756822.npy,0,Normal,0.987882137298584,AUTO_ACCEPT,GREEN,False,AUTO_ACCEPT,False,All immediate drift features are within limits.
1,record_000756830:0,artifacts/input_files/record_000756830.npy,0,Edge-Loc,0.6730567216873169,ABSTAIN,GREEN,False,ABSTAIN,False,All immediate drift features are within limits.
1,record_000757471:0,artifacts/input_files/record_000757471.npy,0,Normal,0.9999402761459351,AUTO_ACCEPT,GREEN,False,AUTO_ACCEPT,False,All immediate drift features are within limits.
1,record_000757477:0,artifacts/input_files/record_000757477.npy,0,Normal,0.5066045522689819,ABSTAIN,GREEN,False,ABSTAIN,False,All immediate drift features are within limits.
1,record_000757777:0,artifacts/input_files/record_000757777.npy,0,Normal,0.999777615070343,AUTO_ACCEPT,GREEN,False,AUTO_ACCEPT,False,All immediate drift features are within limits.
1,record_000758640:0,artifacts/input_files/record_000758640.npy,0,Normal,0.9996753931045532,AUTO_ACCEPT,GREEN,False,AUTO_ACCEPT,False,All immediate drift features are within limits.
1,record_000758656:0,artifacts/input_files/record_000758656.npy,0,Normal,0.9990952014923096,AUTO_ACCEPT,GREEN,False,AUTO_ACCEPT,False,All immediate drift features are within limits.
1,record_000759229:0,artifacts/input_files/record_000759229.npy,0,Normal,0.9998772144317627,AUTO_ACCEPT,GREEN,False,AUTO_ACCEPT,False,All immediate drift features are within limits.
1,record_000759235:0,artifacts/input_files/record_000759235.npy,0,Normal,0.9999784231185913,AUTO_ACCEPT,GREEN,False,AUTO_ACCEPT,False,All immediate drift features are within limits.
1,record_000759299:0,artifacts/input_files/record_000759299.npy,0,Normal,0.9998903274536133,AUTO_ACCEPT,GREEN,False,AUTO_ACCEPT,False,All immediate drift features are within limits.
1,record_000759793:0,artifacts/input_files/record_000759793.npy,0,Normal,0.9998980760574341,AUTO_ACCEPT,GREEN,False,AUTO_ACCEPT,False,All immediate drift features are within limits.
1,record_000759809:0,artifacts/input_files/record_000759809.npy,0,Normal,0.999908447265625,AUTO_ACCEPT,GREEN,False,AUTO_ACCEPT,False,All immediate drift features are within limits.
1,record_000759883:0,artifacts/input_files/record_000759883.npy,0,Normal,0.9997854828834534,AUTO_ACCEPT,GREEN,False,AUTO_ACCEPT,False,All immediate drift features are within limits.
1,record_000759887:0,artifacts/input_files/record_000759887.npy,0,Normal,0.9998993873596191,AUTO_ACCEPT,GREEN,False,AUTO_ACCEPT,False,All immediate drift features are within limits.
1,record_000760055:0,artifacts/input_files/record_000760055.npy,0,Normal,0.9999661445617676,AUTO_ACCEPT,GREEN,False,AUTO_ACCEPT,False,All immediate drift features are within limits.
1,record_000760124:0,artifacts/input_files/record_000760124.npy,0,Normal,0.9999456405639648,AUTO_ACCEPT,GREEN,False,AUTO_ACCEPT,False,All immediate drift features are within limits.
1,record_000760128:0,artifacts/input_files/record_000760128.npy,0,Normal,0.9998645782470703,AUTO_ACCEPT,GREEN,False,AUTO_ACCEPT,False,All immediate drift features are within limits.
1,record_000760149:0,artifacts/input_files/record_000760149.npy,0,Normal,0.9866933226585388,AUTO_ACCEPT,GREEN,False,AUTO_ACCEPT,False,All immediate drift features are within limits.
1,record_000760370:0,artifacts/input_files/record_000760370.npy,0,Normal,0.9577639102935791,AUTO_ACCEPT,GREEN,False,AUTO_ACCEPT,False,All immediate drift features are within limits.
1,record_000760712:0,artifacts/input_files/record_000760712.npy,0,Normal,0.9939232468605042,AUTO_ACCEPT,GREEN,False,AUTO_ACCEPT,False,All immediate drift features are within limits.
1,record_000760829:0,artifacts/input_files/record_000760829.npy,0,Normal,0.9997856020927429,AUTO_ACCEPT,GREEN,False,AUTO_ACCEPT,False,All immediate drift features are within limits.
1,record_000760830:0,artifacts/input_files/record_000760830.npy,0,Normal,0.9997913241386414,AUTO_ACCEPT,GREEN,False,AUTO_ACCEPT,False,All immediate drift features are within limits.
1,record_000760865:0,artifacts/input_files/record_000760865.npy,0,Normal,0.999737560749054,AUTO_ACCEPT,GREEN,False,AUTO_ACCEPT,False,All immediate drift features are within limits.
1,record_000760937:0,artifacts/input_files/record_000760937.npy,0,Edge-Loc,0.5131072998046875,ABSTAIN,GREEN,False,ABSTAIN,False,All immediate drift features are within limits.
1,record_000760969:0,artifacts/input_files/record_000760969.npy,0,Normal,0.9998062252998352,AUTO_ACCEPT,GREEN,False,AUTO_ACCEPT,False,All immediate drift features are within limits.
1,record_000761153:0,artifacts/input_files/record_000761153.npy,0,Normal,0.9964098334312439,AUTO_ACCEPT,GREEN,False,AUTO_ACCEPT,False,All immediate drift features are within limits.
1,record_000761154:0,artifacts/input_files/record_000761154.npy,0,Loc,0.6347205638885498,ABSTAIN,GREEN,False,ABSTAIN,False,All immediate drift features are within limits.
1,record_000761203:0,artifacts/input_files/record_000761203.npy,0,Normal,0.9999226331710815,AUTO_ACCEPT,GREEN,False,AUTO_ACCEPT,False,All immediate drift features are within limits.
1,record_000761243:0,artifacts/input_files/record_000761243.npy,0,Normal,0.9999454021453857,AUTO_ACCEPT,GREEN,False,AUTO_ACCEPT,False,All immediate drift features are within limits.
1,record_000761256:0,artifacts/input_files/record_000761256.npy,0,Normal,0.9995040893554688,AUTO_ACCEPT,GREEN,False,AUTO_ACCEPT,False,All immediate drift features are within limits.
1,record_000761418:0,artifacts/input_files/record_000761418.npy,0,Normal,0.9998401403427124,AUTO_ACCEPT,GREEN,False,AUTO_ACCEPT,False,All immediate drift features are within limits.
1,record_000761818:0,artifacts/input_files/record_000761818.npy,0,Normal,0.9999170303344727,AUTO_ACCEPT,GREEN,False,AUTO_ACCEPT,False,All immediate drift features are within limits.
1,record_000762105:0,artifacts/input_files/record_000762105.npy,0,Center,0.5965217351913452,ABSTAIN,GREEN,False,ABSTAIN,False,All immediate drift features are within limits.
1,record_000762318:0,artifacts/input_files/record_000762318.npy,0,Center,0.7973892092704773,ENGINEER_REVIEW,GREEN,False,ENGINEER_REVIEW,False,All immediate drift features are within limits.
1,record_000762603:0,artifacts/input_files/record_000762603.npy,0,Center,0.843277633190155,ENGINEER_REVIEW,GREEN,False,ENGINEER_REVIEW,False,All immediate drift features are within limits.
1,record_000762706:0,artifacts/input_files/record_000762706.npy,0,Normal,0.9751973748207092,AUTO_ACCEPT,GREEN,False,AUTO_ACCEPT,False,All immediate drift features are within limits.
1,record_000762710:0,artifacts/input_files/record_000762710.npy,0,Normal,0.7787225246429443,ENGINEER_REVIEW,GREEN,False,ENGINEER_REVIEW,False,All immediate drift features are within limits.
1,record_000762711:0,artifacts/input_files/record_000762711.npy,0,Normal,0.9999475479125977,AUTO_ACCEPT,GREEN,False,AUTO_ACCEPT,False,All immediate drift features are within limits.
1,record_000763095:0,artifacts/input_files/record_000763095.npy,0,Normal,0.9999107122421265,AUTO_ACCEPT,GREEN,False,AUTO_ACCEPT,False,All immediate drift features are within limits.
1,record_000763096:0,artifacts/input_files/record_000763096.npy,0,Edge-Loc,0.6708247065544128,ABSTAIN,GREEN,False,ABSTAIN,False,All immediate drift features are within limits.
1,record_000763661:0,artifacts/input_files/record_000763661.npy,0,Normal,0.9999362230300903,AUTO_ACCEPT,GREEN,False,AUTO_ACCEPT,False,All immediate drift features are within limits.
1,record_000764238:0,artifacts/input_files/record_000764238.npy,0,Normal,0.9592697620391846,AUTO_ACCEPT,GREEN,False,AUTO_ACCEPT,False,All immediate drift features are within limits.
1,record_000764512:0,artifacts/input_files/record_000764512.npy,0,Center,0.9812038540840149,ENGINEER_REVIEW,GREEN,False,ENGINEER_REVIEW,False,All immediate drift features are within limits.
1,record_000764518:0,artifacts/input_files/record_000764518.npy,0,Center,0.5894476771354675,ABSTAIN,GREEN,False,ABSTAIN,False,All immediate drift features are within limits.
1,record_000765009:0,artifacts/input_files/record_000765009.npy,0,Normal,0.9998478889465332,AUTO_ACCEPT,GREEN,False,AUTO_ACCEPT,False,All immediate drift features are within limits.
1,record_000765195:0,artifacts/input_files/record_000765195.npy,0,Normal,0.999885082244873,AUTO_ACCEPT,GREEN,False,AUTO_ACCEPT,False,All immediate drift features are within limits.
1,record_000765257:0,artifacts/input_files/record_000765257.npy,0,Edge-Loc,0.9925315976142883,ENGINEER_REVIEW,GREEN,False,ENGINEER_REVIEW,False,All immediate drift features are within limits.
1,record_000765281:0,artifacts/input_files/record_000765281.npy,0,Normal,0.9998182654380798,AUTO_ACCEPT,GREEN,False,AUTO_ACCEPT,False,All immediate drift features are within limits.
1,record_000765348:0,artifacts/input_files/record_000765348.npy,0,Normal,0.9995009899139404,AUTO_ACCEPT,GREEN,False,AUTO_ACCEPT,False,All immediate drift features are within limits.
1,record_000765572:0,artifacts/input_files/record_000765572.npy,0,Normal,0.9995261430740356,AUTO_ACCEPT,GREEN,False,AUTO_ACCEPT,False,All immediate drift features are within limits.
1,record_000765590:0,artifacts/input_files/record_000765590.npy,0,Normal,0.9998852014541626,AUTO_ACCEPT,GREEN,False,AUTO_ACCEPT,False,All immediate drift features are within limits.
1,record_000765649:0,artifacts/input_files/record_000765649.npy,0,Normal,0.9972783923149109,AUTO_ACCEPT,GREEN,False,AUTO_ACCEPT,False,All immediate drift features are within limits.
1,record_000765669:0,artifacts/input_files/record_000765669.npy,0,Normal,0.9998592138290405,AUTO_ACCEPT,GREEN,False,AUTO_ACCEPT,False,All immediate drift features are within limits.
1,record_000765720:0,artifacts/input_files/record_000765720.npy,0,Normal,0.9996190071105957,AUTO_ACCEPT,GREEN,False,AUTO_ACCEPT,False,All immediate drift features are within limits.
1,record_000765816:0,artifacts/input_files/record_000765816.npy,0,Normal,0.9997592568397522,AUTO_ACCEPT,GREEN,False,AUTO_ACCEPT,False,All immediate drift features are within limits.
1,record_000766040:0,artifacts/input_files/record_000766040.npy,0,Normal,0.9963865280151367,AUTO_ACCEPT,GREEN,False,AUTO_ACCEPT,False,All immediate drift features are within limits.
1,record_000766046:0,artifacts/input_files/record_000766046.npy,0,Normal,0.9998761415481567,AUTO_ACCEPT,GREEN,False,AUTO_ACCEPT,False,All immediate drift features are within limits.
1,record_000766081:0,artifacts/input_files/record_000766081.npy,0,Normal,0.999903678894043,AUTO_ACCEPT,GREEN,False,AUTO_ACCEPT,False,All immediate drift features are within limits.
1,record_000766091:0,artifacts/input_files/record_000766091.npy,0,Normal,0.999868631362915,AUTO_ACCEPT,GREEN,False,AUTO_ACCEPT,False,All immediate drift features are within limits.
1,record_000766149:0,artifacts/input_files/record_000766149.npy,0,Normal,0.9998821020126343,AUTO_ACCEPT,GREEN,False,AUTO_ACCEPT,False,All immediate drift features are within limits.
1,record_000766422:0,artifacts/input_files/record_000766422.npy,0,Normal,0.9998036026954651,AUTO_ACCEPT,GREEN,False,AUTO_ACCEPT,False,All immediate drift features are within limits.
1,record_000766430:0,artifacts/input_files/record_000766430.npy,0,Normal,0.9918143153190613,AUTO_ACCEPT,GREEN,False,AUTO_ACCEPT,False,All immediate drift features are within limits.
1,record_000766527:0,artifacts/input_files/record_000766527.npy,0,Normal,0.9995853304862976,AUTO_ACCEPT,GREEN,False,AUTO_ACCEPT,False,All immediate drift features are within limits.
1,record_000766898:0,artifacts/input_files/record_000766898.npy,0,Normal,0.9995678067207336,AUTO_ACCEPT,GREEN,False,AUTO_ACCEPT,False,All immediate drift features are within limits.
1,record_000766902:0,artifacts/input_files/record_000766902.npy,0,Normal,0.9993089437484741,AUTO_ACCEPT,GREEN,False,AUTO_ACCEPT,False,All immediate drift features are within limits.
1,record_000766916:0,artifacts/input_files/record_000766916.npy,0,Normal,0.9998500347137451,AUTO_ACCEPT,GREEN,False,AUTO_ACCEPT,False,All immediate drift features are within limits.
1,record_000766939:0,artifacts/input_files/record_000766939.npy,0,Normal,0.9998012185096741,AUTO_ACCEPT,GREEN,False,AUTO_ACCEPT,False,All immediate drift features are within limits.
1,record_000767052:0,artifacts/input_files/record_000767052.npy,0,Normal,0.9999186992645264,AUTO_ACCEPT,GREEN,False,AUTO_ACCEPT,False,All immediate drift features are within limits.
1,record_000767064:0,artifacts/input_files/record_000767064.npy,0,Normal,0.9998711347579956,AUTO_ACCEPT,GREEN,False,AUTO_ACCEPT,False,All immediate drift features are within limits.
1,record_000767070:0,artifacts/input_files/record_000767070.npy,0,Normal,0.9999077320098877,AUTO_ACCEPT,GREEN,False,AUTO_ACCEPT,False,All immediate drift features are within limits.
1,record_000767153:0,artifacts/input_files/record_000767153.npy,0,Normal,0.9998825788497925,AUTO_ACCEPT,GREEN,False,AUTO_ACCEPT,False,All immediate drift features are within limits.
1,record_000767166:0,artifacts/input_files/record_000767166.npy,0,Normal,0.9996247291564941,AUTO_ACCEPT,GREEN,False,AUTO_ACCEPT,False,All immediate drift features are within limits.
1,record_000767555:0,artifacts/input_files/record_000767555.npy,0,Normal,0.9996912479400635,AUTO_ACCEPT,GREEN,False,AUTO_ACCEPT,False,All immediate drift features are within limits.
1,record_000767630:0,artifacts/input_files/record_000767630.npy,0,Normal,0.9754477739334106,AUTO_ACCEPT,GREEN,False,AUTO_ACCEPT,False,All immediate drift features are within limits.
1,record_000768249:0,artifacts/input_files/record_000768249.npy,0,Normal,0.9984287619590759,AUTO_ACCEPT,GREEN,False,AUTO_ACCEPT,False,All immediate drift features are within limits.
1,record_000768254:0,artifacts/input_files/record_000768254.npy,0,Normal,0.9996154308319092,AUTO_ACCEPT,GREEN,False,AUTO_ACCEPT,False,All immediate drift features are within limits.
1,record_000769068:0,artifacts/input_files/record_000769068.npy,0,Normal,0.9993791580200195,AUTO_ACCEPT,GREEN,False,AUTO_ACCEPT,False,All immediate drift features are within limits.
1,record_000769069:0,artifacts/input_files/record_000769069.npy,0,Normal,0.9985361099243164,AUTO_ACCEPT,GREEN,False,AUTO_ACCEPT,False,All immediate drift features are within limits.
1,record_000769091:0,artifacts/input_files/record_000769091.npy,0,Normal,0.8672723174095154,ENGINEER_REVIEW,GREEN,False,ENGINEER_REVIEW,False,All immediate drift features are within limits.
1,record_000769429:0,artifacts/input_files/record_000769429.npy,0,Normal,0.9998416900634766,AUTO_ACCEPT,GREEN,False,AUTO_ACCEPT,False,All immediate drift features are within limits.
1,record_000769434:0,artifacts/input_files/record_000769434.npy,0,Normal,0.9998998641967773,AUTO_ACCEPT,GREEN,False,AUTO_ACCEPT,False,All immediate drift features are within limits.
1,record_000769439:0,artifacts/input_files/record_000769439.npy,0,Normal,0.4637911915779114,ABSTAIN,GREEN,False,ABSTAIN,False,All immediate drift features are within limits.
1,record_000769685:0,artifacts/input_files/record_000769685.npy,0,Normal,0.9992581009864807,AUTO_ACCEPT,GREEN,False,AUTO_ACCEPT,False,All immediate drift features are within limits.
1,record_000769990:0,artifacts/input_files/record_000769990.npy,0,Normal,0.9996917247772217,AUTO_ACCEPT,GREEN,False,AUTO_ACCEPT,False,All immediate drift features are within limits.
1,record_000769991:0,artifacts/input_files/record_000769991.npy,0,Normal,0.9994291663169861,AUTO_ACCEPT,GREEN,False,AUTO_ACCEPT,False,All immediate drift features are within limits.
1,record_000770051:0,artifacts/input_files/record_000770051.npy,0,Normal,0.9995070695877075,AUTO_ACCEPT,GREEN,False,AUTO_ACCEPT,False,All immediate drift features are within limits.
1,record_000770057:0,artifacts/input_files/record_000770057.npy,0,Normal,0.9995483756065369,AUTO_ACCEPT,GREEN,False,AUTO_ACCEPT,False,All immediate drift features are within limits.
1,record_000770087:0,artifacts/input_files/record_000770087.npy,0,Edge-Loc,0.6938620805740356,ABSTAIN,GREEN,False,ABSTAIN,False,All immediate drift features are within limits.
1,record_000770105:0,artifacts/input_files/record_000770105.npy,0,Normal,0.9998990297317505,AUTO_ACCEPT,GREEN,False,AUTO_ACCEPT,False,All immediate drift features are within limits.
1,record_000770489:0,artifacts/input_files/record_000770489.npy,0,Normal,0.9996752738952637,AUTO_ACCEPT,GREEN,False,AUTO_ACCEPT,False,All immediate drift features are within limits.
1,record_000770539:0,artifacts/input_files/record_000770539.npy,0,Normal,0.9994155168533325,AUTO_ACCEPT,GREEN,False,AUTO_ACCEPT,False,All immediate drift features are within limits.
1,record_000770547:0,artifacts/input_files/record_000770547.npy,0,Normal,0.8758233189582825,ENGINEER_REVIEW,GREEN,False,ENGINEER_REVIEW,False,All immediate drift features are within limits.
1,record_000770778:0,artifacts/input_files/record_000770778.npy,0,Normal,0.9996980428695679,AUTO_ACCEPT,GREEN,False,AUTO_ACCEPT,False,All immediate drift features are within limits.
1,record_000770855:0,artifacts/input_files/record_000770855.npy,0,Normal,0.999721109867096,AUTO_ACCEPT,GREEN,False,AUTO_ACCEPT,False,All immediate drift features are within limits.
1,record_000771591:0,artifacts/input_files/record_000771591.npy,0,Normal,0.9998440742492676,AUTO_ACCEPT,GREEN,False,AUTO_ACCEPT,False,All immediate drift features are within limits.
1,record_000771659:0,artifacts/input_files/record_000771659.npy,0,Normal,0.9987887740135193,AUTO_ACCEPT,GREEN,False,AUTO_ACCEPT,False,All immediate drift features are within limits.
1,record_000771675:0,artifacts/input_files/record_000771675.npy,0,Normal,0.9995495676994324,AUTO_ACCEPT,GREEN,False,AUTO_ACCEPT,False,All immediate drift features are within limits.
1,record_000771887:0,artifacts/input_files/record_000771887.npy,0,Normal,0.9986312985420227,AUTO_ACCEPT,GREEN,False,AUTO_ACCEPT,False,All immediate drift features are within limits.
1,record_000771979:0,artifacts/input_files/record_000771979.npy,0,Normal,0.9995508790016174,AUTO_ACCEPT,GREEN,False,AUTO_ACCEPT,False,All immediate drift features are within limits.
1,record_000772539:0,artifacts/input_files/record_000772539.npy,0,Normal,0.9999154806137085,AUTO_ACCEPT,GREEN,False,AUTO_ACCEPT,False,All immediate drift features are within limits.
1,record_000773539:0,artifacts/input_files/record_000773539.npy,0,Normal,0.9992808699607849,AUTO_ACCEPT,GREEN,False,AUTO_ACCEPT,False,All immediate drift features are within limits.
1,record_000773715:0,artifacts/input_files/record_000773715.npy,0,Normal,0.9937782287597656,AUTO_ACCEPT,GREEN,False,AUTO_ACCEPT,False,All immediate drift features are within limits.
1,record_000773717:0,artifacts/input_files/record_000773717.npy,0,Normal,0.9993828535079956,AUTO_ACCEPT,GREEN,False,AUTO_ACCEPT,False,All immediate drift features are within limits.
1,record_000773866:0,artifacts/input_files/record_000773866.npy,0,Normal,0.9990668892860413,AUTO_ACCEPT,GREEN,False,AUTO_ACCEPT,False,All immediate drift features are within limits.
1,record_000774103:0,artifacts/input_files/record_000774103.npy,0,Normal,0.9989462494850159,AUTO_ACCEPT,GREEN,False,AUTO_ACCEPT,False,All immediate drift features are within limits.
1,record_000774105:0,artifacts/input_files/record_000774105.npy,0,Normal,0.9983519315719604,AUTO_ACCEPT,GREEN,False,AUTO_ACCEPT,False,All immediate drift features are within limits.
1,record_000774468:0,artifacts/input_files/record_000774468.npy,0,Normal,0.996731162071228,AUTO_ACCEPT,GREEN,False,AUTO_ACCEPT,False,All immediate drift features are within limits.
1,record_000774813:0,artifacts/input_files/record_000774813.npy,0,Normal,0.9996334314346313,AUTO_ACCEPT,GREEN,False,AUTO_ACCEPT,False,All immediate drift features are within limits.
1,record_000775000:0,artifacts/input_files/record_000775000.npy,0,Normal,0.9993830919265747,AUTO_ACCEPT,GREEN,False,AUTO_ACCEPT,False,All immediate drift features are within limits.
1,record_000775508:0,artifacts/input_files/record_000775508.npy,0,Normal,0.9946950078010559,AUTO_ACCEPT,GREEN,False,AUTO_ACCEPT,False,All immediate drift features are within limits.
1,record_000775621:0,artifacts/input_files/record_000775621.npy,0,Normal,0.9996191263198853,AUTO_ACCEPT,GREEN,False,AUTO_ACCEPT,False,All immediate drift features are within limits.
1,record_000775660:0,artifacts/input_files/record_000775660.npy,0,Scratch,0.8949760794639587,ENGINEER_REVIEW,GREEN,False,ENGINEER_REVIEW,False,All immediate drift features are within limits.
1,record_000776064:0,artifacts/input_files/record_000776064.npy,0,Loc,0.5639598965644836,ABSTAIN,GREEN,False,ABSTAIN,False,All immediate drift features are within limits.
1,record_000776083:0,artifacts/input_files/record_000776083.npy,0,Normal,0.9950672388076782,AUTO_ACCEPT,GREEN,False,AUTO_ACCEPT,False,All immediate drift features are within limits.
1,record_000776107:0,artifacts/input_files/record_000776107.npy,0,Normal,0.9996597766876221,AUTO_ACCEPT,GREEN,False,AUTO_ACCEPT,False,All immediate drift features are within limits.
1,record_000776400:0,artifacts/input_files/record_000776400.npy,0,Edge-Loc,0.9952102303504944,ENGINEER_REVIEW,GREEN,False,ENGINEER_REVIEW,False,All immediate drift features are within limits.
1,record_000776422:0,artifacts/input_files/record_000776422.npy,0,Edge-Loc,0.8586204051971436,ENGINEER_REVIEW,GREEN,False,ENGINEER_REVIEW,False,All immediate drift features are within limits.
1,record_000776653:0,artifacts/input_files/record_000776653.npy,0,Normal,0.9995768666267395,AUTO_ACCEPT,GREEN,False,AUTO_ACCEPT,False,All immediate drift features are within limits.
1,record_000776862:0,artifacts/input_files/record_000776862.npy,0,Normal,0.9927449226379395,AUTO_ACCEPT,GREEN,False,AUTO_ACCEPT,False,All immediate drift features are within limits.
1,record_000776865:0,artifacts/input_files/record_000776865.npy,0,Normal,0.9999610185623169,AUTO_ACCEPT,GREEN,False,AUTO_ACCEPT,False,All immediate drift features are within limits.
1,record_000776873:0,artifacts/input_files/record_000776873.npy,0,Normal,0.9970595240592957,AUTO_ACCEPT,GREEN,False,AUTO_ACCEPT,False,All immediate drift features are within limits.
1,record_000776999:0,artifacts/input_files/record_000776999.npy,0,Normal,0.9997941851615906,AUTO_ACCEPT,GREEN,False,AUTO_ACCEPT,False,All immediate drift features are within limits.
1,record_000777099:0,artifacts/input_files/record_000777099.npy,0,Normal,0.9998670816421509,AUTO_ACCEPT,GREEN,False,AUTO_ACCEPT,False,All immediate drift features are within limits.
1,record_000777514:0,artifacts/input_files/record_000777514.npy,0,Normal,0.9987654685974121,AUTO_ACCEPT,GREEN,False,AUTO_ACCEPT,False,All immediate drift features are within limits.
1,record_000777566:0,artifacts/input_files/record_000777566.npy,0,Normal,0.9989902377128601,AUTO_ACCEPT,GREEN,False,AUTO_ACCEPT,False,All immediate drift features are within limits.
1,record_000778038:0,artifacts/input_files/record_000778038.npy,0,Normal,0.9981209635734558,AUTO_ACCEPT,GREEN,False,AUTO_ACCEPT,False,All immediate drift features are within limits.
1,record_000778289:0,artifacts/input_files/record_000778289.npy,0,Normal,0.9972687363624573,AUTO_ACCEPT,GREEN,False,AUTO_ACCEPT,False,All immediate drift features are within limits.
1,record_000778300:0,artifacts/input_files/record_000778300.npy,0,Normal,0.9989284873008728,AUTO_ACCEPT,GREEN,False,AUTO_ACCEPT,False,All immediate drift features are within limits.
1,record_000778774:0,artifacts/input_files/record_000778774.npy,0,Normal,0.9995589852333069,AUTO_ACCEPT,GREEN,False,AUTO_ACCEPT,False,All immediate drift features are within limits.
1,record_000778834:0,artifacts/input_files/record_000778834.npy,0,Normal,0.9994650483131409,AUTO_ACCEPT,GREEN,False,AUTO_ACCEPT,False,All immediate drift features are within limits.
1,record_000778853:0,artifacts/input_files/record_000778853.npy,0,Normal,0.998611330986023,AUTO_ACCEPT,GREEN,False,AUTO_ACCEPT,False,All immediate drift features are within limits.
1,record_000778899:0,artifacts/input_files/record_000778899.npy,0,Normal,0.9992544054985046,AUTO_ACCEPT,GREEN,False,AUTO_ACCEPT,False,All immediate drift features are within limits.
1,record_000779056:0,artifacts/input_files/record_000779056.npy,0,Normal,0.9992300271987915,AUTO_ACCEPT,GREEN,False,AUTO_ACCEPT,False,All immediate drift features are within limits.
1,record_000779080:0,artifacts/input_files/record_000779080.npy,0,Normal,0.9991275668144226,AUTO_ACCEPT,GREEN,False,AUTO_ACCEPT,False,All immediate drift features are within limits.
1,record_000779133:0,artifacts/input_files/record_000779133.npy,0,Normal,0.9996978044509888,AUTO_ACCEPT,GREEN,False,AUTO_ACCEPT,False,All immediate drift features are within limits.
1,record_000779141:0,artifacts/input_files/record_000779141.npy,0,Normal,0.9989718198776245,AUTO_ACCEPT,GREEN,False,AUTO_ACCEPT,False,All immediate drift features are within limits.
1,record_000779144:0,artifacts/input_files/record_000779144.npy,0,Normal,0.9988987445831299,AUTO_ACCEPT,GREEN,False,AUTO_ACCEPT,False,All immediate drift features are within limits.
1,record_000779270:0,artifacts/input_files/record_000779270.npy,0,Normal,0.9979351758956909,AUTO_ACCEPT,GREEN,False,AUTO_ACCEPT,False,All immediate drift features are within limits.
1,record_000779403:0,artifacts/input_files/record_000779403.npy,0,Normal,0.9989368319511414,AUTO_ACCEPT,GREEN,False,AUTO_ACCEPT,False,All immediate drift features are within limits.
1,record_000779637:0,artifacts/input_files/record_000779637.npy,0,Normal,0.9981175661087036,AUTO_ACCEPT,GREEN,False,AUTO_ACCEPT,False,All immediate drift features are within limits.
1,record_000779641:0,artifacts/input_files/record_000779641.npy,0,Normal,0.9976887702941895,AUTO_ACCEPT,GREEN,False,AUTO_ACCEPT,False,All immediate drift features are within limits.
1,record_000779782:0,artifacts/input_files/record_000779782.npy,0,Normal,0.9984279870986938,AUTO_ACCEPT,GREEN,False,AUTO_ACCEPT,False,All immediate drift features are within limits.
1,record_000780119:0,artifacts/input_files/record_000780119.npy,0,Normal,0.9992688298225403,AUTO_ACCEPT,GREEN,False,AUTO_ACCEPT,False,All immediate drift features are within limits.
1,record_000780161:0,artifacts/input_files/record_000780161.npy,0,Normal,0.9992628693580627,AUTO_ACCEPT,GREEN,False,AUTO_ACCEPT,False,All immediate drift features are within limits.
1,record_000780366:0,artifacts/input_files/record_000780366.npy,0,Normal,0.9952768087387085,AUTO_ACCEPT,GREEN,False,AUTO_ACCEPT,False,All immediate drift features are within limits.
1,record_000780580:0,artifacts/input_files/record_000780580.npy,0,Normal,0.9966936111450195,AUTO_ACCEPT,GREEN,False,AUTO_ACCEPT,False,All immediate drift features are within limits.
1,record_000780839:0,artifacts/input_files/record_000780839.npy,0,Normal,0.9981392621994019,AUTO_ACCEPT,GREEN,False,AUTO_ACCEPT,False,All immediate drift features are within limits.
1,record_000780857:0,artifacts/input_files/record_000780857.npy,0,Normal,0.9953488707542419,AUTO_ACCEPT,GREEN,False,AUTO_ACCEPT,False,All immediate drift features are within limits.
1,record_000781426:0,artifacts/input_files/record_000781426.npy,0,Normal,0.9987080097198486,AUTO_ACCEPT,GREEN,False,AUTO_ACCEPT,False,All immediate drift features are within limits.
1,record_000781430:0,artifacts/input_files/record_000781430.npy,0,Normal,0.9962305426597595,AUTO_ACCEPT,GREEN,False,AUTO_ACCEPT,False,All immediate drift features are within limits.
1,record_000781486:0,artifacts/input_files/record_000781486.npy,0,Normal,0.998893678188324,AUTO_ACCEPT,GREEN,False,AUTO_ACCEPT,False,All immediate drift features are within limits.
1,record_000781516:0,artifacts/input_files/record_000781516.npy,0,Normal,0.9955918192863464,AUTO_ACCEPT,GREEN,False,AUTO_ACCEPT,False,All immediate drift features are within limits.
1,record_000781629:0,artifacts/input_files/record_000781629.npy,0,Normal,0.9976840019226074,AUTO_ACCEPT,GREEN,False,AUTO_ACCEPT,False,All immediate drift features are within limits.
1,record_000781676:0,artifacts/input_files/record_000781676.npy,0,Normal,0.9953503608703613,AUTO_ACCEPT,GREEN,False,AUTO_ACCEPT,False,All immediate drift features are within limits.
1,record_000781681:0,artifacts/input_files/record_000781681.npy,0,Normal,0.9965091347694397,AUTO_ACCEPT,GREEN,False,AUTO_ACCEPT,False,All immediate drift features are within limits.
1,record_000781907:0,artifacts/input_files/record_000781907.npy,0,Normal,0.9974839687347412,AUTO_ACCEPT,GREEN,False,AUTO_ACCEPT,False,All immediate drift features are within limits.
1,record_000781915:0,artifacts/input_files/record_000781915.npy,0,Normal,0.9975587129592896,AUTO_ACCEPT,GREEN,False,AUTO_ACCEPT,False,All immediate drift features are within limits.
1,record_000782962:0,artifacts/input_files/record_000782962.npy,0,Normal,0.9992801547050476,AUTO_ACCEPT,GREEN,False,AUTO_ACCEPT,False,All immediate drift features are within limits.
1,record_000782969:0,artifacts/input_files/record_000782969.npy,0,Normal,0.9950358271598816,AUTO_ACCEPT,GREEN,False,AUTO_ACCEPT,False,All immediate drift features are within limits.
1,record_000782972:0,artifacts/input_files/record_000782972.npy,0,Normal,0.9968706965446472,AUTO_ACCEPT,GREEN,False,AUTO_ACCEPT,False,All immediate drift features are within limits.
1,record_000783176:0,artifacts/input_files/record_000783176.npy,0,Normal,0.9986055493354797,AUTO_ACCEPT,GREEN,False,AUTO_ACCEPT,False,All immediate drift features are within limits.
1,record_000783185:0,artifacts/input_files/record_000783185.npy,0,Normal,0.9984040856361389,AUTO_ACCEPT,GREEN,False,AUTO_ACCEPT,False,All immediate drift features are within limits.
1,record_000783241:0,artifacts/input_files/record_000783241.npy,0,Normal,0.9999268054962158,AUTO_ACCEPT,GREEN,False,AUTO_ACCEPT,False,All immediate drift features are within limits.
1,record_000783242:0,artifacts/input_files/record_000783242.npy,0,Normal,0.9978286623954773,AUTO_ACCEPT,GREEN,False,AUTO_ACCEPT,False,All immediate drift features are within limits.
1,record_000783280:0,artifacts/input_files/record_000783280.npy,0,Normal,0.9987665414810181,AUTO_ACCEPT,GREEN,False,AUTO_ACCEPT,False,All immediate drift features are within limits.
1,record_000783526:0,artifacts/input_files/record_000783526.npy,0,Normal,0.9983047246932983,AUTO_ACCEPT,GREEN,False,AUTO_ACCEPT,False,All immediate drift features are within limits.
1,record_000783561:0,artifacts/input_files/record_000783561.npy,0,Normal,0.9994611144065857,AUTO_ACCEPT,GREEN,False,AUTO_ACCEPT,False,All immediate drift features are within limits.
1,record_000783630:0,artifacts/input_files/record_000783630.npy,0,Normal,0.9979750514030457,AUTO_ACCEPT,GREEN,False,AUTO_ACCEPT,False,All immediate drift features are within limits.
1,record_000784139:0,artifacts/input_files/record_000784139.npy,0,Normal,0.9995904564857483,AUTO_ACCEPT,GREEN,False,AUTO_ACCEPT,False,All immediate drift features are within limits.
1,record_000784150:0,artifacts/input_files/record_000784150.npy,0,Normal,0.9973063468933105,AUTO_ACCEPT,GREEN,False,AUTO_ACCEPT,False,All immediate drift features are within limits.
1,record_000784158:0,artifacts/input_files/record_000784158.npy,0,Normal,0.9980112314224243,AUTO_ACCEPT,GREEN,False,AUTO_ACCEPT,False,All immediate drift features are within limits.
1,record_000784370:0,artifacts/input_files/record_000784370.npy,0,Normal,0.9998360872268677,AUTO_ACCEPT,GREEN,False,AUTO_ACCEPT,False,All immediate drift features are within limits.
1,record_000784375:0,artifacts/input_files/record_000784375.npy,0,Normal,0.9999653100967407,AUTO_ACCEPT,GREEN,False,AUTO_ACCEPT,False,All immediate drift features are within limits.
1,record_000784389:0,artifacts/input_files/record_000784389.npy,0,Normal,0.9998080134391785,AUTO_ACCEPT,GREEN,False,AUTO_ACCEPT,False,All immediate drift features are within limits.
1,record_000784518:0,artifacts/input_files/record_000784518.npy,0,Normal,0.9998612403869629,AUTO_ACCEPT,GREEN,False,AUTO_ACCEPT,False,All immediate drift features are within limits.
1,record_000784541:0,artifacts/input_files/record_000784541.npy,0,Normal,0.999817430973053,AUTO_ACCEPT,GREEN,False,AUTO_ACCEPT,False,All immediate drift features are within limits.
1,record_000784551:0,artifacts/input_files/record_000784551.npy,0,Normal,0.999605119228363,AUTO_ACCEPT,GREEN,False,AUTO_ACCEPT,False,All immediate drift features are within limits.
1,record_000784850:0,artifacts/input_files/record_000784850.npy,0,Normal,0.9998522996902466,AUTO_ACCEPT,GREEN,False,AUTO_ACCEPT,False,All immediate drift features are within limits.
1,record_000785054:0,artifacts/input_files/record_000785054.npy,0,Normal,0.9999868869781494,AUTO_ACCEPT,GREEN,False,AUTO_ACCEPT,False,All immediate drift features are within limits.
1,record_000785124:0,artifacts/input_files/record_000785124.npy,0,Normal,0.9999459981918335,AUTO_ACCEPT,GREEN,False,AUTO_ACCEPT,False,All immediate drift features are within limits.
1,record_000785441:0,artifacts/input_files/record_000785441.npy,0,Normal,0.9999794960021973,AUTO_ACCEPT,GREEN,False,AUTO_ACCEPT,False,All immediate drift features are within limits.
1,record_000785519:0,artifacts/input_files/record_000785519.npy,0,Normal,0.9999336004257202,AUTO_ACCEPT,GREEN,False,AUTO_ACCEPT,False,All immediate drift features are within limits.
1,record_000785531:0,artifacts/input_files/record_000785531.npy,0,Normal,0.9999785423278809,AUTO_ACCEPT,GREEN,False,AUTO_ACCEPT,False,All immediate drift features are within limits.
1,record_000785975:0,artifacts/input_files/record_000785975.npy,0,Normal,0.9999536275863647,AUTO_ACCEPT,GREEN,False,AUTO_ACCEPT,False,All immediate drift features are within limits.
1,record_000786178:0,artifacts/input_files/record_000786178.npy,0,Normal,0.9998904466629028,AUTO_ACCEPT,GREEN,False,AUTO_ACCEPT,False,All immediate drift features are within limits.
1,record_000786216:0,artifacts/input_files/record_000786216.npy,0,Normal,0.9999624490737915,AUTO_ACCEPT,GREEN,False,AUTO_ACCEPT,False,All immediate drift features are within limits.
1,record_000786223:0,artifacts/input_files/record_000786223.npy,0,Normal,0.9971185922622681,AUTO_ACCEPT,GREEN,False,AUTO_ACCEPT,False,All immediate drift features are within limits.
1,record_000786265:0,artifacts/input_files/record_000786265.npy,0,Edge-Loc,0.5381432771682739,ABSTAIN,GREEN,False,ABSTAIN,False,All immediate drift features are within limits.
1,record_000786425:0,artifacts/input_files/record_000786425.npy,0,Normal,0.9999444484710693,AUTO_ACCEPT,GREEN,False,AUTO_ACCEPT,False,All immediate drift features are within limits.
1,record_000786431:0,artifacts/input_files/record_000786431.npy,0,Normal,0.9998160004615784,AUTO_ACCEPT,GREEN,False,AUTO_ACCEPT,False,All immediate drift features are within limits.
1,record_000786514:0,artifacts/input_files/record_000786514.npy,0,Normal,0.9986451268196106,AUTO_ACCEPT,GREEN,False,AUTO_ACCEPT,False,All immediate drift features are within limits.
1,record_000786621:0,artifacts/input_files/record_000786621.npy,0,Normal,0.9749811291694641,AUTO_ACCEPT,GREEN,False,AUTO_ACCEPT,False,All immediate drift features are within limits.
1,record_000786622:0,artifacts/input_files/record_000786622.npy,0,Normal,0.9998513460159302,AUTO_ACCEPT,GREEN,False,AUTO_ACCEPT,False,All immediate drift features are within limits.
1,record_000786631:0,artifacts/input_files/record_000786631.npy,0,Normal,0.999537467956543,AUTO_ACCEPT,GREEN,False,AUTO_ACCEPT,False,All immediate drift features are within limits.
1,record_000787005:0,artifacts/input_files/record_000787005.npy,0,Normal,0.9999446868896484,AUTO_ACCEPT,GREEN,False,AUTO_ACCEPT,False,All immediate drift features are within limits.
1,record_000787010:0,artifacts/input_files/record_000787010.npy,0,Normal,0.9999833106994629,AUTO_ACCEPT,GREEN,False,AUTO_ACCEPT,False,All immediate drift features are within limits.
1,record_000787013:0,artifacts/input_files/record_000787013.npy,0,Normal,0.9999902248382568,AUTO_ACCEPT,GREEN,False,AUTO_ACCEPT,False,All immediate drift features are within limits.
1,record_000787367:0,artifacts/input_files/record_000787367.npy,0,Normal,0.9934531450271606,AUTO_ACCEPT,GREEN,False,AUTO_ACCEPT,False,All immediate drift features are within limits.
1,record_000787373:0,artifacts/input_files/record_000787373.npy,0,Normal,0.9951351284980774,AUTO_ACCEPT,GREEN,False,AUTO_ACCEPT,False,All immediate drift features are within limits.
1,record_000787452:0,artifacts/input_files/record_000787452.npy,0,Normal,0.9999756813049316,AUTO_ACCEPT,GREEN,False,AUTO_ACCEPT,False,All immediate drift features are within limits.
1,record_000787461:0,artifacts/input_files/record_000787461.npy,0,Normal,0.9613081812858582,AUTO_ACCEPT,GREEN,False,AUTO_ACCEPT,False,All immediate drift features are within limits.
1,record_000787540:0,artifacts/input_files/record_000787540.npy,0,Normal,0.9999508857727051,AUTO_ACCEPT,GREEN,False,AUTO_ACCEPT,False,All immediate drift features are within limits.
1,record_000787645:0,artifacts/input_files/record_000787645.npy,0,Normal,0.999806821346283,AUTO_ACCEPT,GREEN,False,AUTO_ACCEPT,False,All immediate drift features are within limits.
1,record_000787647:0,artifacts/input_files/record_000787647.npy,0,Normal,0.9990299940109253,AUTO_ACCEPT,GREEN,False,AUTO_ACCEPT,False,All immediate drift features are within limits.
1,record_000787818:0,artifacts/input_files/record_000787818.npy,0,Normal,0.9999854564666748,AUTO_ACCEPT,GREEN,False,AUTO_ACCEPT,False,All immediate drift features are within limits.
1,record_000787824:0,artifacts/input_files/record_000787824.npy,0,Normal,0.9996587038040161,AUTO_ACCEPT,GREEN,False,AUTO_ACCEPT,False,All immediate drift features are within limits.
1,record_000787834:0,artifacts/input_files/record_000787834.npy,0,Normal,0.9999130964279175,AUTO_ACCEPT,GREEN,False,AUTO_ACCEPT,False,All immediate drift features are within limits.
1,record_000787888:0,artifacts/input_files/record_000787888.npy,0,Normal,0.9999071359634399,AUTO_ACCEPT,GREEN,False,AUTO_ACCEPT,False,All immediate drift features are within limits.
1,record_000788143:0,artifacts/input_files/record_000788143.npy,0,Normal,0.9999468326568604,AUTO_ACCEPT,GREEN,False,AUTO_ACCEPT,False,All immediate drift features are within limits.
1,record_000788278:0,artifacts/input_files/record_000788278.npy,0,Normal,0.9999692440032959,AUTO_ACCEPT,GREEN,False,AUTO_ACCEPT,False,All immediate drift features are within limits.
1,record_000788331:0,artifacts/input_files/record_000788331.npy,0,Edge-Ring,0.396675705909729,ABSTAIN,GREEN,False,ABSTAIN,False,All immediate drift features are within limits.
1,record_000789015:0,artifacts/input_files/record_000789015.npy,0,Normal,0.9962005019187927,AUTO_ACCEPT,GREEN,False,AUTO_ACCEPT,False,All immediate drift features are within limits.
1,record_000789027:0,artifacts/input_files/record_000789027.npy,0,Normal,0.9953287839889526,AUTO_ACCEPT,GREEN,False,AUTO_ACCEPT,False,All immediate drift features are within limits.
1,record_000789139:0,artifacts/input_files/record_000789139.npy,0,Normal,0.9808810949325562,AUTO_ACCEPT,GREEN,False,AUTO_ACCEPT,False,All immediate drift features are within limits.
1,record_000789241:0,artifacts/input_files/record_000789241.npy,0,Normal,0.9823752045631409,AUTO_ACCEPT,GREEN,False,AUTO_ACCEPT,False,All immediate drift features are within limits.
1,record_000789248:0,artifacts/input_files/record_000789248.npy,0,Normal,0.9764572978019714,AUTO_ACCEPT,GREEN,False,AUTO_ACCEPT,False,All immediate drift features are within limits.
1,record_000789956:0,artifacts/input_files/record_000789956.npy,0,Normal,0.9927213788032532,AUTO_ACCEPT,GREEN,False,AUTO_ACCEPT,False,All immediate drift features are within limits.
1,record_000789980:0,artifacts/input_files/record_000789980.npy,0,Normal,0.9915826916694641,AUTO_ACCEPT,GREEN,False,AUTO_ACCEPT,False,All immediate drift features are within limits.
1,record_000790494:0,artifacts/input_files/record_000790494.npy,0,Normal,0.9999243021011353,AUTO_ACCEPT,GREEN,False,AUTO_ACCEPT,False,All immediate drift features are within limits.
1,record_000790538:0,artifacts/input_files/record_000790538.npy,0,Normal,0.9990930557250977,AUTO_ACCEPT,GREEN,False,AUTO_ACCEPT,False,All immediate drift features are within limits.
1,record_000790697:0,artifacts/input_files/record_000790697.npy,0,Normal,0.9992541670799255,AUTO_ACCEPT,GREEN,False,AUTO_ACCEPT,False,All immediate drift features are within limits.
1,record_000790703:0,artifacts/input_files/record_000790703.npy,0,Normal,0.9996877908706665,AUTO_ACCEPT,GREEN,False,AUTO_ACCEPT,False,All immediate drift features are within limits.
1,record_000791008:0,artifacts/input_files/record_000791008.npy,0,Normal,0.9999514818191528,AUTO_ACCEPT,GREEN,False,AUTO_ACCEPT,False,All immediate drift features are within limits.
1,record_000791009:0,artifacts/input_files/record_000791009.npy,0,Normal,0.9996651411056519,AUTO_ACCEPT,GREEN,False,AUTO_ACCEPT,False,All immediate drift features are within limits.
1,record_000791331:0,artifacts/input_files/record_000791331.npy,0,Normal,0.9999265670776367,AUTO_ACCEPT,GREEN,False,AUTO_ACCEPT,False,All immediate drift features are within limits.
1,record_000791342:0,artifacts/input_files/record_000791342.npy,0,Normal,0.9999587535858154,AUTO_ACCEPT,GREEN,False,AUTO_ACCEPT,False,All immediate drift features are within limits.
1,record_000791578:0,artifacts/input_files/record_000791578.npy,0,Normal,0.9999960660934448,AUTO_ACCEPT,GREEN,False,AUTO_ACCEPT,False,All immediate drift features are within limits.
1,record_000791638:0,artifacts/input_files/record_000791638.npy,0,Normal,0.999945878982544,AUTO_ACCEPT,GREEN,False,AUTO_ACCEPT,False,All immediate drift features are within limits.
1,record_000791648:0,artifacts/input_files/record_000791648.npy,0,Edge-Loc,0.6579093933105469,ABSTAIN,GREEN,False,ABSTAIN,False,All immediate drift features are within limits.
1,record_000791653:0,artifacts/input_files/record_000791653.npy,0,Normal,0.9983634352684021,AUTO_ACCEPT,GREEN,False,AUTO_ACCEPT,False,All immediate drift features are within limits.
1,record_000791938:0,artifacts/input_files/record_000791938.npy,0,Normal,0.9996743202209473,AUTO_ACCEPT,GREEN,False,AUTO_ACCEPT,False,All immediate drift features are within limits.
1,record_000791953:0,artifacts/input_files/record_000791953.npy,0,Normal,0.9993971586227417,AUTO_ACCEPT,GREEN,False,AUTO_ACCEPT,False,All immediate drift features are within limits.
1,record_000791983:0,artifacts/input_files/record_000791983.npy,0,Normal,0.9995927214622498,AUTO_ACCEPT,GREEN,False,AUTO_ACCEPT,False,All immediate drift features are within limits.
1,record_000792448:0,artifacts/input_files/record_000792448.npy,0,Normal,0.9999465942382812,AUTO_ACCEPT,GREEN,False,AUTO_ACCEPT,False,All immediate drift features are within limits.
1,record_000792522:0,artifacts/input_files/record_000792522.npy,0,Normal,0.9996139407157898,AUTO_ACCEPT,GREEN,False,AUTO_ACCEPT,False,All immediate drift features are within limits.
1,record_000792574:0,artifacts/input_files/record_000792574.npy,0,Loc,0.9696846604347229,ENGINEER_REVIEW,GREEN,False,ENGINEER_REVIEW,False,All immediate drift features are within limits.
1,record_000792579:0,artifacts/input_files/record_000792579.npy,0,Normal,0.999462902545929,AUTO_ACCEPT,GREEN,False,AUTO_ACCEPT,False,All immediate drift features are within limits.
1,record_000792586:0,artifacts/input_files/record_000792586.npy,0,Normal,0.9999948740005493,AUTO_ACCEPT,GREEN,False,AUTO_ACCEPT,False,All immediate drift features are within limits.
1,record_000793208:0,artifacts/input_files/record_000793208.npy,0,Normal,0.9999938011169434,AUTO_ACCEPT,GREEN,False,AUTO_ACCEPT,False,All immediate drift features are within limits.
1,record_000794064:0,artifacts/input_files/record_000794064.npy,0,Normal,0.9996116757392883,AUTO_ACCEPT,GREEN,False,AUTO_ACCEPT,False,All immediate drift features are within limits.
1,record_000794076:0,artifacts/input_files/record_000794076.npy,0,Normal,0.9999064207077026,AUTO_ACCEPT,GREEN,False,AUTO_ACCEPT,False,All immediate drift features are within limits.
1,record_000794262:0,artifacts/input_files/record_000794262.npy,0,Normal,0.9999109506607056,AUTO_ACCEPT,GREEN,False,AUTO_ACCEPT,False,All immediate drift features are within limits.
1,record_000794275:0,artifacts/input_files/record_000794275.npy,0,Normal,0.999983549118042,AUTO_ACCEPT,GREEN,False,AUTO_ACCEPT,False,All immediate drift features are within limits.
1,record_000794466:0,artifacts/input_files/record_000794466.npy,0,Normal,0.9776322841644287,AUTO_ACCEPT,GREEN,False,AUTO_ACCEPT,False,All immediate drift features are within limits.
1,record_000794478:0,artifacts/input_files/record_000794478.npy,0,Normal,0.999950647354126,AUTO_ACCEPT,GREEN,False,AUTO_ACCEPT,False,All immediate drift features are within limits.
1,record_000794789:0,artifacts/input_files/record_000794789.npy,0,Normal,0.9988289475440979,AUTO_ACCEPT,GREEN,False,AUTO_ACCEPT,False,All immediate drift features are within limits.
1,record_000794794:0,artifacts/input_files/record_000794794.npy,0,Normal,0.9998503923416138,AUTO_ACCEPT,GREEN,False,AUTO_ACCEPT,False,All immediate drift features are within limits.
1,record_000794799:0,artifacts/input_files/record_000794799.npy,0,Normal,0.899715781211853,ENGINEER_REVIEW,GREEN,False,ENGINEER_REVIEW,False,All immediate drift features are within limits.
1,record_000794958:0,artifacts/input_files/record_000794958.npy,0,Normal,0.9999736547470093,AUTO_ACCEPT,GREEN,False,AUTO_ACCEPT,False,All immediate drift features are within limits.
1,record_000795003:0,artifacts/input_files/record_000795003.npy,0,Normal,0.9976987242698669,AUTO_ACCEPT,GREEN,False,AUTO_ACCEPT,False,All immediate drift features are within limits.
1,record_000795004:0,artifacts/input_files/record_000795004.npy,0,Normal,0.9999469518661499,AUTO_ACCEPT,GREEN,False,AUTO_ACCEPT,False,All immediate drift features are within limits.
1,record_000795207:0,artifacts/input_files/record_000795207.npy,0,Normal,0.9997391104698181,AUTO_ACCEPT,GREEN,False,AUTO_ACCEPT,False,All immediate drift features are within limits.
1,record_000795368:0,artifacts/input_files/record_000795368.npy,0,Normal,0.9999644756317139,AUTO_ACCEPT,GREEN,False,AUTO_ACCEPT,False,All immediate drift features are within limits.
1,record_000795381:0,artifacts/input_files/record_000795381.npy,0,Normal,0.9979066848754883,AUTO_ACCEPT,GREEN,False,AUTO_ACCEPT,False,All immediate drift features are within limits.
1,record_000795438:0,artifacts/input_files/record_000795438.npy,0,Normal,0.9999945163726807,AUTO_ACCEPT,GREEN,False,AUTO_ACCEPT,False,All immediate drift features are within limits.
1,record_000795543:0,artifacts/input_files/record_000795543.npy,0,Normal,0.9976766705513,AUTO_ACCEPT,GREEN,False,AUTO_ACCEPT,False,All immediate drift features are within limits.
1,record_000795547:0,artifacts/input_files/record_000795547.npy,0,Normal,0.9998948574066162,AUTO_ACCEPT,GREEN,False,AUTO_ACCEPT,False,All immediate drift features are within limits.
1,record_000795551:0,artifacts/input_files/record_000795551.npy,0,Normal,0.9999932050704956,AUTO_ACCEPT,GREEN,False,AUTO_ACCEPT,False,All immediate drift features are within limits.
1,record_000795831:0,artifacts/input_files/record_000795831.npy,0,Normal,0.9987155199050903,AUTO_ACCEPT,GREEN,False,AUTO_ACCEPT,False,All immediate drift features are within limits.
1,record_000795920:0,artifacts/input_files/record_000795920.npy,0,Normal,0.9998687505722046,AUTO_ACCEPT,GREEN,False,AUTO_ACCEPT,False,All immediate drift features are within limits.
1,record_000795936:0,artifacts/input_files/record_000795936.npy,0,Normal,0.44159361720085144,ABSTAIN,GREEN,False,ABSTAIN,False,All immediate drift features are within limits.
1,record_000796295:0,artifacts/input_files/record_000796295.npy,0,Normal,0.989056408405304,AUTO_ACCEPT,GREEN,False,AUTO_ACCEPT,False,All immediate drift features are within limits.
1,record_000796307:0,artifacts/input_files/record_000796307.npy,0,Edge-Loc,0.7422735691070557,ABSTAIN,GREEN,False,ABSTAIN,False,All immediate drift features are within limits.
1,record_000796611:0,artifacts/input_files/record_000796611.npy,0,Normal,0.9999426603317261,AUTO_ACCEPT,GREEN,False,AUTO_ACCEPT,False,All immediate drift features are within limits.
1,record_000796613:0,artifacts/input_files/record_000796613.npy,0,Normal,0.9993342757225037,AUTO_ACCEPT,GREEN,False,AUTO_ACCEPT,False,All immediate drift features are within limits.
1,record_000796620:0,artifacts/input_files/record_000796620.npy,0,Normal,0.9873849153518677,AUTO_ACCEPT,GREEN,False,AUTO_ACCEPT,False,All immediate drift features are within limits.
1,record_000797093:0,artifacts/input_files/record_000797093.npy,0,Normal,0.7929546236991882,ENGINEER_REVIEW,GREEN,False,ENGINEER_REVIEW,False,All immediate drift features are within limits.
1,record_000797559:0,artifacts/input_files/record_000797559.npy,0,Normal,0.9984874725341797,AUTO_ACCEPT,GREEN,False,AUTO_ACCEPT,False,All immediate drift features are within limits.
1,record_000797578:0,artifacts/input_files/record_000797578.npy,0,Normal,0.9997180104255676,AUTO_ACCEPT,GREEN,False,AUTO_ACCEPT,False,All immediate drift features are within limits.
1,record_000797584:0,artifacts/input_files/record_000797584.npy,0,Normal,0.9998574256896973,AUTO_ACCEPT,GREEN,False,AUTO_ACCEPT,False,All immediate drift features are within limits.
1,record_000797674:0,artifacts/input_files/record_000797674.npy,0,Normal,0.9999672174453735,AUTO_ACCEPT,GREEN,False,AUTO_ACCEPT,False,All immediate drift features are within limits.
1,record_000798062:0,artifacts/input_files/record_000798062.npy,0,Normal,0.8027856945991516,ENGINEER_REVIEW,GREEN,False,ENGINEER_REVIEW,False,All immediate drift features are within limits.
1,record_000798064:0,artifacts/input_files/record_000798064.npy,0,Normal,0.9271160364151001,ENGINEER_REVIEW,GREEN,False,ENGINEER_REVIEW,False,All immediate drift features are within limits.
1,record_000798347:0,artifacts/input_files/record_000798347.npy,0,Normal,0.9996705055236816,AUTO_ACCEPT,GREEN,False,AUTO_ACCEPT,False,All immediate drift features are within limits.
1,record_000798349:0,artifacts/input_files/record_000798349.npy,0,Normal,0.999995231628418,AUTO_ACCEPT,GREEN,False,AUTO_ACCEPT,False,All immediate drift features are within limits.
1,record_000798351:0,artifacts/input_files/record_000798351.npy,0,Normal,0.9999277591705322,AUTO_ACCEPT,GREEN,False,AUTO_ACCEPT,False,All immediate drift features are within limits.
1,record_000798352:0,artifacts/input_files/record_000798352.npy,0,Normal,0.9999748468399048,AUTO_ACCEPT,GREEN,False,AUTO_ACCEPT,False,All immediate drift features are within limits.
1,record_000798370:0,artifacts/input_files/record_000798370.npy,0,Normal,0.9990723133087158,AUTO_ACCEPT,GREEN,False,AUTO_ACCEPT,False,All immediate drift features are within limits.
1,record_000798750:0,artifacts/input_files/record_000798750.npy,0,Normal,0.9992740750312805,AUTO_ACCEPT,GREEN,False,AUTO_ACCEPT,False,All immediate drift features are within limits.
1,record_000798757:0,artifacts/input_files/record_000798757.npy,0,Normal,0.9998171925544739,AUTO_ACCEPT,GREEN,False,AUTO_ACCEPT,False,All immediate drift features are within limits.
1,record_000798762:0,artifacts/input_files/record_000798762.npy,0,Loc,0.9867462515830994,ENGINEER_REVIEW,GREEN,False,ENGINEER_REVIEW,False,All immediate drift features are within limits.
1,record_000799080:0,artifacts/input_files/record_000799080.npy,0,Normal,0.9998815059661865,AUTO_ACCEPT,GREEN,False,AUTO_ACCEPT,False,All immediate drift features are within limits.
1,record_000799460:0,artifacts/input_files/record_000799460.npy,0,Normal,0.9718016982078552,AUTO_ACCEPT,GREEN,False,AUTO_ACCEPT,False,All immediate drift features are within limits.
1,record_000799724:0,artifacts/input_files/record_000799724.npy,0,Normal,0.998610258102417,AUTO_ACCEPT,GREEN,False,AUTO_ACCEPT,False,All immediate drift features are within limits.
1,record_000799734:0,artifacts/input_files/record_000799734.npy,0,Normal,0.999993085861206,AUTO_ACCEPT,GREEN,False,AUTO_ACCEPT,False,All immediate drift features are within limits.
1,record_000800166:0,artifacts/input_files/record_000800166.npy,0,Normal,0.9999485015869141,AUTO_ACCEPT,GREEN,False,AUTO_ACCEPT,False,All immediate drift features are within limits.
1,record_000800268:0,artifacts/input_files/record_000800268.npy,0,Normal,0.9981953501701355,AUTO_ACCEPT,GREEN,False,AUTO_ACCEPT,False,All immediate drift features are within limits.
1,record_000800399:0,artifacts/input_files/record_000800399.npy,0,Normal,0.9984890222549438,AUTO_ACCEPT,GREEN,False,AUTO_ACCEPT,False,All immediate drift features are within limits.
1,record_000800404:0,artifacts/input_files/record_000800404.npy,0,Normal,0.9999469518661499,AUTO_ACCEPT,GREEN,False,AUTO_ACCEPT,False,All immediate drift features are within limits.
1,record_000800812:0,artifacts/input_files/record_000800812.npy,0,Normal,0.999808132648468,AUTO_ACCEPT,GREEN,False,AUTO_ACCEPT,False,All immediate drift features are within limits.
1,record_000801390:0,artifacts/input_files/record_000801390.npy,0,Normal,0.9818003177642822,AUTO_ACCEPT,GREEN,False,AUTO_ACCEPT,False,All immediate drift features are within limits.
1,record_000801855:0,artifacts/input_files/record_000801855.npy,0,Normal,0.9999786615371704,AUTO_ACCEPT,GREEN,False,AUTO_ACCEPT,False,All immediate drift features are within limits.
1,record_000801858:0,artifacts/input_files/record_000801858.npy,0,Normal,0.9999692440032959,AUTO_ACCEPT,GREEN,False,AUTO_ACCEPT,False,All immediate drift features are within limits.
1,record_000801864:0,artifacts/input_files/record_000801864.npy,0,Normal,0.9999681711196899,AUTO_ACCEPT,GREEN,False,AUTO_ACCEPT,False,All immediate drift features are within limits.
1,record_000801875:0,artifacts/input_files/record_000801875.npy,0,Normal,0.9998589754104614,AUTO_ACCEPT,GREEN,False,AUTO_ACCEPT,False,All immediate drift features are within limits.
1,record_000801880:0,artifacts/input_files/record_000801880.npy,0,Normal,0.9999982118606567,AUTO_ACCEPT,GREEN,False,AUTO_ACCEPT,False,All immediate drift features are within limits.
1,record_000802034:0,artifacts/input_files/record_000802034.npy,0,Normal,0.9999853372573853,AUTO_ACCEPT,GREEN,False,AUTO_ACCEPT,False,All immediate drift features are within limits.
1,record_000802043:0,artifacts/input_files/record_000802043.npy,0,Normal,0.9999510049819946,AUTO_ACCEPT,GREEN,False,AUTO_ACCEPT,False,All immediate drift features are within limits.
1,record_000802634:0,artifacts/input_files/record_000802634.npy,0,Normal,0.5636848211288452,ABSTAIN,GREEN,False,ABSTAIN,False,All immediate drift features are within limits.
1,record_000802854:0,artifacts/input_files/record_000802854.npy,0,Normal,0.9999850988388062,AUTO_ACCEPT,GREEN,False,AUTO_ACCEPT,False,All immediate drift features are within limits.
1,record_000803066:0,artifacts/input_files/record_000803066.npy,0,Normal,0.9993304014205933,AUTO_ACCEPT,GREEN,False,AUTO_ACCEPT,False,All immediate drift features are within limits.
1,record_000803077:0,artifacts/input_files/record_000803077.npy,0,Normal,0.999984860420227,AUTO_ACCEPT,GREEN,False,AUTO_ACCEPT,False,All immediate drift features are within limits.
1,record_000803083:0,artifacts/input_files/record_000803083.npy,0,Normal,0.9999843835830688,AUTO_ACCEPT,GREEN,False,AUTO_ACCEPT,False,All immediate drift features are within limits.
1,record_000804039:0,artifacts/input_files/record_000804039.npy,0,Normal,0.967564046382904,AUTO_ACCEPT,GREEN,False,AUTO_ACCEPT,False,All immediate drift features are within limits.
1,record_000804797:0,artifacts/input_files/record_000804797.npy,0,Normal,0.9997298121452332,AUTO_ACCEPT,GREEN,False,AUTO_ACCEPT,False,All immediate drift features are within limits.
1,record_000804833:0,artifacts/input_files/record_000804833.npy,0,Normal,0.9998358488082886,AUTO_ACCEPT,GREEN,False,AUTO_ACCEPT,False,All immediate drift features are within limits.
1,record_000805149:0,artifacts/input_files/record_000805149.npy,0,Normal,0.9998158812522888,AUTO_ACCEPT,GREEN,False,AUTO_ACCEPT,False,All immediate drift features are within limits.
1,record_000805579:0,artifacts/input_files/record_000805579.npy,0,Edge-Loc,0.4997429847717285,ABSTAIN,GREEN,False,ABSTAIN,False,All immediate drift features are within limits.
1,record_000805591:0,artifacts/input_files/record_000805591.npy,0,Normal,0.9942589998245239,AUTO_ACCEPT,GREEN,False,AUTO_ACCEPT,False,All immediate drift features are within limits.
1,record_000805735:0,artifacts/input_files/record_000805735.npy,0,Normal,0.9986492991447449,AUTO_ACCEPT,GREEN,False,AUTO_ACCEPT,False,All immediate drift features are within limits.
1,record_000805736:0,artifacts/input_files/record_000805736.npy,0,Normal,0.9997729659080505,AUTO_ACCEPT,GREEN,False,AUTO_ACCEPT,False,All immediate drift features are within limits.
1,record_000805836:0,artifacts/input_files/record_000805836.npy,0,Normal,0.9993089437484741,AUTO_ACCEPT,GREEN,False,AUTO_ACCEPT,False,All immediate drift features are within limits.
1,record_000806272:0,artifacts/input_files/record_000806272.npy,0,Normal,0.9996896982192993,AUTO_ACCEPT,GREEN,False,AUTO_ACCEPT,False,All immediate drift features are within limits.
1,record_000806280:0,artifacts/input_files/record_000806280.npy,0,Normal,0.9999445676803589,AUTO_ACCEPT,GREEN,False,AUTO_ACCEPT,False,All immediate drift features are within limits.
1,record_000806365:0,artifacts/input_files/record_000806365.npy,0,Normal,0.9975358247756958,AUTO_ACCEPT,GREEN,False,AUTO_ACCEPT,False,All immediate drift features are within limits.
1,record_000806370:0,artifacts/input_files/record_000806370.npy,0,Normal,0.9997524619102478,AUTO_ACCEPT,GREEN,False,AUTO_ACCEPT,False,All immediate drift features are within limits.
1,record_000806550:0,artifacts/input_files/record_000806550.npy,0,Normal,0.9998457431793213,AUTO_ACCEPT,GREEN,False,AUTO_ACCEPT,False,All immediate drift features are within limits.
1,record_000806587:0,artifacts/input_files/record_000806587.npy,0,Normal,0.9998694658279419,AUTO_ACCEPT,GREEN,False,AUTO_ACCEPT,False,All immediate drift features are within limits.
1,record_000806597:0,artifacts/input_files/record_000806597.npy,0,Normal,0.996938943862915,AUTO_ACCEPT,GREEN,False,AUTO_ACCEPT,False,All immediate drift features are within limits.
1,record_000806599:0,artifacts/input_files/record_000806599.npy,0,Normal,0.9993693232536316,AUTO_ACCEPT,GREEN,False,AUTO_ACCEPT,False,All immediate drift features are within limits.
1,record_000807042:0,artifacts/input_files/record_000807042.npy,0,Normal,0.9987939596176147,AUTO_ACCEPT,GREEN,False,AUTO_ACCEPT,False,All immediate drift features are within limits.
1,record_000807375:0,artifacts/input_files/record_000807375.npy,0,Normal,0.9978817105293274,AUTO_ACCEPT,GREEN,False,AUTO_ACCEPT,False,All immediate drift features are within limits.
1,record_000807396:0,artifacts/input_files/record_000807396.npy,0,Normal,0.9928792119026184,AUTO_ACCEPT,GREEN,False,AUTO_ACCEPT,False,All immediate drift features are within limits.
1,record_000807404:0,artifacts/input_files/record_000807404.npy,0,Normal,0.9994250535964966,AUTO_ACCEPT,GREEN,False,AUTO_ACCEPT,False,All immediate drift features are within limits.
1,record_000807405:0,artifacts/input_files/record_000807405.npy,0,Normal,0.9994404911994934,AUTO_ACCEPT,GREEN,False,AUTO_ACCEPT,False,All immediate drift features are within limits.
1,record_000807486:0,artifacts/input_files/record_000807486.npy,0,Normal,0.9984862804412842,AUTO_ACCEPT,GREEN,False,AUTO_ACCEPT,False,All immediate drift features are within limits.
1,record_000807495:0,artifacts/input_files/record_000807495.npy,0,Normal,0.9997394680976868,AUTO_ACCEPT,GREEN,False,AUTO_ACCEPT,False,All immediate drift features are within limits.
1,record_000807651:0,artifacts/input_files/record_000807651.npy,0,Normal,0.9995750784873962,AUTO_ACCEPT,GREEN,False,AUTO_ACCEPT,False,All immediate drift features are within limits.
1,record_000807731:0,artifacts/input_files/record_000807731.npy,0,Normal,0.9991539716720581,AUTO_ACCEPT,GREEN,False,AUTO_ACCEPT,False,All immediate drift features are within limits.
1,record_000807866:0,artifacts/input_files/record_000807866.npy,0,Normal,0.9981651902198792,AUTO_ACCEPT,GREEN,False,AUTO_ACCEPT,False,All immediate drift features are within limits.
1,record_000807878:0,artifacts/input_files/record_000807878.npy,0,Normal,0.9997437596321106,AUTO_ACCEPT,GREEN,False,AUTO_ACCEPT,False,All immediate drift features are within limits.
1,record_000807965:0,artifacts/input_files/record_000807965.npy,0,Normal,0.9997463822364807,AUTO_ACCEPT,GREEN,False,AUTO_ACCEPT,False,All immediate drift features are within limits.
1,record_000808141:0,artifacts/input_files/record_000808141.npy,0,Normal,0.9997574687004089,AUTO_ACCEPT,GREEN,False,AUTO_ACCEPT,False,All immediate drift features are within limits.
1,record_000808154:0,artifacts/input_files/record_000808154.npy,0,Normal,0.9995594620704651,AUTO_ACCEPT,GREEN,False,AUTO_ACCEPT,False,All immediate drift features are within limits.
1,record_000808706:0,artifacts/input_files/record_000808706.npy,0,Normal,0.9994019269943237,AUTO_ACCEPT,GREEN,False,AUTO_ACCEPT,False,All immediate drift features are within limits.
1,record_000809156:0,artifacts/input_files/record_000809156.npy,0,Normal,0.9992196559906006,AUTO_ACCEPT,GREEN,False,AUTO_ACCEPT,False,All immediate drift features are within limits.
1,record_000809304:0,artifacts/input_files/record_000809304.npy,0,Normal,0.9995325803756714,AUTO_ACCEPT,GREEN,False,AUTO_ACCEPT,False,All immediate drift features are within limits.
1,record_000809316:0,artifacts/input_files/record_000809316.npy,0,Normal,0.9996104836463928,AUTO_ACCEPT,GREEN,False,AUTO_ACCEPT,False,All immediate drift features are within limits.
1,record_000809318:0,artifacts/input_files/record_000809318.npy,0,Normal,0.9981958270072937,AUTO_ACCEPT,GREEN,False,AUTO_ACCEPT,False,All immediate drift features are within limits.
1,record_000809405:0,artifacts/input_files/record_000809405.npy,0,Normal,0.9991521835327148,AUTO_ACCEPT,GREEN,False,AUTO_ACCEPT,False,All immediate drift features are within limits.
1,record_000809420:0,artifacts/input_files/record_000809420.npy,0,Normal,0.9996892213821411,AUTO_ACCEPT,GREEN,False,AUTO_ACCEPT,False,All immediate drift features are within limits.
1,record_000811235:0,artifacts/input_files/record_000811235.npy,0,Edge-Loc,0.8350867629051208,ENGINEER_REVIEW,GREEN,False,ENGINEER_REVIEW,False,All immediate drift features are within limits.
