input_id,source_file,source_index,predicted_class_id,predicted_class_name,predicted_is_defect,confidence,entropy,route,route_reason,production_auto_accept_enabled_for_class,class_auto_accept_threshold,class_margin_threshold,strongest_other_class_probability,predicted_vs_best_other_margin,margin_requirement_met,global_abstain_threshold,top_1_class,top_1_probability,top_2_class,top_2_probability,top_3_class,top_3_probability,inference_latency_ms_estimate,probability_normal,probability_center,probability_donut,probability_edge_loc,probability_edge_ring,probability_loc,probability_near_full,probability_random,probability_scratch,source_height,source_width,source_active_dies,source_failed_dies,source_failed_ratio,preprocessing_transform
record_000007317:0,artifacts/input_files/record_000007317.npy,0,0,Normal,False,0.9981677532196045,0.015145224519073963,AUTO_ACCEPT,Production-enabled class meets the frozen confidence and probability-margin requirements.,True,0.9441788792610168,0.1,0.0012738793157041073,0.9968938739039004,True,0.7762330770492554,Normal,0.9981677532196045,Scratch,0.0012738793157041073,Loc,0.00022716273088008165,5.407300781371305,0.9981677532196045,0.0001404072972945869,1.0719823917426652e-09,0.0001812189439078793,9.569135727360845e-06,0.00022716273088008165,5.483317792875919e-12,3.572881157598573e-10,0.0012738793157041073,37,37,1091,65,0.05957836846929423,"{'source_height': 37, 'source_width': 37, 'resized_height': 96, 'resized_width': 96, 'padding_top': 0, 'padding_bottom': 0, 'padding_left': 0, 'padding_right': 0, 'scale': 2.5945945945945947}"
record_000007920:0,artifacts/input_files/record_000007920.npy,0,3,Edge-Loc,True,0.9999297857284546,0.0007502009393647313,ENGINEER_REVIEW,Class is review-only or confidence does not meet its production auto-accept threshold.,False,,,6.847777694929391e-05,0.9998613079515053,True,0.7762330770492554,Edge-Loc,0.9999297857284546,Edge-Ring,6.847777694929391e-05,Random,1.0816839903782238e-06,5.407300781371305,7.874814488646395e-15,1.888550164912345e-15,3.98126059897308e-10,0.9999297857284546,6.847777694929391e-05,5.559260785048536e-07,2.763749584744346e-08,1.0816839903782238e-06,1.686197026191244e-13,29,29,635,247,0.3889763779527559,"{'source_height': 29, 'source_width': 29, 'resized_height': 96, 'resized_width': 96, 'padding_top': 0, 'padding_bottom': 0, 'padding_left': 0, 'padding_right': 0, 'scale': 3.310344827586207}"
record_000012664:0,artifacts/input_files/record_000012664.npy,0,4,Edge-Ring,True,1.0,3.350035910898441e-07,ENGINEER_REVIEW,Class is review-only or confidence does not meet its production auto-accept threshold.,False,,,1.794304260727131e-08,0.9999999820569574,True,0.7762330770492554,Edge-Ring,1.0,Edge-Loc,1.794304260727131e-08,Normal,7.023993053856259e-10,5.407300781371305,7.023993053856259e-10,1.0455201455049061e-21,2.0665846154203253e-18,1.794304260727131e-08,1.0,6.711930639868857e-19,5.26466975618806e-15,1.0166292720853454e-12,6.311403765064949e-14,63,62,3036,336,0.11067193675889328,"{'source_height': 63, 'source_width': 62, 'resized_height': 96, 'resized_width': 94, 'padding_top': 0, 'padding_bottom': 0, 'padding_left': 1, 'padding_right': 1, 'scale': 1.5238095238095237}"
record_000012688:0,artifacts/input_files/record_000012688.npy,0,4,Edge-Ring,True,1.0,2.8914143967995187e-07,ENGINEER_REVIEW,Class is review-only or confidence does not meet its production auto-accept threshold.,False,,,1.5286499177591395e-08,0.9999999847135008,True,0.7762330770492554,Edge-Ring,1.0,Edge-Loc,1.5286499177591395e-08,Normal,6.562109189367504e-10,5.407300781371305,6.562109189367504e-10,2.368315685299625e-22,3.6109114320112213e-19,1.5286499177591395e-08,1.0,2.1677197237671505e-19,2.6934267058982726e-15,3.9750613824857117e-13,1.7927696274126076e-14,63,62,3036,374,0.12318840579710146,"{'source_height': 63, 'source_width': 62, 'resized_height': 96, 'resized_width': 94, 'padding_top': 0, 'padding_bottom': 0, 'padding_left': 1, 'padding_right': 1, 'scale': 1.5238095238095237}"
record_000019377:0,artifacts/input_files/record_000019377.npy,0,7,Random,True,0.9990917444229126,0.007844917476177216,ENGINEER_REVIEW,Class is review-only or confidence does not meet its production auto-accept threshold.,False,,,0.000614331744145602,0.998477412678767,True,0.7762330770492554,Random,0.9990917444229126,Edge-Loc,0.000614331744145602,Near-full,0.0002934813965111971,5.407300781371305,1.212655380681109e-16,2.97346097806554e-19,3.4008493798864947e-07,0.000614331744145602,1.2263917881227826e-07,1.2546409224045707e-12,0.0002934813965111971,0.9990917444229126,1.0681831912661495e-15,41,41,1349,779,0.5774647887323944,"{'source_height': 41, 'source_width': 41, 'resized_height': 96, 'resized_width': 96, 'padding_top': 0, 'padding_bottom': 0, 'padding_left': 0, 'padding_right': 0, 'scale': 2.341463414634146}"
record_000019491:0,artifacts/input_files/record_000019491.npy,0,4,Edge-Ring,True,0.9999995231628418,6.7063747337670065e-06,ENGINEER_REVIEW,Class is review-only or confidence does not meet its production auto-accept threshold.,False,,,4.244193121394346e-07,0.9999990987435297,True,0.7762330770492554,Edge-Ring,0.9999995231628418,Edge-Loc,4.244193121394346e-07,Normal,8.712629229190583e-11,5.407300781371305,8.712629229190583e-11,5.675570854228025e-23,7.832589376135958e-20,4.244193121394346e-07,0.9999995231628418,6.489482644601682e-20,5.89573745726768e-13,2.639732399681294e-12,2.5847522728864275e-16,38,36,1075,217,0.20186046511627906,"{'source_height': 38, 'source_width': 36, 'resized_height': 96, 'resized_width': 91, 'padding_top': 0, 'padding_bottom': 0, 'padding_left': 2, 'padding_right': 3, 'scale': 2.526315789473684}"
record_000021185:0,artifacts/input_files/record_000021185.npy,0,4,Edge-Ring,True,0.9999972581863403,3.7436519050970674e-05,ENGINEER_REVIEW,Class is review-only or confidence does not meet its production auto-accept threshold.,False,,,2.7052733457821887e-06,0.9999945529129945,True,0.7762330770492554,Edge-Ring,0.9999972581863403,Edge-Loc,2.7052733457821887e-06,Normal,3.308360807530164e-10,5.407300781371305,3.308360807530164e-10,4.633145562777772e-20,1.2942295338673123e-17,2.7052733457821887e-06,0.9999972581863403,1.454163974726251e-18,1.0176227221991851e-10,1.1313989328742835e-10,7.145159132057859e-16,38,36,1075,246,0.2288372093023256,"{'source_height': 38, 'source_width': 36, 'resized_height': 96, 'resized_width': 91, 'padding_top': 0, 'padding_bottom': 0, 'padding_left': 2, 'padding_right': 3, 'scale': 2.526315789473684}"
record_000021190:0,artifacts/input_files/record_000021190.npy,0,4,Edge-Ring,True,0.99998939037323,0.00013258856779430062,ENGINEER_REVIEW,Class is review-only or confidence does not meet its production auto-accept threshold.,False,,,1.0653041499608662e-05,0.9999787373317304,True,0.7762330770492554,Edge-Ring,0.99998939037323,Edge-Loc,1.0653041499608662e-05,Normal,1.6725995588551257e-10,5.407300781371305,1.6725995588551257e-10,7.748932961678451e-22,4.625623453705853e-19,1.0653041499608662e-05,0.99998939037323,6.936920664555983e-19,3.65203041419182e-11,1.9806272941180758e-11,2.3546954774341993e-16,38,36,1075,271,0.25209302325581395,"{'source_height': 38, 'source_width': 36, 'resized_height': 96, 'resized_width': 91, 'padding_top': 0, 'padding_bottom': 0, 'padding_left': 2, 'padding_right': 3, 'scale': 2.526315789473684}"
record_000021400:0,artifacts/input_files/record_000021400.npy,0,4,Edge-Ring,True,0.9999985694885254,2.1109817680553533e-05,ENGINEER_REVIEW,Class is review-only or confidence does not meet its production auto-accept threshold.,False,,,1.4633803857577732e-06,0.9999971061081396,True,0.7762330770492554,Edge-Ring,0.9999985694885254,Edge-Loc,1.4633803857577732e-06,Normal,8.851517296903921e-10,5.407300781371305,8.851517296903921e-10,4.477636092293943e-21,7.531892550613711e-19,1.4633803857577732e-06,0.9999985694885254,1.3273911012269866e-18,7.366261246810613e-12,1.5753658794137593e-11,6.185632797869899e-16,38,36,1075,220,0.20465116279069767,"{'source_height': 38, 'source_width': 36, 'resized_height': 96, 'resized_width': 91, 'padding_top': 0, 'padding_bottom': 0, 'padding_left': 2, 'padding_right': 3, 'scale': 2.526315789473684}"
record_000021411:0,artifacts/input_files/record_000021411.npy,0,4,Edge-Ring,True,0.9999985694885254,2.1197831301833503e-05,ENGINEER_REVIEW,Class is review-only or confidence does not meet its production auto-accept threshold.,False,,,1.4660539591204724e-06,0.9999971034345663,True,0.7762330770492554,Edge-Ring,0.9999985694885254,Edge-Loc,1.4660539591204724e-06,Normal,3.6991720797630023e-09,5.407300781371305,3.6991720797630023e-09,1.0300999075335908e-19,5.764076990448684e-18,1.4660539591204724e-06,0.9999985694885254,5.932275069024604e-18,2.5725640367957325e-11,5.743443567962636e-11,2.0009328022881512e-15,38,36,1075,212,0.1972093023255814,"{'source_height': 38, 'source_width': 36, 'resized_height': 96, 'resized_width': 91, 'padding_top': 0, 'padding_bottom': 0, 'padding_left': 2, 'padding_right': 3, 'scale': 2.526315789473684}"
record_000021466:0,artifacts/input_files/record_000021466.npy,0,4,Edge-Ring,True,0.9999996423721313,6.100567588873673e-06,ENGINEER_REVIEW,Class is review-only or confidence does not meet its production auto-accept threshold.,False,,,3.8873284324836277e-07,0.9999992536392881,True,0.7762330770492554,Edge-Ring,0.9999996423721313,Edge-Loc,3.8873284324836277e-07,Normal,2.0852730653331264e-10,5.407300781371305,2.0852730653331264e-10,1.0916942316367328e-21,2.5826903101426798e-18,3.8873284324836277e-07,0.9999996423721313,5.531833935957963e-19,1.2347448367575065e-12,1.214010662831111e-11,5.456000099412703e-15,38,36,1075,194,0.18046511627906978,"{'source_height': 38, 'source_width': 36, 'resized_height': 96, 'resized_width': 91, 'padding_top': 0, 'padding_bottom': 0, 'padding_left': 2, 'padding_right': 3, 'scale': 2.526315789473684}"
record_000021500:0,artifacts/input_files/record_000021500.npy,0,4,Edge-Ring,True,0.9999995231628418,7.660581104573794e-06,ENGINEER_REVIEW,Class is review-only or confidence does not meet its production auto-accept threshold.,False,,,4.945802061229188e-07,0.9999990285826357,True,0.7762330770492554,Edge-Ring,0.9999995231628418,Edge-Loc,4.945802061229188e-07,Normal,1.0530505634154252e-10,5.407300781371305,1.0530505634154252e-10,4.578509818837343e-22,1.555119714127123e-19,4.945802061229188e-07,0.9999995231628418,1.500916378044113e-19,1.1225399949854609e-12,3.734609409916656e-12,1.978580688071074e-16,38,36,1075,202,0.18790697674418605,"{'source_height': 38, 'source_width': 36, 'resized_height': 96, 'resized_width': 91, 'padding_top': 0, 'padding_bottom': 0, 'padding_left': 2, 'padding_right': 3, 'scale': 2.526315789473684}"
record_000021521:0,artifacts/input_files/record_000021521.npy,0,4,Edge-Ring,True,0.9999997615814209,3.567829025996616e-06,ENGINEER_REVIEW,Class is review-only or confidence does not meet its production auto-accept threshold.,False,,,2.1649742620866164e-07,0.9999995450839947,True,0.7762330770492554,Edge-Ring,0.9999997615814209,Edge-Loc,2.1649742620866164e-07,Normal,3.0346566926020557e-10,5.407300781371305,3.0346566926020557e-10,1.4630067430773897e-21,1.4976975597867278e-18,2.1649742620866164e-07,0.9999997615814209,2.872550113212899e-19,9.941326191073574e-13,1.2743464269937554e-11,1.492982390412798e-15,38,36,1075,205,0.19069767441860466,"{'source_height': 38, 'source_width': 36, 'resized_height': 96, 'resized_width': 91, 'padding_top': 0, 'padding_bottom': 0, 'padding_left': 2, 'padding_right': 3, 'scale': 2.526315789473684}"
record_000021681:0,artifacts/input_files/record_000021681.npy,0,8,Scratch,True,0.935335636138916,0.24856477975845337,ENGINEER_REVIEW,Class is review-only or confidence does not meet its production auto-accept threshold.,False,,,0.06290416419506073,0.8724314719438553,True,0.7762330770492554,Scratch,0.935335636138916,Normal,0.06290416419506073,Loc,0.0015344111016020179,5.407300781371305,0.06290416419506073,2.6428711862536147e-05,6.3258607951866e-06,0.00016017621965147555,3.275983181083575e-05,0.0015344111016020179,4.80091357293877e-12,6.228993498780255e-08,0.935335636138916,26,30,600,44,0.07333333333333333,"{'source_height': 26, 'source_width': 30, 'resized_height': 83, 'resized_width': 96, 'padding_top': 6, 'padding_bottom': 7, 'padding_left': 0, 'padding_right': 0, 'scale': 3.2}"
record_000070488:0,artifacts/input_files/record_000070488.npy,0,3,Edge-Loc,True,0.9973868727684021,0.020051728934049606,ENGINEER_REVIEW,Class is review-only or confidence does not meet its production auto-accept threshold.,False,,,0.0016916673630475998,0.9956952054053545,True,0.7762330770492554,Edge-Loc,0.9973868727684021,Loc,0.0016916673630475998,Edge-Ring,0.0008811595616862178,5.407300781371305,2.1902367734583095e-05,1.731937402382755e-07,3.766453460229968e-08,0.9973868727684021,0.0008811595616862178,0.0016916673630475998,3.2039901043390273e-07,2.670774847501889e-06,1.5337387594627216e-05,33,33,846,182,0.21513002364066194,"{'source_height': 33, 'source_width': 33, 'resized_height': 96, 'resized_width': 96, 'padding_top': 0, 'padding_bottom': 0, 'padding_left': 0, 'padding_right': 0, 'scale': 2.909090909090909}"
record_000071508:0,artifacts/input_files/record_000071508.npy,0,3,Edge-Loc,True,0.739799439907074,0.7509406208992004,ABSTAIN,Confidence is below the frozen abstain threshold.,False,,,0.15327978134155273,0.5865196585655212,True,0.7762330770492554,Edge-Loc,0.739799439907074,Edge-Ring,0.15327978134155273,Normal,0.10673847049474716,5.407300781371305,0.10673847049474716,2.054573826626438e-07,1.2865393472782927e-10,0.739799439907074,0.15327978134155273,6.963412306504324e-05,1.1296013013861739e-07,2.3241486246661225e-07,0.00011202161113033071,33,33,846,162,0.19148936170212766,"{'source_height': 33, 'source_width': 33, 'resized_height': 96, 'resized_width': 96, 'padding_top': 0, 'padding_bottom': 0, 'padding_left': 0, 'padding_right': 0, 'scale': 2.909090909090909}"
record_000106791:0,artifacts/input_files/record_000106791.npy,0,3,Edge-Loc,True,0.8613173961639404,0.44364991784095764,ENGINEER_REVIEW,Class is review-only or confidence does not meet its production auto-accept threshold.,False,,,0.12930980324745178,0.7320075929164886,True,0.7762330770492554,Edge-Loc,0.8613173961639404,Loc,0.12930980324745178,Normal,0.007139264140278101,5.407300781371305,0.007139264140278101,0.00034519980545155704,3.2691962132957997e-06,0.8613173961639404,0.00012686349509749562,0.12930980324745178,3.0145924938551616e-06,3.284448030171916e-05,0.0017223380273208022,35,31,845,149,0.17633136094674556,"{'source_height': 35, 'source_width': 31, 'resized_height': 96, 'resized_width': 85, 'padding_top': 0, 'padding_bottom': 0, 'padding_left': 5, 'padding_right': 6, 'scale': 2.742857142857143}"
record_000107460:0,artifacts/input_files/record_000107460.npy,0,8,Scratch,True,0.9992208480834961,0.007207823917269707,ENGINEER_REVIEW,Class is review-only or confidence does not meet its production auto-accept threshold.,False,,,0.00033835359499789774,0.9988824944884982,True,0.7762330770492554,Scratch,0.9992208480834961,Donut,0.00033835359499789774,Loc,0.0003154719597660005,5.407300781371305,0.00011246525536989793,3.953911118514952e-07,0.00033835359499789774,3.5953717087977566e-06,2.667861053851084e-06,0.0003154719597660005,1.721709390724649e-13,6.179622232593829e-06,0.9992208480834961,35,31,845,174,0.20591715976331362,"{'source_height': 35, 'source_width': 31, 'resized_height': 96, 'resized_width': 85, 'padding_top': 0, 'padding_bottom': 0, 'padding_left': 5, 'padding_right': 6, 'scale': 2.742857142857143}"
record_000109206:0,artifacts/input_files/record_000109206.npy,0,4,Edge-Ring,True,1.0,7.32878845610685e-07,ENGINEER_REVIEW,Class is review-only or confidence does not meet its production auto-accept threshold.,False,,,3.561702399679234e-08,0.999999964382976,True,0.7762330770492554,Edge-Ring,1.0,Edge-Loc,3.561702399679234e-08,Normal,6.462520740768696e-09,5.407300781371305,6.462520740768696e-09,7.826407331968118e-21,5.497899239068887e-20,3.561702399679234e-08,1.0,3.239987360224134e-19,1.252431386139681e-14,2.850335798550846e-13,1.447136732142659e-15,41,41,1291,202,0.15646785437645236,"{'source_height': 41, 'source_width': 41, 'resized_height': 96, 'resized_width': 96, 'padding_top': 0, 'padding_bottom': 0, 'padding_left': 0, 'padding_right': 0, 'scale': 2.341463414634146}"
record_000109210:0,artifacts/input_files/record_000109210.npy,0,4,Edge-Ring,True,0.9999997615814209,3.40663677889097e-06,ENGINEER_REVIEW,Class is review-only or confidence does not meet its production auto-accept threshold.,False,,,1.950329533428885e-07,0.9999995665484676,True,0.7762330770492554,Edge-Ring,0.9999997615814209,Edge-Loc,1.950329533428885e-07,Normal,8.315880428710898e-09,5.407300781371305,8.315880428710898e-09,7.597633893019099e-20,2.0992400516426937e-18,1.950329533428885e-07,0.9999997615814209,6.011421777985209e-18,1.385979818326749e-13,3.1757194530329658e-12,2.404978444853472e-14,41,41,1291,179,0.1386522075910147,"{'source_height': 41, 'source_width': 41, 'resized_height': 96, 'resized_width': 96, 'padding_top': 0, 'padding_bottom': 0, 'padding_left': 0, 'padding_right': 0, 'scale': 2.341463414634146}"
record_000111108:0,artifacts/input_files/record_000111108.npy,0,3,Edge-Loc,True,0.9926565289497375,0.04972909018397331,ENGINEER_REVIEW,Class is review-only or confidence does not meet its production auto-accept threshold.,False,,,0.003975479397922754,0.9886810495518148,True,0.7762330770492554,Edge-Loc,0.9926565289497375,Normal,0.003975479397922754,Loc,0.0030498667620122433,5.407300781371305,0.003975479397922754,1.2058291076755268e-06,5.9329638979477295e-09,0.9926565289497375,0.00021941703744232655,0.0030498667620122433,3.403195876217069e-07,5.107988840791222e-07,9.664285607868806e-05,30,34,776,111,0.14304123711340205,"{'source_height': 30, 'source_width': 34, 'resized_height': 85, 'resized_width': 96, 'padding_top': 5, 'padding_bottom': 6, 'padding_left': 0, 'padding_right': 0, 'scale': 2.823529411764706}"
record_000114956:0,artifacts/input_files/record_000114956.npy,0,5,Loc,True,0.9639865159988403,0.17742082476615906,ENGINEER_REVIEW,Class is review-only or confidence does not meet its production auto-accept threshold.,False,,,0.02820996381342411,0.9357765521854162,True,0.7762330770492554,Loc,0.9639865159988403,Center,0.02820996381342411,Donut,0.006961773615330458,5.407300781371305,0.00023440324002876878,0.02820996381342411,0.006961773615330458,4.306919072405435e-05,1.2508265534449947e-08,0.9639865159988403,7.642435662091884e-08,0.0004935240722261369,7.069631828926504e-05,30,31,712,204,0.28651685393258425,"{'source_height': 30, 'source_width': 31, 'resized_height': 93, 'resized_width': 96, 'padding_top': 1, 'padding_bottom': 2, 'padding_left': 0, 'padding_right': 0, 'scale': 3.096774193548387}"
record_000144892:0,artifacts/input_files/record_000144892.npy,0,4,Edge-Ring,True,1.0,1.7592428491752798e-07,ENGINEER_REVIEW,Class is review-only or confidence does not meet its production auto-accept threshold.,False,,,8.652312644130689e-09,0.9999999913476874,True,0.7762330770492554,Edge-Ring,1.0,Edge-Loc,8.652312644130689e-09,Normal,7.183667549703898e-10,5.407300781371305,7.183667549703898e-10,2.2725621077932157e-22,3.405361961176681e-19,8.652312644130689e-09,1.0,2.1035922882850356e-19,9.935853172388185e-16,2.683205220510576e-13,1.8734889873739217e-14,63,62,3036,346,0.11396574440052701,"{'source_height': 63, 'source_width': 62, 'resized_height': 96, 'resized_width': 94, 'padding_top': 0, 'padding_bottom': 0, 'padding_left': 1, 'padding_right': 1, 'scale': 1.5238095238095237}"
record_000144906:0,artifacts/input_files/record_000144906.npy,0,4,Edge-Ring,True,1.0,3.3923228670573735e-07,ENGINEER_REVIEW,Class is review-only or confidence does not meet its production auto-accept threshold.,False,,,1.7521712081247642e-08,0.9999999824782879,True,0.7762330770492554,Edge-Ring,1.0,Edge-Loc,1.7521712081247642e-08,Normal,1.2759946432794322e-09,5.407300781371305,1.2759946432794322e-09,2.3661677117180167e-21,4.609010565078491e-19,1.7521712081247642e-08,1.0,4.972495439725371e-19,4.967121481377727e-15,5.038769423405809e-13,1.217770797938035e-14,63,62,3036,346,0.11396574440052701,"{'source_height': 63, 'source_width': 62, 'resized_height': 96, 'resized_width': 94, 'padding_top': 0, 'padding_bottom': 0, 'padding_left': 1, 'padding_right': 1, 'scale': 1.5238095238095237}"
record_000147248:0,artifacts/input_files/record_000147248.npy,0,5,Loc,True,0.5717722773551941,1.154244303703308,ABSTAIN,Confidence is below the frozen abstain threshold.,False,,,0.2593095004558563,0.31246277689933777,True,0.7762330770492554,Loc,0.5717722773551941,Center,0.2593095004558563,Edge-Loc,0.08843865245580673,5.407300781371305,0.046455174684524536,0.2593095004558563,0.0005626519559882581,0.08843865245580673,0.0004198804672341794,0.5717722773551941,4.6865781769156456e-05,0.0018153173150494695,0.031179599463939667,212,84,14116,439,0.03109946160385378,"{'source_height': 212, 'source_width': 84, 'resized_height': 96, 'resized_width': 38, 'padding_top': 0, 'padding_bottom': 0, 'padding_left': 29, 'padding_right': 29, 'scale': 0.4528301886792453}"
record_000165613:0,artifacts/input_files/record_000165613.npy,0,3,Edge-Loc,True,0.9974097609519958,0.01834506168961525,ENGINEER_REVIEW,Class is review-only or confidence does not meet its production auto-accept threshold.,False,,,0.002531275153160095,0.9948784857988358,True,0.7762330770492554,Edge-Loc,0.9974097609519958,Edge-Ring,0.002531275153160095,Loc,3.37477758876048e-05,5.407300781371305,2.2571821318706498e-05,3.668954584590267e-10,1.273093609699405e-11,0.9974097609519958,0.002531275153160095,3.37477758876048e-05,6.181691603046602e-09,1.0607835498888107e-08,2.6734992388810497e-06,26,26,533,94,0.17636022514071295,"{'source_height': 26, 'source_width': 26, 'resized_height': 96, 'resized_width': 96, 'padding_top': 0, 'padding_bottom': 0, 'padding_left': 0, 'padding_right': 0, 'scale': 3.6923076923076925}"
record_000172358:0,artifacts/input_files/record_000172358.npy,0,1,Center,True,0.8223546743392944,0.4754982590675354,ENGINEER_REVIEW,Class is review-only or confidence does not meet its production auto-accept threshold.,False,,,0.17649877071380615,0.6458559036254883,True,0.7762330770492554,Center,0.8223546743392944,Loc,0.17649877071380615,Donut,0.0009138023015111685,5.407300781371305,0.0001291824592044577,0.8223546743392944,0.0009138023015111685,2.7953587959927972e-06,7.489161513163367e-10,0.17649877071380615,1.4116787738771563e-08,9.658880298957229e-05,4.20440574089298e-06,26,26,533,212,0.3977485928705441,"{'source_height': 26, 'source_width': 26, 'resized_height': 96, 'resized_width': 96, 'padding_top': 0, 'padding_bottom': 0, 'padding_left': 0, 'padding_right': 0, 'scale': 3.6923076923076925}"
record_000199692:0,artifacts/input_files/record_000199692.npy,0,4,Edge-Ring,True,1.0,3.369415253473562e-07,ENGINEER_REVIEW,Class is review-only or confidence does not meet its production auto-accept threshold.,False,,,1.8554471736820233e-08,0.9999999814455283,True,0.7762330770492554,Edge-Ring,1.0,Edge-Loc,1.8554471736820233e-08,Normal,2.9429519932122616e-10,5.407300781371305,2.9429519932122616e-10,7.75809169989694e-23,2.487503224936176e-19,1.8554471736820233e-08,1.0,9.362093503890816e-20,5.0492506429764515e-15,5.17353250083924e-13,8.026896713227063e-15,63,62,3036,401,0.1320816864295125,"{'source_height': 63, 'source_width': 62, 'resized_height': 96, 'resized_width': 94, 'padding_top': 0, 'padding_bottom': 0, 'padding_left': 1, 'padding_right': 1, 'scale': 1.5238095238095237}"
record_000199748:0,artifacts/input_files/record_000199748.npy,0,4,Edge-Ring,True,0.9999998807907104,1.119846729125129e-06,ENGINEER_REVIEW,Class is review-only or confidence does not meet its production auto-accept threshold.,False,,,6.006948893855224e-08,0.9999998207212215,True,0.7762330770492554,Edge-Ring,0.9999998807907104,Edge-Loc,6.006948893855224e-08,Normal,6.9052603912656e-11,5.407300781371305,6.9052603912656e-11,5.855711975100674e-23,1.3887416396939727e-18,6.006948893855224e-08,0.9999998807907104,1.3394933739740968e-19,3.618635542579872e-14,2.330507531747572e-12,2.601637133536113e-14,63,62,3036,404,0.13306982872200263,"{'source_height': 63, 'source_width': 62, 'resized_height': 96, 'resized_width': 94, 'padding_top': 0, 'padding_bottom': 0, 'padding_left': 1, 'padding_right': 1, 'scale': 1.5238095238095237}"
record_000199752:0,artifacts/input_files/record_000199752.npy,0,4,Edge-Ring,True,1.0,9.063541597242875e-07,ENGINEER_REVIEW,Class is review-only or confidence does not meet its production auto-accept threshold.,False,,,5.3969021251987215e-08,0.9999999460309787,True,0.7762330770492554,Edge-Ring,1.0,Edge-Loc,5.3969021251987215e-08,Normal,1.3103332308084248e-10,5.407300781371305,1.3103332308084248e-10,1.3282008147172932e-22,1.5924432407388579e-18,5.3969021251987215e-08,1.0,2.170963693485036e-19,3.674373359827815e-14,2.6452878516131095e-12,2.639212362109261e-14,63,62,3036,400,0.13175230566534915,"{'source_height': 63, 'source_width': 62, 'resized_height': 96, 'resized_width': 94, 'padding_top': 0, 'padding_bottom': 0, 'padding_left': 1, 'padding_right': 1, 'scale': 1.5238095238095237}"
record_000199753:0,artifacts/input_files/record_000199753.npy,0,4,Edge-Ring,True,1.0,5.885542577743763e-07,ENGINEER_REVIEW,Class is review-only or confidence does not meet its production auto-accept threshold.,False,,,3.411862792290776e-08,0.9999999658813721,True,0.7762330770492554,Edge-Ring,1.0,Edge-Loc,3.411862792290776e-08,Normal,7.54533449609518e-11,5.407300781371305,7.54533449609518e-11,8.580809884081313e-23,6.663713247987375e-19,3.411862792290776e-08,1.0,1.2263127064509096e-19,1.8864045457536553e-14,1.5259898379638148e-12,8.459096968629464e-15,63,62,3036,390,0.12845849802371542,"{'source_height': 63, 'source_width': 62, 'resized_height': 96, 'resized_width': 94, 'padding_top': 0, 'padding_bottom': 0, 'padding_left': 1, 'padding_right': 1, 'scale': 1.5238095238095237}"
record_000199759:0,artifacts/input_files/record_000199759.npy,0,4,Edge-Ring,True,1.0,6.53500933367468e-07,ENGINEER_REVIEW,Class is review-only or confidence does not meet its production auto-accept threshold.,False,,,3.811133453268667e-08,0.9999999618886655,True,0.7762330770492554,Edge-Ring,1.0,Edge-Loc,3.811133453268667e-08,Normal,9.919574883721083e-11,5.407300781371305,9.919574883721083e-11,9.78905575224423e-23,4.580702893553278e-19,3.811133453268667e-08,1.0,9.553811997895587e-20,2.2387812632397586e-14,1.1401658697035577e-12,8.26427769669508e-15,63,62,3036,414,0.13636363636363635,"{'source_height': 63, 'source_width': 62, 'resized_height': 96, 'resized_width': 94, 'padding_top': 0, 'padding_bottom': 0, 'padding_left': 1, 'padding_right': 1, 'scale': 1.5238095238095237}"
record_000200048:0,artifacts/input_files/record_000200048.npy,0,4,Edge-Ring,True,1.0,5.991516331960156e-07,ENGINEER_REVIEW,Class is review-only or confidence does not meet its production auto-accept threshold.,False,,,3.4430062356705093e-08,0.9999999655699376,True,0.7762330770492554,Edge-Ring,1.0,Edge-Loc,3.4430062356705093e-08,Normal,3.3449557013121023e-10,5.407300781371305,3.3449557013121023e-10,1.0235472517162035e-21,2.624273506716333e-18,3.4430062356705093e-08,1.0,4.6481723972040485e-19,1.9592320997454012e-14,2.142709837685275e-12,3.892699151301221e-14,63,62,3036,359,0.11824769433465086,"{'source_height': 63, 'source_width': 62, 'resized_height': 96, 'resized_width': 94, 'padding_top': 0, 'padding_bottom': 0, 'padding_left': 1, 'padding_right': 1, 'scale': 1.5238095238095237}"
record_000221265:0,artifacts/input_files/record_000221265.npy,0,4,Edge-Ring,True,0.9999983310699463,2.369569119764492e-05,ENGINEER_REVIEW,Class is review-only or confidence does not meet its production auto-accept threshold.,False,,,1.6418786117355921e-06,0.9999966891913346,True,0.7762330770492554,Edge-Ring,0.9999983310699463,Edge-Loc,1.6418786117355921e-06,Normal,8.387358363393105e-09,5.407300781371305,8.387358363393105e-09,5.0346503079404883e-20,6.8454005744025036e-18,1.6418786117355921e-06,0.9999983310699463,1.201698629005293e-17,1.1233981626890266e-11,4.678656767564959e-11,7.530039044828952e-15,38,36,1075,232,0.2158139534883721,"{'source_height': 38, 'source_width': 36, 'resized_height': 96, 'resized_width': 91, 'padding_top': 0, 'padding_bottom': 0, 'padding_left': 2, 'padding_right': 3, 'scale': 2.526315789473684}"
record_000221321:0,artifacts/input_files/record_000221321.npy,0,4,Edge-Ring,True,0.9999996423721313,5.1923766477557365e-06,ENGINEER_REVIEW,Class is review-only or confidence does not meet its production auto-accept threshold.,False,,,3.233998597806931e-07,0.9999993189722716,True,0.7762330770492554,Edge-Ring,0.9999996423721313,Edge-Loc,3.233998597806931e-07,Normal,6.518194317628456e-11,5.407300781371305,6.518194317628456e-11,1.9785436141066302e-23,2.882482742912071e-20,3.233998597806931e-07,0.9999996423721313,1.8379366752798672e-20,1.1348065499447446e-12,2.595374653038829e-12,2.856010471428779e-17,38,36,1075,243,0.22604651162790698,"{'source_height': 38, 'source_width': 36, 'resized_height': 96, 'resized_width': 91, 'padding_top': 0, 'padding_bottom': 0, 'padding_left': 2, 'padding_right': 3, 'scale': 2.526315789473684}"
record_000221387:0,artifacts/input_files/record_000221387.npy,0,4,Edge-Ring,True,0.9999998807907104,1.7471072624175576e-06,ENGINEER_REVIEW,Class is review-only or confidence does not meet its production auto-accept threshold.,False,,,1.0102201031259028e-07,0.9999997797687001,True,0.7762330770492554,Edge-Ring,0.9999998807907104,Edge-Loc,1.0102201031259028e-07,Normal,1.9075555371395048e-11,5.407300781371305,1.9075555371395048e-11,7.148065877433893e-24,4.473529431358301e-20,1.0102201031259028e-07,0.9999998807907104,1.0014060137481493e-20,1.4554091438967465e-13,1.2310837028614574e-12,1.431772083875058e-16,38,36,1075,204,0.18976744186046512,"{'source_height': 38, 'source_width': 36, 'resized_height': 96, 'resized_width': 91, 'padding_top': 0, 'padding_bottom': 0, 'padding_left': 2, 'padding_right': 3, 'scale': 2.526315789473684}"
record_000221397:0,artifacts/input_files/record_000221397.npy,0,4,Edge-Ring,True,0.999998927116394,1.5881618310231715e-05,ENGINEER_REVIEW,Class is review-only or confidence does not meet its production auto-accept threshold.,False,,,1.0776051340144477e-06,0.99999784951126,True,0.7762330770492554,Edge-Ring,0.999998927116394,Edge-Loc,1.0776051340144477e-06,Normal,4.305828263384548e-11,5.407300781371305,4.305828263384548e-11,1.008196548615131e-21,5.778011158059869e-19,1.0776051340144477e-06,0.999998927116394,1.0194672116175606e-19,7.1936341432266016e-12,1.1492435475490836e-11,2.418626877314994e-16,38,36,1075,210,0.19534883720930232,"{'source_height': 38, 'source_width': 36, 'resized_height': 96, 'resized_width': 91, 'padding_top': 0, 'padding_bottom': 0, 'padding_left': 2, 'padding_right': 3, 'scale': 2.526315789473684}"
record_000221398:0,artifacts/input_files/record_000221398.npy,0,4,Edge-Ring,True,0.9999996423721313,5.4849888329044916e-06,ENGINEER_REVIEW,Class is review-only or confidence does not meet its production auto-accept threshold.,False,,,3.442209219883807e-07,0.9999992981512094,True,0.7762330770492554,Edge-Ring,0.9999996423721313,Edge-Loc,3.442209219883807e-07,Normal,1.9225097902531019e-10,5.407300781371305,1.9225097902531019e-10,1.387431293515222e-21,1.7431015748110504e-18,3.442209219883807e-07,0.9999996423721313,5.225221347339283e-19,7.608768758278484e-13,9.144487250756228e-12,3.720484224113739e-15,38,36,1075,196,0.18232558139534882,"{'source_height': 38, 'source_width': 36, 'resized_height': 96, 'resized_width': 91, 'padding_top': 0, 'padding_bottom': 0, 'padding_left': 2, 'padding_right': 3, 'scale': 2.526315789473684}"
record_000227935:0,artifacts/input_files/record_000227935.npy,0,5,Loc,True,0.9971101880073547,0.021549567580223083,ENGINEER_REVIEW,Class is review-only or confidence does not meet its production auto-accept threshold.,False,,,0.002279744017869234,0.9948304439894855,True,0.7762330770492554,Loc,0.9971101880073547,Center,0.002279744017869234,Normal,0.000536870735231787,5.407300781371305,0.000536870735231787,0.002279744017869234,4.048336904816097e-06,1.4103346984484233e-05,6.105551619839389e-10,0.9971101880073547,1.8620906899746714e-11,6.737691933267342e-07,5.4471162002300844e-05,28,28,607,141,0.23228995057660626,"{'source_height': 28, 'source_width': 28, 'resized_height': 96, 'resized_width': 96, 'padding_top': 0, 'padding_bottom': 0, 'padding_left': 0, 'padding_right': 0, 'scale': 3.4285714285714284}"
record_000239457:0,artifacts/input_files/record_000239457.npy,0,4,Edge-Ring,True,0.9999982118606567,2.5252260456909426e-05,ENGINEER_REVIEW,Class is review-only or confidence does not meet its production auto-accept threshold.,False,,,1.7713315401124419e-06,0.9999964405291166,True,0.7762330770492554,Edge-Ring,0.9999982118606567,Edge-Loc,1.7713315401124419e-06,Normal,1.0942045186590477e-10,5.407300781371305,1.0942045186590477e-10,4.1799080212213224e-21,5.419868939591893e-18,1.7713315401124419e-06,0.9999982118606567,5.777919134216723e-19,4.103674344779762e-11,5.937546981860109e-11,1.0378006488437298e-15,55,48,2085,451,0.21630695443645084,"{'source_height': 55, 'source_width': 48, 'resized_height': 96, 'resized_width': 84, 'padding_top': 0, 'padding_bottom': 0, 'padding_left': 6, 'padding_right': 6, 'scale': 1.7454545454545454}"
record_000239545:0,artifacts/input_files/record_000239545.npy,0,4,Edge-Ring,True,0.9999992847442627,1.148218143498525e-05,ENGINEER_REVIEW,Class is review-only or confidence does not meet its production auto-accept threshold.,False,,,7.643167236892623e-07,0.999998520427539,True,0.7762330770492554,Edge-Ring,0.9999992847442627,Edge-Loc,7.643167236892623e-07,Normal,5.4432035268003887e-11,5.407300781371305,5.4432035268003887e-11,5.704464494157991e-21,2.3716292211493644e-17,7.643167236892623e-07,0.9999992847442627,1.9681596351035594e-18,2.271770445372301e-12,2.5198888115030016e-11,5.0290077413832e-14,48,52,1999,284,0.14207103551775888,"{'source_height': 48, 'source_width': 52, 'resized_height': 89, 'resized_width': 96, 'padding_top': 3, 'padding_bottom': 4, 'padding_left': 0, 'padding_right': 0, 'scale': 1.8461538461538463}"
record_000242425:0,artifacts/input_files/record_000242425.npy,0,0,Normal,False,0.8861929178237915,0.46249550580978394,ENGINEER_REVIEW,Class is review-only or confidence does not meet its production auto-accept threshold.,True,0.9441788792610168,0.1,0.06968743354082108,0.8165054842829704,True,0.7762330770492554,Normal,0.8861929178237915,Scratch,0.06968743354082108,Loc,0.03279292583465576,5.407300781371305,0.8861929178237915,0.0020740407053381205,3.2941663903329754e-06,0.00888245552778244,0.0003656542976386845,0.03279292583465576,1.0405220685072436e-08,1.309674303229258e-06,0.06968743354082108,62,75,3703,83,0.022414258709154738,"{'source_height': 62, 'source_width': 75, 'resized_height': 79, 'resized_width': 96, 'padding_top': 8, 'padding_bottom': 9, 'padding_left': 0, 'padding_right': 0, 'scale': 1.28}"
record_000242593:0,artifacts/input_files/record_000242593.npy,0,0,Normal,False,0.9995166063308716,0.004750720225274563,AUTO_ACCEPT,Production-enabled class meets the frozen confidence and probability-margin requirements.,True,0.9441788792610168,0.1,0.0002371788868913427,0.9992794274439802,True,0.7762330770492554,Normal,0.9995166063308716,Scratch,0.0002371788868913427,Edge-Loc,0.00014333614672068506,5.407300781371305,0.9995166063308716,3.0647879611933604e-05,1.1696958679419112e-10,0.00014333614672068506,2.7944715839112177e-06,6.944688357179984e-05,3.699732794432142e-12,1.2222027556685333e-10,0.0002371788868913427,51,50,1972,97,0.049188640973630834,"{'source_height': 51, 'source_width': 50, 'resized_height': 96, 'resized_width': 94, 'padding_top': 0, 'padding_bottom': 0, 'padding_left': 1, 'padding_right': 1, 'scale': 1.8823529411764706}"
record_000242651:0,artifacts/input_files/record_000242651.npy,0,0,Normal,False,0.9763835668563843,0.13938795030117035,AUTO_ACCEPT,Production-enabled class meets the frozen confidence and probability-margin requirements.,True,0.9441788792610168,0.1,0.010185085237026215,0.9661984816193581,True,0.7762330770492554,Normal,0.9763835668563843,Scratch,0.010185085237026215,Loc,0.009053409099578857,5.407300781371305,0.9763835668563843,0.0013149426085874438,4.0942737200566626e-07,0.003005556296557188,5.6820441386662424e-05,0.009053409099578857,4.197770575586901e-09,2.3347119793015736e-07,0.010185085237026215,51,44,1760,24,0.013636363636363636,"{'source_height': 51, 'source_width': 44, 'resized_height': 96, 'resized_width': 83, 'padding_top': 0, 'padding_bottom': 0, 'padding_left': 6, 'padding_right': 7, 'scale': 1.8823529411764706}"
record_000244447:0,artifacts/input_files/record_000244447.npy,0,0,Normal,False,0.9986283779144287,0.011995816603302956,AUTO_ACCEPT,Production-enabled class meets the frozen confidence and probability-margin requirements.,True,0.9441788792610168,0.1,0.0007598935626447201,0.997868484351784,True,0.7762330770492554,Normal,0.9986283779144287,Scratch,0.0007598935626447201,Loc,0.00026370890554971993,5.407300781371305,0.9986283779144287,7.993392500793561e-05,1.5956531651539763e-09,0.00026050390442833304,7.648001883353572e-06,0.00026370890554971993,2.885826994036833e-11,1.2159157014579591e-09,0.0007598935626447201,50,43,1724,66,0.0382830626450116,"{'source_height': 50, 'source_width': 43, 'resized_height': 96, 'resized_width': 83, 'padding_top': 0, 'padding_bottom': 0, 'padding_left': 6, 'padding_right': 7, 'scale': 1.92}"
record_000244448:0,artifacts/input_files/record_000244448.npy,0,0,Normal,False,0.9966356158256531,0.0260922871530056,AUTO_ACCEPT,Production-enabled class meets the frozen confidence and probability-margin requirements.,True,0.9441788792610168,0.1,0.00208652694709599,0.9945490888785571,True,0.7762330770492554,Normal,0.9966356158256531,Scratch,0.00208652694709599,Loc,0.0006189041887409985,5.407300781371305,0.9966356158256531,0.00018701500084716827,8.199803502861869e-09,0.0004582031979225576,1.3797243809676729e-05,0.0006189041887409985,8.842095111649684e-11,4.571039102785335e-09,0.00208652694709599,50,43,1724,64,0.037122969837587005,"{'source_height': 50, 'source_width': 43, 'resized_height': 96, 'resized_width': 83, 'padding_top': 0, 'padding_bottom': 0, 'padding_left': 6, 'padding_right': 7, 'scale': 1.92}"
record_000245501:0,artifacts/input_files/record_000245501.npy,0,0,Normal,False,0.9647644758224487,0.18600958585739136,AUTO_ACCEPT,Production-enabled class meets the frozen confidence and probability-margin requirements.,True,0.9441788792610168,0.1,0.019791750237345695,0.944972725585103,True,0.7762330770492554,Normal,0.9647644758224487,Scratch,0.019791750237345695,Loc,0.012620041146874428,5.407300781371305,0.9647644758224487,0.0009738507797010243,1.9488598468342389e-07,0.0018095043487846851,4.001600973424502e-05,0.012620041146874428,2.6031027333672796e-10,5.574308659106464e-08,0.019791750237345695,63,64,3168,65,0.020517676767676768,"{'source_height': 63, 'source_width': 64, 'resized_height': 94, 'resized_width': 96, 'padding_top': 1, 'padding_bottom': 1, 'padding_left': 0, 'padding_right': 0, 'scale': 1.5}"
record_000245653:0,artifacts/input_files/record_000245653.npy,0,0,Normal,False,0.9982653260231018,0.014803260564804077,AUTO_ACCEPT,Production-enabled class meets the frozen confidence and probability-margin requirements.,True,0.9441788792610168,0.1,0.0009487259085290134,0.9973166001145728,True,0.7762330770492554,Normal,0.9982653260231018,Scratch,0.0009487259085290134,Loc,0.00037230708403512836,5.407300781371305,0.9982653260231018,0.0001852511486504227,1.7082993908346111e-09,0.00022459639876615256,3.848440428555477e-06,0.00037230708403512836,1.9310603463496e-11,1.0633811609039867e-09,0.0009487259085290134,50,49,1893,67,0.035393555203380875,"{'source_height': 50, 'source_width': 49, 'resized_height': 96, 'resized_width': 94, 'padding_top': 0, 'padding_bottom': 0, 'padding_left': 1, 'padding_right': 1, 'scale': 1.92}"
record_000245689:0,artifacts/input_files/record_000245689.npy,0,0,Normal,False,0.8644852638244629,0.5077880620956421,ENGINEER_REVIEW,Class is review-only or confidence does not meet its production auto-accept threshold.,True,0.9441788792610168,0.1,0.09318616986274719,0.7712990939617157,True,0.7762330770492554,Normal,0.8644852638244629,Scratch,0.09318616986274719,Loc,0.0341581366956234,5.407300781371305,0.8644852638244629,0.0016523253871127963,1.4321144590212498e-06,0.005916251335293055,0.0005999306449666619,0.0341581366956234,1.8854224848041667e-09,4.886633746536972e-07,0.09318616986274719,86,82,5546,107,0.019293184276956366,"{'source_height': 86, 'source_width': 82, 'resized_height': 96, 'resized_width': 92, 'padding_top': 0, 'padding_bottom': 0, 'padding_left': 2, 'padding_right': 2, 'scale': 1.1162790697674418}"
record_000245708:0,artifacts/input_files/record_000245708.npy,0,0,Normal,False,0.9201703667640686,0.333573579788208,ENGINEER_REVIEW,Class is review-only or confidence does not meet its production auto-accept threshold.,True,0.9441788792610168,0.1,0.0616811104118824,0.8584892563521862,True,0.7762330770492554,Normal,0.9201703667640686,Scratch,0.0616811104118824,Loc,0.014142167754471302,5.407300781371305,0.9201703667640686,0.0006845677853561938,3.798388945597253e-07,0.003019892843440175,0.00030152584076859057,0.014142167754471302,4.080573379194874e-10,1.1318918780034437e-07,0.0616811104118824,86,82,5546,127,0.02289938694554634,"{'source_height': 86, 'source_width': 82, 'resized_height': 96, 'resized_width': 92, 'padding_top': 0, 'padding_bottom': 0, 'padding_left': 2, 'padding_right': 2, 'scale': 1.1162790697674418}"
record_000248062:0,artifacts/input_files/record_000248062.npy,0,0,Normal,False,0.9434722661972046,0.26066893339157104,ENGINEER_REVIEW,Class is review-only or confidence does not meet its production auto-accept threshold.,True,0.9441788792610168,0.1,0.04004869982600212,0.9034235663712025,True,0.7762330770492554,Normal,0.9434722661972046,Scratch,0.04004869982600212,Loc,0.01384065393358469,5.407300781371305,0.9434722661972046,0.0010577680077403784,1.7945535546459723e-07,0.0015303939580917358,5.00471142004244e-05,0.01384065393358469,9.651155569168068e-11,3.845991969342322e-08,0.04004869982600212,82,83,5340,114,0.021348314606741574,"{'source_height': 82, 'source_width': 83, 'resized_height': 95, 'resized_width': 96, 'padding_top': 0, 'padding_bottom': 1, 'padding_left': 0, 'padding_right': 0, 'scale': 1.1566265060240963}"
record_000248066:0,artifacts/input_files/record_000248066.npy,0,0,Normal,False,0.9530394077301025,0.22501741349697113,AUTO_ACCEPT,Production-enabled class meets the frozen confidence and probability-margin requirements.,True,0.9441788792610168,0.1,0.0338965505361557,0.9191428571939468,True,0.7762330770492554,Normal,0.9530394077301025,Scratch,0.0338965505361557,Loc,0.010777692310512066,5.407300781371305,0.9530394077301025,0.0010155088966712356,1.268375058316451e-07,0.0012369353789836168,3.370904960320331e-05,0.010777692310512066,6.874802116474399e-11,2.735900039851913e-08,0.0338965505361557,82,83,5340,139,0.026029962546816478,"{'source_height': 82, 'source_width': 83, 'resized_height': 95, 'resized_width': 96, 'padding_top': 0, 'padding_bottom': 1, 'padding_left': 0, 'padding_right': 0, 'scale': 1.1566265060240963}"
record_000250478:0,artifacts/input_files/record_000250478.npy,0,0,Normal,False,0.9980553388595581,0.016259565949440002,AUTO_ACCEPT,Production-enabled class meets the frozen confidence and probability-margin requirements.,True,0.9441788792610168,0.1,0.0011385584948584437,0.9969167803646997,True,0.7762330770492554,Normal,0.9980553388595581,Scratch,0.0011385584948584437,Loc,0.0003887368948198855,5.407300781371305,0.9980553388595581,0.00023497453366871923,1.6556416237989424e-09,0.00017959084652829915,2.699468950595474e-06,0.0003887368948198855,9.913184856324975e-12,7.729450968163576e-10,0.0011385584948584437,50,51,1998,70,0.035035035035035036,"{'source_height': 50, 'source_width': 51, 'resized_height': 94, 'resized_width': 96, 'padding_top': 1, 'padding_bottom': 1, 'padding_left': 0, 'padding_right': 0, 'scale': 1.8823529411764706}"
record_000250505:0,artifacts/input_files/record_000250505.npy,0,0,Normal,False,0.9983603358268738,0.013900475576519966,AUTO_ACCEPT,Production-enabled class meets the frozen confidence and probability-margin requirements.,True,0.9441788792610168,0.1,0.0010124987456947565,0.997347837081179,True,0.7762330770492554,Normal,0.9983603358268738,Scratch,0.0010124987456947565,Loc,0.00032664649188518524,5.407300781371305,0.9983603358268738,0.00014128930342849344,1.069434096834243e-09,0.00015648534463252872,2.735385578489513e-06,0.00032664649188518524,4.9725098170971815e-12,4.5441975182747285e-10,0.0010124987456947565,50,51,1998,68,0.03403403403403404,"{'source_height': 50, 'source_width': 51, 'resized_height': 94, 'resized_width': 96, 'padding_top': 1, 'padding_bottom': 1, 'padding_left': 0, 'padding_right': 0, 'scale': 1.8823529411764706}"
record_000250508:0,artifacts/input_files/record_000250508.npy,0,0,Normal,False,0.9948699474334717,0.03704020380973816,AUTO_ACCEPT,Production-enabled class meets the frozen confidence and probability-margin requirements.,True,0.9441788792610168,0.1,0.0034782784059643745,0.9913916690275073,True,0.7762330770492554,Normal,0.9948699474334717,Scratch,0.0034782784059643745,Loc,0.0009322157129645348,5.407300781371305,0.9948699474334717,0.000408592342864722,7.164287829652949e-09,0.00030540634179487824,5.519688329513883e-06,0.0009322157129645348,2.2454706496977117e-11,2.475963656323188e-09,0.0034782784059643745,50,51,1998,57,0.028528528528528527,"{'source_height': 50, 'source_width': 51, 'resized_height': 94, 'resized_width': 96, 'padding_top': 1, 'padding_bottom': 1, 'padding_left': 0, 'padding_right': 0, 'scale': 1.8823529411764706}"
record_000251142:0,artifacts/input_files/record_000251142.npy,0,0,Normal,False,0.9976235032081604,0.019649647176265717,AUTO_ACCEPT,Production-enabled class meets the frozen confidence and probability-margin requirements.,True,0.9441788792610168,0.1,0.00118499924428761,0.9964385039638728,True,0.7762330770492554,Normal,0.9976235032081604,Scratch,0.00118499924428761,Loc,0.0005660172319039702,5.407300781371305,0.9976235032081604,0.00036288268165662885,3.261254599706831e-09,0.0002591063384898007,3.5862194636138156e-06,0.0005660172319039702,3.38210882910861e-11,1.9036849874254358e-09,0.00118499924428761,50,49,1893,45,0.02377179080824089,"{'source_height': 50, 'source_width': 49, 'resized_height': 96, 'resized_width': 94, 'padding_top': 0, 'padding_bottom': 0, 'padding_left': 1, 'padding_right': 1, 'scale': 1.92}"
record_000251156:0,artifacts/input_files/record_000251156.npy,0,0,Normal,False,0.9973112344741821,0.021738845854997635,AUTO_ACCEPT,Production-enabled class meets the frozen confidence and probability-margin requirements.,True,0.9441788792610168,0.1,0.0014197215205058455,0.9958915129536763,True,0.7762330770492554,Normal,0.9973112344741821,Scratch,0.0014197215205058455,Loc,0.0007053354638628662,5.407300781371305,0.9973112344741821,0.0002235734718851745,4.480732229694695e-09,0.00033411968615837395,5.979844900139142e-06,0.0007053354638628662,3.7443163153350056e-11,2.430520451568441e-09,0.0014197215205058455,50,49,1893,45,0.02377179080824089,"{'source_height': 50, 'source_width': 49, 'resized_height': 96, 'resized_width': 94, 'padding_top': 0, 'padding_bottom': 0, 'padding_left': 1, 'padding_right': 1, 'scale': 1.92}"
record_000251160:0,artifacts/input_files/record_000251160.npy,0,0,Normal,False,0.9982553124427795,0.015009774826467037,AUTO_ACCEPT,Production-enabled class meets the frozen confidence and probability-margin requirements.,True,0.9441788792610168,0.1,0.0008521287818439305,0.9974031836609356,True,0.7762330770492554,Normal,0.9982553124427795,Scratch,0.0008521287818439305,Loc,0.0003935351560357958,5.407300781371305,0.9982553124427795,0.00023070831957738847,1.879759237155554e-09,0.00026437174528837204,3.891278538503684e-06,0.0003935351560357958,2.7741881708509553e-11,1.3423737676987457e-09,0.0008521287818439305,50,49,1893,59,0.03116745905969361,"{'source_height': 50, 'source_width': 49, 'resized_height': 96, 'resized_width': 94, 'padding_top': 0, 'padding_bottom': 0, 'padding_left': 1, 'padding_right': 1, 'scale': 1.92}"
record_000251577:0,artifacts/input_files/record_000251577.npy,0,0,Normal,False,0.8810186982154846,0.4437710642814636,ENGINEER_REVIEW,Class is review-only or confidence does not meet its production auto-accept threshold.,True,0.9441788792610168,0.1,0.08963941037654877,0.7913792878389359,True,0.7762330770492554,Normal,0.8810186982154846,Scratch,0.08963941037654877,Loc,0.026191022247076035,5.407300781371305,0.8810186982154846,0.0012478305725380778,5.096246127322956e-07,0.0018346417928114533,6.788236350985244e-05,0.026191022247076035,1.145981920469552e-10,7.663322065809552e-08,0.08963941037654877,82,83,5340,110,0.020599250936329586,"{'source_height': 82, 'source_width': 83, 'resized_height': 95, 'resized_width': 96, 'padding_top': 0, 'padding_bottom': 1, 'padding_left': 0, 'padding_right': 0, 'scale': 1.1566265060240963}"
record_000251902:0,artifacts/input_files/record_000251902.npy,0,0,Normal,False,0.9943475127220154,0.04165276885032654,AUTO_ACCEPT,Production-enabled class meets the frozen confidence and probability-margin requirements.,True,0.9441788792610168,0.1,0.0028620348311960697,0.9914854778908193,True,0.7762330770492554,Normal,0.9943475127220154,Scratch,0.0028620348311960697,Loc,0.001350653008557856,5.407300781371305,0.9943475127220154,0.0003355452499818057,3.069173715175566e-08,0.001076983753591776,2.7276835680822842e-05,0.001350653008557856,5.738287067735826e-10,2.458663850291032e-08,0.0028620348311960697,47,52,1873,60,0.03203416978109984,"{'source_height': 47, 'source_width': 52, 'resized_height': 87, 'resized_width': 96, 'padding_top': 4, 'padding_bottom': 5, 'padding_left': 0, 'padding_right': 0, 'scale': 1.8461538461538463}"
record_000251905:0,artifacts/input_files/record_000251905.npy,0,0,Normal,False,0.9984941482543945,0.012992318719625473,AUTO_ACCEPT,Production-enabled class meets the frozen confidence and probability-margin requirements.,True,0.9441788792610168,0.1,0.0007949464488774538,0.9976992018055171,True,0.7762330770492554,Normal,0.9984941482543945,Scratch,0.0007949464488774538,Edge-Loc,0.0004330738156568259,5.407300781371305,0.9984941482543945,4.930268187308684e-05,1.6196856078565247e-09,0.0004330738156568259,1.5116207578103058e-05,0.00021331313473638147,4.67334851372847e-11,1.6879145858794686e-09,0.0007949464488774538,47,52,1873,75,0.0400427122263748,"{'source_height': 47, 'source_width': 52, 'resized_height': 87, 'resized_width': 96, 'padding_top': 4, 'padding_bottom': 5, 'padding_left': 0, 'padding_right': 0, 'scale': 1.8461538461538463}"
record_000251909:0,artifacts/input_files/record_000251909.npy,0,0,Normal,False,0.998683512210846,0.011620013043284416,AUTO_ACCEPT,Production-enabled class meets the frozen confidence and probability-margin requirements.,True,0.9441788792610168,0.1,0.0006194571033120155,0.9980640551075339,True,0.7762330770492554,Normal,0.998683512210846,Scratch,0.0006194571033120155,Edge-Loc,0.0004075115721207112,5.407300781371305,0.998683512210846,5.631696694763377e-05,1.5957078991490903e-09,0.0004075115721207112,1.157507358584553e-05,0.00022166800044942647,5.742370814965092e-11,1.7888678316424489e-09,0.0006194571033120155,47,52,1873,78,0.04164442071542979,"{'source_height': 47, 'source_width': 52, 'resized_height': 87, 'resized_width': 96, 'padding_top': 4, 'padding_bottom': 5, 'padding_left': 0, 'padding_right': 0, 'scale': 1.8461538461538463}"
record_000252543:0,artifacts/input_files/record_000252543.npy,0,0,Normal,False,0.999997615814209,3.525774081936106e-05,AUTO_ACCEPT,Production-enabled class meets the frozen confidence and probability-margin requirements.,True,0.9441788792610168,0.1,9.410354664396436e-07,0.9999966747787425,True,0.7762330770492554,Normal,0.999997615814209,Edge-Loc,9.410354664396436e-07,Scratch,9.05966771824751e-07,5.407300781371305,0.999997615814209,8.303265985887265e-08,1.952469706331878e-16,9.410354664396436e-07,3.9478912583490455e-08,3.4854991781685385e-07,4.636351882853089e-18,6.061568940876746e-16,9.05966771824751e-07,29,27,592,67,0.11317567567567567,"{'source_height': 29, 'source_width': 27, 'resized_height': 96, 'resized_width': 89, 'padding_top': 0, 'padding_bottom': 0, 'padding_left': 3, 'padding_right': 4, 'scale': 3.310344827586207}"
record_000253072:0,artifacts/input_files/record_000253072.npy,0,0,Normal,False,0.9628169536590576,0.20569086074829102,AUTO_ACCEPT,Production-enabled class meets the frozen confidence and probability-margin requirements.,True,0.9441788792610168,0.1,0.017272599041461945,0.9455443546175957,True,0.7762330770492554,Normal,0.9628169536590576,Scratch,0.017272599041461945,Edge-Loc,0.00990506075322628,5.407300781371305,0.9628169536590576,0.0012614513980224729,6.673576535831671e-07,0.00990506075322628,0.0012120071332901716,0.007530347444117069,2.5008745296872803e-08,8.047535970945319e-07,0.017272599041461945,55,66,2849,104,0.036504036504036504,"{'source_height': 55, 'source_width': 66, 'resized_height': 80, 'resized_width': 96, 'padding_top': 8, 'padding_bottom': 8, 'padding_left': 0, 'padding_right': 0, 'scale': 1.4545454545454546}"
record_000253232:0,artifacts/input_files/record_000253232.npy,0,0,Normal,False,0.9999878406524658,0.0001647607423365116,AUTO_ACCEPT,Production-enabled class meets the frozen confidence and probability-margin requirements.,True,0.9441788792610168,0.1,5.492075615620706e-06,0.9999823485768502,True,0.7762330770492554,Normal,0.9999878406524658,Scratch,5.492075615620706e-06,Edge-Loc,4.704036655311938e-06,0.03506835855660029,0.9999878406524658,8.22653703380638e-07,4.0979545467721354e-14,4.704036655311938e-06,3.429026662615797e-07,8.395025474783324e-07,3.4029641829565714e-15,7.707061307508575e-14,5.492075615620706e-06,29,27,592,44,0.07432432432432433,"{'source_height': 29, 'source_width': 27, 'resized_height': 96, 'resized_width': 89, 'padding_top': 0, 'padding_bottom': 0, 'padding_left': 3, 'padding_right': 4, 'scale': 3.310344827586207}"
record_000253268:0,artifacts/input_files/record_000253268.npy,0,0,Normal,False,0.9994705319404602,0.005074032116681337,AUTO_ACCEPT,Production-enabled class meets the frozen confidence and probability-margin requirements.,True,0.9441788792610168,0.1,0.0003285223210696131,0.9991420096193906,True,0.7762330770492554,Normal,0.9994705319404602,Scratch,0.0003285223210696131,Loc,9.793409844860435e-05,0.03506835855660029,0.9994705319404602,1.4749783076695167e-05,5.641893202623649e-11,8.393853204324841e-05,4.352009909780463e-06,9.793409844860435e-05,4.705744257801903e-13,4.0096086173502243e-11,0.0003285223210696131,29,27,592,32,0.05405405405405406,"{'source_height': 29, 'source_width': 27, 'resized_height': 96, 'resized_width': 89, 'padding_top': 0, 'padding_bottom': 0, 'padding_left': 3, 'padding_right': 4, 'scale': 3.310344827586207}"
record_000253444:0,artifacts/input_files/record_000253444.npy,0,3,Edge-Loc,True,0.5560749173164368,0.9411420822143555,ABSTAIN,Confidence is below the frozen abstain threshold.,False,,,0.33204954862594604,0.22402536869049072,True,0.7762330770492554,Edge-Loc,0.5560749173164368,Edge-Ring,0.33204954862594604,Normal,0.11134655028581619,0.03506835855660029,0.11134655028581619,6.867327897452924e-07,9.019853752789686e-10,0.5560749173164368,0.33204954862594604,0.00014945065777283162,1.5885113668900885e-07,4.0834822812030325e-07,0.00037828381755389273,61,60,2857,356,0.12460623031151558,"{'source_height': 61, 'source_width': 60, 'resized_height': 96, 'resized_width': 94, 'padding_top': 0, 'padding_bottom': 0, 'padding_left': 1, 'padding_right': 1, 'scale': 1.5737704918032787}"
record_000265565:0,artifacts/input_files/record_000265565.npy,0,3,Edge-Loc,True,0.6677609086036682,0.6384830474853516,ABSTAIN,Confidence is below the frozen abstain threshold.,False,,,0.33192551136016846,0.33583539724349976,True,0.7762330770492554,Edge-Loc,0.6677609086036682,Loc,0.33192551136016846,Center,0.0002493518986739218,0.03506835855660029,4.620160325430334e-06,0.0002493518986739218,1.1062258636229672e-05,0.6677609086036682,2.6999268811778165e-06,0.33192551136016846,6.982986633374821e-07,4.075148899573833e-05,4.3670688683050685e-06,26,26,533,169,0.3170731707317073,"{'source_height': 26, 'source_width': 26, 'resized_height': 96, 'resized_width': 96, 'padding_top': 0, 'padding_bottom': 0, 'padding_left': 0, 'padding_right': 0, 'scale': 3.6923076923076925}"
record_000266103:0,artifacts/input_files/record_000266103.npy,0,4,Edge-Ring,True,0.9999997615814209,4.088442437932827e-06,ENGINEER_REVIEW,Class is review-only or confidence does not meet its production auto-accept threshold.,False,,,2.530317715354613e-07,0.9999995085496494,True,0.7762330770492554,Edge-Ring,0.9999997615814209,Edge-Loc,2.530317715354613e-07,Normal,2.726523729013053e-10,0.03506835855660029,2.726523729013053e-10,3.755895562344067e-21,1.6569727997360078e-17,2.530317715354613e-07,0.9999997615814209,3.55539143118818e-18,4.830390102662785e-13,1.5724676769024448e-11,9.702883705916057e-14,73,78,4479,593,0.13239562402321947,"{'source_height': 73, 'source_width': 78, 'resized_height': 90, 'resized_width': 96, 'padding_top': 3, 'padding_bottom': 3, 'padding_left': 0, 'padding_right': 0, 'scale': 1.2307692307692308}"
record_000278614:0,artifacts/input_files/record_000278614.npy,0,2,Donut,True,0.9654269218444824,0.17797543108463287,ENGINEER_REVIEW,Class is review-only or confidence does not meet its production auto-accept threshold.,False,,,0.023539235815405846,0.9418876860290766,True,0.7762330770492554,Donut,0.9654269218444824,Center,0.023539235815405846,Loc,0.008432481437921524,0.03506835855660029,1.4366905531915108e-07,0.023539235815405846,0.9654269218444824,1.6376073830315363e-08,1.656819993700598e-11,0.008432481437921524,3.573063844797275e-09,0.0026010603178292513,1.2285278216950246e-07,41,42,1334,582,0.4362818590704648,"{'source_height': 41, 'source_width': 42, 'resized_height': 94, 'resized_width': 96, 'padding_top': 1, 'padding_bottom': 1, 'padding_left': 0, 'padding_right': 0, 'scale': 2.2857142857142856}"
record_000278887:0,artifacts/input_files/record_000278887.npy,0,5,Loc,True,0.5852384567260742,0.8059324622154236,ABSTAIN,Confidence is below the frozen abstain threshold.,False,,,0.38115230202674866,0.20408615469932556,True,0.7762330770492554,Loc,0.5852384567260742,Donut,0.38115230202674866,Center,0.030997207388281822,0.03506835855660029,2.4134753402904607e-05,0.030997207388281822,0.38115230202674866,3.348023938087863e-06,2.725767167532922e-09,0.5852384567260742,2.0812618295451557e-09,0.0020030064042657614,0.0005815937765873969,41,42,1334,196,0.1469265367316342,"{'source_height': 41, 'source_width': 42, 'resized_height': 94, 'resized_width': 96, 'padding_top': 1, 'padding_bottom': 1, 'padding_left': 0, 'padding_right': 0, 'scale': 2.2857142857142856}"
record_000279330:0,artifacts/input_files/record_000279330.npy,0,2,Donut,True,0.9594141840934753,0.2019660621881485,ENGINEER_REVIEW,Class is review-only or confidence does not meet its production auto-accept threshold.,False,,,0.02864912524819374,0.9307650588452816,True,0.7762330770492554,Donut,0.9594141840934753,Loc,0.02864912524819374,Scratch,0.009603684768080711,0.03506835855660029,1.0858649147849064e-05,0.0011763302609324455,0.9594141840934753,2.529082792079862e-07,9.638962961133757e-10,0.02864912524819374,2.0804715589184397e-11,0.0011455831117928028,0.009603684768080711,41,42,1334,195,0.14617691154422788,"{'source_height': 41, 'source_width': 42, 'resized_height': 94, 'resized_width': 96, 'padding_top': 1, 'padding_bottom': 1, 'padding_left': 0, 'padding_right': 0, 'scale': 2.2857142857142856}"
record_000279983:0,artifacts/input_files/record_000279983.npy,0,2,Donut,True,0.9995747208595276,0.0040362742729485035,ENGINEER_REVIEW,Class is review-only or confidence does not meet its production auto-accept threshold.,False,,,0.0002802290837280452,0.9992944917757995,True,0.7762330770492554,Donut,0.9995747208595276,Loc,0.0002802290837280452,Center,0.00013465558004099876,0.03506835855660029,3.0808031906831568e-12,0.00013465558004099876,0.9995747208595276,1.0751449508244679e-13,2.2415079205304853e-17,0.0002802290837280452,2.3726034744748294e-17,1.0337134881410748e-05,6.478512171170792e-10,41,42,1334,305,0.22863568215892055,"{'source_height': 41, 'source_width': 42, 'resized_height': 94, 'resized_width': 96, 'padding_top': 1, 'padding_bottom': 1, 'padding_left': 0, 'padding_right': 0, 'scale': 2.2857142857142856}"
record_000294288:0,artifacts/input_files/record_000294288.npy,0,1,Center,True,0.9771208763122559,0.10924325883388519,ENGINEER_REVIEW,Class is review-only or confidence does not meet its production auto-accept threshold.,False,,,0.022856898605823517,0.9542639777064323,True,0.7762330770492554,Center,0.9771208763122559,Loc,0.022856898605823517,Donut,1.0892063983192202e-05,0.03506835855660029,2.1333191568828624e-07,0.9771208763122559,1.0892063983192202e-05,3.379369672984467e-06,2.242531160767669e-10,0.022856898605823517,1.1864986770859787e-10,7.602980076626409e-06,2.0122857335991284e-07,69,79,4251,264,0.062103034580098804,"{'source_height': 69, 'source_width': 79, 'resized_height': 84, 'resized_width': 96, 'padding_top': 6, 'padding_bottom': 6, 'padding_left': 0, 'padding_right': 0, 'scale': 1.2151898734177216}"
record_000294351:0,artifacts/input_files/record_000294351.npy,0,4,Edge-Ring,True,0.9999994039535522,8.874691047822125e-06,ENGINEER_REVIEW,Class is review-only or confidence does not meet its production auto-accept threshold.,False,,,5.622453613796097e-07,0.9999988417081909,True,0.7762330770492554,Edge-Ring,0.9999994039535522,Edge-Loc,5.622453613796097e-07,Normal,1.0147244822178436e-08,0.03506835855660029,1.0147244822178436e-08,7.747540345763875e-20,2.280016817639524e-17,5.622453613796097e-07,0.9999994039535522,8.213726796872723e-17,2.970465941363326e-13,1.107990608983922e-11,4.996637326983022e-13,53,52,2126,262,0.12323612417685795,"{'source_height': 53, 'source_width': 52, 'resized_height': 96, 'resized_width': 94, 'padding_top': 0, 'padding_bottom': 0, 'padding_left': 1, 'padding_right': 1, 'scale': 1.8113207547169812}"
record_000294446:0,artifacts/input_files/record_000294446.npy,0,4,Edge-Ring,True,0.9999998807907104,1.4215954706742195e-06,ENGINEER_REVIEW,Class is review-only or confidence does not meet its production auto-accept threshold.,False,,,6.734100566063717e-08,0.9999998134497048,True,0.7762330770492554,Edge-Ring,0.9999998807907104,Edge-Loc,6.734100566063717e-08,Normal,1.0343499390330635e-08,0.03506835855660029,1.0343499390330635e-08,1.484698080418333e-20,1.1605888123865673e-19,6.734100566063717e-08,0.9999998807907104,2.968613286085673e-18,7.435172201769417e-15,3.079726415295553e-13,6.871925785031409e-15,53,52,2126,268,0.12605832549388524,"{'source_height': 53, 'source_width': 52, 'resized_height': 96, 'resized_width': 94, 'padding_top': 0, 'padding_bottom': 0, 'padding_left': 1, 'padding_right': 1, 'scale': 1.8113207547169812}"
record_000294483:0,artifacts/input_files/record_000294483.npy,0,4,Edge-Ring,True,0.9999998807907104,3.0888236324244644e-06,ENGINEER_REVIEW,Class is review-only or confidence does not meet its production auto-accept threshold.,False,,,1.779846030558474e-07,0.9999997028061074,True,0.7762330770492554,Edge-Ring,0.9999998807907104,Edge-Loc,1.779846030558474e-07,Normal,1.109519764952438e-08,0.03506835855660029,1.109519764952438e-08,1.0332773150615601e-19,3.51598165167401e-18,1.779846030558474e-07,0.9999998807907104,1.8447743970849446e-17,9.599578212416207e-14,3.3302399466556e-12,4.641291284678342e-14,53,52,2126,263,0.12370649106302917,"{'source_height': 53, 'source_width': 52, 'resized_height': 96, 'resized_width': 94, 'padding_top': 0, 'padding_bottom': 0, 'padding_left': 1, 'padding_right': 1, 'scale': 1.8113207547169812}"
record_000300268:0,artifacts/input_files/record_000300268.npy,0,4,Edge-Ring,True,0.9999998807907104,1.793831302165927e-06,ENGINEER_REVIEW,Class is review-only or confidence does not meet its production auto-accept threshold.,False,,,1.0251115156734159e-07,0.9999997782795589,True,0.7762330770492554,Edge-Ring,0.9999998807907104,Edge-Loc,1.0251115156734159e-07,Normal,1.1994863990949511e-09,0.03506835855660029,1.1994863990949511e-09,3.425918756491816e-21,2.4931759261794882e-18,1.0251115156734159e-07,0.9999998807907104,1.9781718292379012e-18,8.672859793616011e-14,3.906201750947247e-12,2.6850156687320374e-14,46,46,1658,220,0.13268998793727382,"{'source_height': 46, 'source_width': 46, 'resized_height': 96, 'resized_width': 96, 'padding_top': 0, 'padding_bottom': 0, 'padding_left': 0, 'padding_right': 0, 'scale': 2.0869565217391304}"
record_000300286:0,artifacts/input_files/record_000300286.npy,0,4,Edge-Ring,True,0.9999955892562866,5.8877558331005275e-05,ENGINEER_REVIEW,Class is review-only or confidence does not meet its production auto-accept threshold.,False,,,4.410176188685e-06,0.9999911790800979,True,0.7762330770492554,Edge-Ring,0.9999955892562866,Edge-Loc,4.410176188685e-06,Normal,3.944441662184772e-09,0.03506835855660029,3.944441662184772e-09,9.85012773885163e-19,1.8709613140043728e-16,4.410176188685e-06,0.9999955892562866,2.616158401686045e-16,3.1358551172422366e-11,2.3023559447832298e-10,1.717613817018085e-13,46,46,1658,239,0.14414957780458384,"{'source_height': 46, 'source_width': 46, 'resized_height': 96, 'resized_width': 96, 'padding_top': 0, 'padding_bottom': 0, 'padding_left': 0, 'padding_right': 0, 'scale': 2.0869565217391304}"
record_000316500:0,artifacts/input_files/record_000316500.npy,0,5,Loc,True,0.9170187711715698,0.3454973101615906,ENGINEER_REVIEW,Class is review-only or confidence does not meet its production auto-accept threshold.,False,,,0.05418839305639267,0.8628303781151772,True,0.7762330770492554,Loc,0.9170187711715698,Donut,0.05418839305639267,Center,0.027627937495708466,0.03506835855660029,6.569187098648399e-05,0.027627937495708466,0.05418839305639267,9.512718861515168e-06,6.431512655780125e-09,0.9170187711715698,4.905901018759096e-09,0.0005857219803147018,0.0005039891111664474,44,41,1376,225,0.16351744186046513,"{'source_height': 44, 'source_width': 41, 'resized_height': 96, 'resized_width': 89, 'padding_top': 0, 'padding_bottom': 0, 'padding_left': 3, 'padding_right': 4, 'scale': 2.1818181818181817}"
record_000321403:0,artifacts/input_files/record_000321403.npy,0,1,Center,True,0.9529694318771362,0.19054539501667023,ENGINEER_REVIEW,Class is review-only or confidence does not meet its production auto-accept threshold.,False,,,0.046929046511650085,0.9060403853654861,True,0.7762330770492554,Center,0.9529694318771362,Loc,0.046929046511650085,Donut,3.483489126665518e-05,0.03506835855660029,3.178329279762693e-05,0.9529694318771362,3.483489126665518e-05,9.448028322367463e-06,1.1527184762272213e-09,0.046929046511650085,1.5127248342849953e-09,2.026971742452588e-05,5.073396096122451e-06,39,45,1361,157,0.115356355620867,"{'source_height': 39, 'source_width': 45, 'resized_height': 83, 'resized_width': 96, 'padding_top': 6, 'padding_bottom': 7, 'padding_left': 0, 'padding_right': 0, 'scale': 2.1333333333333333}"
record_000329411:0,artifacts/input_files/record_000329411.npy,0,4,Edge-Ring,True,0.9985059499740601,0.012173320166766644,ENGINEER_REVIEW,Class is review-only or confidence does not meet its production auto-accept threshold.,False,,,0.001053209649398923,0.9974527403246611,True,0.7762330770492554,Edge-Ring,0.9985059499740601,Normal,0.001053209649398923,Edge-Loc,0.0004304837202653289,0.03506835855660029,0.001053209649398923,4.170562917238385e-08,1.9293149300381174e-09,0.0004304837202653289,0.9985059499740601,3.674078925541835e-07,8.04936828302516e-09,2.6751700943350443e-07,9.776482329471037e-06,107,150,12662,485,0.03830358553151161,"{'source_height': 107, 'source_width': 150, 'resized_height': 68, 'resized_width': 96, 'padding_top': 14, 'padding_bottom': 14, 'padding_left': 0, 'padding_right': 0, 'scale': 0.64}"
record_000329433:0,artifacts/input_files/record_000329433.npy,0,4,Edge-Ring,True,0.9989243149757385,0.009157196618616581,ENGINEER_REVIEW,Class is review-only or confidence does not meet its production auto-accept threshold.,False,,,0.0006973645067773759,0.9982269504689611,True,0.7762330770492554,Edge-Ring,0.9989243149757385,Normal,0.0006973645067773759,Edge-Loc,0.00037220536614768207,0.03506835855660029,0.0006973645067773759,1.7461813328623066e-08,8.648409766109921e-10,0.00037220536614768207,0.9989243149757385,1.8762159470497863e-07,4.788970109359525e-09,1.6043227901718637e-07,5.689237241313094e-06,107,150,12662,489,0.038619491391565314,"{'source_height': 107, 'source_width': 150, 'resized_height': 68, 'resized_width': 96, 'padding_top': 14, 'padding_bottom': 14, 'padding_left': 0, 'padding_right': 0, 'scale': 0.64}"
record_000347707:0,artifacts/input_files/record_000347707.npy,0,5,Loc,True,0.7299391627311707,0.7728737592697144,ABSTAIN,Confidence is below the frozen abstain threshold.,False,,,0.2124924510717392,0.5174467116594315,True,0.7762330770492554,Loc,0.7299391627311707,Center,0.2124924510717392,Donut,0.03839070349931717,0.03506835855660029,3.84208578907419e-06,0.2124924510717392,0.03839070349931717,0.007074873894453049,1.610489221093303e-06,0.7299391627311707,7.674851076444611e-06,0.012052486650645733,3.7312765925889835e-05,27,25,518,192,0.37065637065637064,"{'source_height': 27, 'source_width': 25, 'resized_height': 96, 'resized_width': 89, 'padding_top': 0, 'padding_bottom': 0, 'padding_left': 3, 'padding_right': 4, 'scale': 3.5555555555555554}"
record_000350370:0,artifacts/input_files/record_000350370.npy,0,4,Edge-Ring,True,1.0,3.6238674283595174e-07,ENGINEER_REVIEW,Class is review-only or confidence does not meet its production auto-accept threshold.,False,,,1.1473782812743138e-08,0.9999999885262172,True,0.7762330770492554,Edge-Ring,1.0,Edge-Loc,1.1473782812743138e-08,Normal,8.186753497341215e-09,0.03506835855660029,8.186753497341215e-09,3.288923025989473e-21,2.2731278662126657e-20,1.1473782812743138e-08,1.0,8.716886163750919e-19,2.8618040444391003e-16,3.465799628082737e-14,6.5118457264065014e-15,53,52,2126,253,0.11900282220131703,"{'source_height': 53, 'source_width': 52, 'resized_height': 96, 'resized_width': 94, 'padding_top': 0, 'padding_bottom': 0, 'padding_left': 1, 'padding_right': 1, 'scale': 1.8113207547169812}"
record_000350377:0,artifacts/input_files/record_000350377.npy,0,4,Edge-Ring,True,1.0,1.1271469020357472e-06,ENGINEER_REVIEW,Class is review-only or confidence does not meet its production auto-accept threshold.,False,,,4.8135724739495345e-08,0.9999999518642753,True,0.7762330770492554,Edge-Ring,1.0,Edge-Loc,4.8135724739495345e-08,Normal,1.7699465004739068e-08,0.03506835855660029,1.7699465004739068e-08,3.6362468755744695e-20,1.5714182741217147e-19,4.8135724739495345e-08,1.0,5.452082661367158e-18,3.831374389436483e-15,2.1178341740903106e-13,1.7306033383147727e-14,53,52,2126,258,0.1213546566321731,"{'source_height': 53, 'source_width': 52, 'resized_height': 96, 'resized_width': 94, 'padding_top': 0, 'padding_bottom': 0, 'padding_left': 1, 'padding_right': 1, 'scale': 1.8113207547169812}"
record_000353087:0,artifacts/input_files/record_000353087.npy,0,4,Edge-Ring,True,1.0,6.163342618492607e-07,ENGINEER_REVIEW,Class is review-only or confidence does not meet its production auto-accept threshold.,False,,,2.3690420292155068e-08,0.9999999763095797,True,0.7762330770492554,Edge-Ring,1.0,Edge-Loc,2.3690420292155068e-08,Normal,1.0920850890272504e-08,0.03506835855660029,1.0920850890272504e-08,1.044002180223579e-20,4.6777868202266394e-20,2.3690420292155068e-08,1.0,1.6664233795934567e-18,1.0882094853589645e-15,7.351778419980443e-14,8.823694677478552e-15,53,52,2126,265,0.12464722483537159,"{'source_height': 53, 'source_width': 52, 'resized_height': 96, 'resized_width': 94, 'padding_top': 0, 'padding_bottom': 0, 'padding_left': 1, 'padding_right': 1, 'scale': 1.8113207547169812}"
record_000364038:0,artifacts/input_files/record_000364038.npy,0,5,Loc,True,0.9723777770996094,0.15944433212280273,ENGINEER_REVIEW,Class is review-only or confidence does not meet its production auto-accept threshold.,False,,,0.012375801801681519,0.9600019752979279,True,0.7762330770492554,Loc,0.9723777770996094,Normal,0.012375801801681519,Scratch,0.00832642987370491,0.03506835855660029,0.012375801801681519,0.0008373012533411384,0.00010846457007573918,0.005890754051506519,9.77164654614171e-06,0.9723777770996094,8.784117255800084e-08,7.362866017501801e-05,0.00832642987370491,35,40,1080,196,0.1814814814814815,"{'source_height': 35, 'source_width': 40, 'resized_height': 84, 'resized_width': 96, 'padding_top': 6, 'padding_bottom': 6, 'padding_left': 0, 'padding_right': 0, 'scale': 2.4}"
record_000371589:0,artifacts/input_files/record_000371589.npy,0,1,Center,True,0.9818589091300964,0.09787058085203171,ENGINEER_REVIEW,Class is review-only or confidence does not meet its production auto-accept threshold.,False,,,0.015759222209453583,0.9660996869206429,True,0.7762330770492554,Center,0.9818589091300964,Loc,0.015759222209453583,Donut,0.0023652128875255585,0.03506835855660029,3.4563092299322307e-07,0.9818589091300964,0.0023652128875255585,1.4892438393587781e-08,8.531857512150687e-12,0.015759222209453583,3.1446529408230006e-11,1.60374565894017e-05,2.9489999064935546e-07,40,40,1226,318,0.25938009787928223,"{'source_height': 40, 'source_width': 40, 'resized_height': 96, 'resized_width': 96, 'padding_top': 0, 'padding_bottom': 0, 'padding_left': 0, 'padding_right': 0, 'scale': 2.4}"
record_000372545:0,artifacts/input_files/record_000372545.npy,0,3,Edge-Loc,True,0.5900917649269104,0.7729834318161011,ABSTAIN,Confidence is below the frozen abstain threshold.,False,,,0.3865138292312622,0.2035779356956482,True,0.7762330770492554,Edge-Loc,0.5900917649269104,Edge-Ring,0.3865138292312622,Scratch,0.021976951509714127,0.03506835855660029,0.0010740754660218954,1.9608074808274978e-07,4.336678102845326e-06,0.5900917649269104,0.3865138292312622,3.613265653257258e-05,8.928449096856639e-05,0.000213458071812056,0.021976951509714127,30,40,924,131,0.14177489177489178,"{'source_height': 30, 'source_width': 40, 'resized_height': 72, 'resized_width': 96, 'padding_top': 12, 'padding_bottom': 12, 'padding_left': 0, 'padding_right': 0, 'scale': 2.4}"
record_000382233:0,artifacts/input_files/record_000382233.npy,0,8,Scratch,True,0.9680598974227905,0.1554274559020996,ENGINEER_REVIEW,Class is review-only or confidence does not meet its production auto-accept threshold.,False,,,0.028257912024855614,0.9398019853979349,True,0.7762330770492554,Scratch,0.9680598974227905,Normal,0.028257912024855614,Loc,0.0027018606197088957,0.03506835855660029,0.028257912024855614,2.4568807930336334e-05,8.819106369628571e-06,0.0008610928198322654,8.550262282369658e-05,0.0027018606197088957,1.306245667187511e-10,3.2370169833484397e-07,0.9680598974227905,52,59,2393,82,0.03426661094860008,"{'source_height': 52, 'source_width': 59, 'resized_height': 85, 'resized_width': 96, 'padding_top': 5, 'padding_bottom': 6, 'padding_left': 0, 'padding_right': 0, 'scale': 1.6271186440677967}"
record_000385261:0,artifacts/input_files/record_000385261.npy,0,4,Edge-Ring,True,1.0,3.411637976569182e-07,ENGINEER_REVIEW,Class is review-only or confidence does not meet its production auto-accept threshold.,False,,,1.8780633936898994e-08,0.9999999812193661,True,0.7762330770492554,Edge-Ring,1.0,Edge-Loc,1.8780633936898994e-08,Normal,3.1454910898176536e-10,0.03506835855660029,3.1454910898176536e-10,2.2772210256361423e-23,1.1934027926367332e-20,1.8780633936898994e-08,1.0,1.903955704801829e-20,5.661324273958934e-15,1.9018501237842017e-13,1.9398239014760654e-16,38,36,1075,186,0.17302325581395347,"{'source_height': 38, 'source_width': 36, 'resized_height': 96, 'resized_width': 91, 'padding_top': 0, 'padding_bottom': 0, 'padding_left': 2, 'padding_right': 3, 'scale': 2.526315789473684}"
record_000385267:0,artifacts/input_files/record_000385267.npy,0,4,Edge-Ring,True,0.9999986886978149,1.883764343801886e-05,ENGINEER_REVIEW,Class is review-only or confidence does not meet its production auto-accept threshold.,False,,,1.2925191867907415e-06,0.9999973961786282,True,0.7762330770492554,Edge-Ring,0.9999986886978149,Edge-Loc,1.2925191867907415e-06,Normal,3.836422846070775e-11,0.03506835855660029,3.836422846070775e-11,9.162829566687203e-23,3.9187650500426715e-19,1.2925191867907415e-06,0.9999986886978149,1.3598695466476628e-19,1.5940171274944626e-12,4.134936316957383e-12,3.111733926899809e-15,38,36,1075,198,0.1841860465116279,"{'source_height': 38, 'source_width': 36, 'resized_height': 96, 'resized_width': 91, 'padding_top': 0, 'padding_bottom': 0, 'padding_left': 2, 'padding_right': 3, 'scale': 2.526315789473684}"
record_000385273:0,artifacts/input_files/record_000385273.npy,0,4,Edge-Ring,True,0.9999998807907104,2.669989498826908e-06,ENGINEER_REVIEW,Class is review-only or confidence does not meet its production auto-accept threshold.,False,,,1.629101689104573e-07,0.9999997178805415,True,0.7762330770492554,Edge-Ring,0.9999998807907104,Edge-Loc,1.629101689104573e-07,Normal,1.9118107097426673e-10,0.03506835855660029,1.9118107097426673e-10,3.998507158902795e-23,1.4491003627571136e-19,1.629101689104573e-07,0.9999998807907104,1.8576460305197904e-19,1.577245414352904e-13,2.507174806307133e-12,1.1053504675960762e-15,38,36,1075,204,0.18976744186046512,"{'source_height': 38, 'source_width': 36, 'resized_height': 96, 'resized_width': 91, 'padding_top': 0, 'padding_bottom': 0, 'padding_left': 2, 'padding_right': 3, 'scale': 2.526315789473684}"
record_000385384:0,artifacts/input_files/record_000385384.npy,0,4,Edge-Ring,True,1.0,5.763091053267999e-07,ENGINEER_REVIEW,Class is review-only or confidence does not meet its production auto-accept threshold.,False,,,3.299852835425554e-08,0.9999999670014716,True,0.7762330770492554,Edge-Ring,1.0,Edge-Loc,3.299852835425554e-08,Normal,3.530639669513391e-10,0.03506835855660029,3.530639669513391e-10,1.8892297290505935e-23,1.4054910131224058e-20,3.299852835425554e-08,1.0,2.4534908829294454e-20,1.2264420436256668e-14,2.8702650607843883e-13,2.171588262410399e-16,38,36,1075,209,0.19441860465116279,"{'source_height': 38, 'source_width': 36, 'resized_height': 96, 'resized_width': 91, 'padding_top': 0, 'padding_bottom': 0, 'padding_left': 2, 'padding_right': 3, 'scale': 2.526315789473684}"
record_000391603:0,artifacts/input_files/record_000391603.npy,0,2,Donut,True,0.4595399796962738,1.0166207551956177,ABSTAIN,Confidence is below the frozen abstain threshold.,False,,,0.4040023684501648,0.05553761124610901,True,0.7762330770492554,Donut,0.4595399796962738,Center,0.4040023684501648,Loc,0.13150988519191742,0.03506835855660029,5.138020924277953e-07,0.4040023684501648,0.4595399796962738,4.300428827264113e-06,1.9482737201315103e-08,0.13150988519191742,3.0336980927359036e-08,0.004935537464916706,7.4143490564893e-06,35,40,1080,314,0.29074074074074074,"{'source_height': 35, 'source_width': 40, 'resized_height': 84, 'resized_width': 96, 'padding_top': 6, 'padding_bottom': 6, 'padding_left': 0, 'padding_right': 0, 'scale': 2.4}"
record_000405183:0,artifacts/input_files/record_000405183.npy,0,1,Center,True,0.45012709498405457,1.0797549486160278,ABSTAIN,Confidence is below the frozen abstain threshold.,False,,,0.30770623683929443,0.14242085814476013,True,0.7762330770492554,Center,0.45012709498405457,Donut,0.30770623683929443,Loc,0.23973488807678223,0.03506835855660029,9.810258052311838e-05,0.45012709498405457,0.30770623683929443,1.2068987871316494e-06,1.2083479772329042e-09,0.23973488807678223,3.323958708278951e-08,0.002256951527670026,7.54624416003935e-05,29,26,564,145,0.2570921985815603,"{'source_height': 29, 'source_width': 26, 'resized_height': 96, 'resized_width': 86, 'padding_top': 0, 'padding_bottom': 0, 'padding_left': 5, 'padding_right': 5, 'scale': 3.310344827586207}"
record_000411731:0,artifacts/input_files/record_000411731.npy,0,4,Edge-Ring,True,0.9999899864196777,0.00013189378660172224,ENGINEER_REVIEW,Class is review-only or confidence does not meet its production auto-accept threshold.,False,,,5.992304977553431e-06,0.9999839941147002,True,0.7762330770492554,Edge-Ring,0.9999899864196777,Normal,5.992304977553431e-06,Edge-Loc,4.0046156755124684e-06,0.03506835855660029,5.992304977553431e-06,4.764570899276621e-13,1.9745271769618794e-13,4.0046156755124684e-06,0.9999899864196777,4.173821878394879e-12,2.241565266736245e-11,8.498834414005785e-10,1.7090261428265308e-09,107,150,12662,653,0.05157163165376718,"{'source_height': 107, 'source_width': 150, 'resized_height': 68, 'resized_width': 96, 'padding_top': 14, 'padding_bottom': 14, 'padding_left': 0, 'padding_right': 0, 'scale': 0.64}"
record_000411733:0,artifacts/input_files/record_000411733.npy,0,4,Edge-Ring,True,0.999992847442627,9.639989730203524e-05,ENGINEER_REVIEW,Class is review-only or confidence does not meet its production auto-accept threshold.,False,,,3.6714757243316853e-06,0.9999891759669026,True,0.7762330770492554,Edge-Ring,0.999992847442627,Normal,3.6714757243316853e-06,Edge-Loc,3.439516376602114e-06,0.03506835855660029,3.6714757243316853e-06,1.940908507047992e-13,8.998764868027934e-14,3.439516376602114e-06,0.999992847442627,1.491059120790894e-12,1.7602889632040153e-11,5.731146113241437e-10,7.970518689504047e-10,107,150,12662,776,0.061285736850418576,"{'source_height': 107, 'source_width': 150, 'resized_height': 68, 'resized_width': 96, 'padding_top': 14, 'padding_bottom': 14, 'padding_left': 0, 'padding_right': 0, 'scale': 0.64}"
record_000411734:0,artifacts/input_files/record_000411734.npy,0,4,Edge-Ring,True,0.9999972581863403,3.985105286119506e-05,ENGINEER_REVIEW,Class is review-only or confidence does not meet its production auto-accept threshold.,False,,,1.7040626971720485e-06,0.9999955541236432,True,0.7762330770492554,Edge-Ring,0.9999972581863403,Normal,1.7040626971720485e-06,Edge-Loc,1.0507720844543655e-06,0.03506835855660029,1.7040626971720485e-06,6.617570261300415e-14,2.866311382037148e-14,1.0507720844543655e-06,0.9999972581863403,3.2277815403131127e-13,5.455288130951086e-12,2.314132357961185e-10,2.1401491689942986e-10,107,150,12662,729,0.05757384299478755,"{'source_height': 107, 'source_width': 150, 'resized_height': 68, 'resized_width': 96, 'padding_top': 14, 'padding_bottom': 14, 'padding_left': 0, 'padding_right': 0, 'scale': 0.64}"
record_000411751:0,artifacts/input_files/record_000411751.npy,0,4,Edge-Ring,True,0.9999771118164062,0.0002812408492900431,ENGINEER_REVIEW,Class is review-only or confidence does not meet its production auto-accept threshold.,False,,,1.5444340533576906e-05,0.9999616674758727,True,0.7762330770492554,Edge-Ring,0.9999771118164062,Normal,1.5444340533576906e-05,Edge-Loc,7.378119335044175e-06,0.03506835855660029,1.5444340533576906e-05,1.595798796924508e-12,2.2392180611899987e-13,7.378119335044175e-06,0.9999771118164062,9.224266316054663e-12,4.282784196729672e-11,1.0633025571138432e-09,2.3079467226239103e-09,107,150,12662,923,0.0728952772073922,"{'source_height': 107, 'source_width': 150, 'resized_height': 68, 'resized_width': 96, 'padding_top': 14, 'padding_bottom': 14, 'padding_left': 0, 'padding_right': 0, 'scale': 0.64}"
record_000414163:0,artifacts/input_files/record_000414163.npy,0,3,Edge-Loc,True,0.94166100025177,0.2223726212978363,ENGINEER_REVIEW,Class is review-only or confidence does not meet its production auto-accept threshold.,False,,,0.05833903327584267,0.8833219669759274,True,0.7762330770492554,Edge-Loc,0.94166100025177,Edge-Ring,0.05833903327584267,Random,4.560203326064993e-10,0.03506835855660029,1.5533567854466194e-19,8.1030908660088485e-22,1.4452530367470838e-15,0.94166100025177,0.05833903327584267,3.0761751110795765e-13,3.691978944786456e-10,4.560203326064993e-10,4.67066871133577e-18,52,51,2071,440,0.21245774987928537,"{'source_height': 52, 'source_width': 51, 'resized_height': 96, 'resized_width': 94, 'padding_top': 0, 'padding_bottom': 0, 'padding_left': 1, 'padding_right': 1, 'scale': 1.8461538461538463}"
record_000414165:0,artifacts/input_files/record_000414165.npy,0,3,Edge-Loc,True,0.9950371384620667,0.031282518059015274,ENGINEER_REVIEW,Class is review-only or confidence does not meet its production auto-accept threshold.,False,,,0.004962883424013853,0.9900742550380528,True,0.7762330770492554,Edge-Loc,0.9950371384620667,Edge-Ring,0.004962883424013853,Near-full,2.6920816686981652e-09,0.03506835855660029,8.177057020050411e-16,2.676396638655137e-19,1.5995685272206586e-14,0.9950371384620667,0.004962883424013853,2.2313905931325984e-11,2.6920816686981652e-09,1.380867864497759e-09,6.218383538533724e-15,52,51,2071,313,0.15113471752776436,"{'source_height': 52, 'source_width': 51, 'resized_height': 96, 'resized_width': 94, 'padding_top': 0, 'padding_bottom': 0, 'padding_left': 1, 'padding_right': 1, 'scale': 1.8461538461538463}"
record_000433064:0,artifacts/input_files/record_000433064.npy,0,5,Loc,True,0.814685583114624,0.6424568891525269,ENGINEER_REVIEW,Class is review-only or confidence does not meet its production auto-accept threshold.,False,,,0.12633900344371796,0.6883465796709061,True,0.7762330770492554,Loc,0.814685583114624,Edge-Loc,0.12633900344371796,Normal,0.03518007695674896,0.03506835855660029,0.03518007695674896,0.0016253190115094185,7.1062777351471595e-06,0.12633900344371796,0.0002122472651535645,0.814685583114624,3.8590036410823814e-07,2.70322198048234e-05,0.021923284977674484,72,67,3773,162,0.04293665518155314,"{'source_height': 72, 'source_width': 67, 'resized_height': 96, 'resized_width': 89, 'padding_top': 0, 'padding_bottom': 0, 'padding_left': 3, 'padding_right': 4, 'scale': 1.3333333333333333}"
record_000436911:0,artifacts/input_files/record_000436911.npy,0,3,Edge-Loc,True,0.9835989475250244,0.10000424087047577,ENGINEER_REVIEW,Class is review-only or confidence does not meet its production auto-accept threshold.,False,,,0.011741673573851585,0.9718572739511728,True,0.7762330770492554,Edge-Loc,0.9835989475250244,Edge-Ring,0.011741673573851585,Normal,0.0019307793118059635,0.03506835855660029,0.0019307793118059635,0.00041487012640573084,2.635547389218118e-06,0.9835989475250244,0.011741673573851585,0.0015726861311122775,0.0003729678282979876,0.0002452995104249567,0.000120140342914965,35,40,1080,158,0.14629629629629629,"{'source_height': 35, 'source_width': 40, 'resized_height': 84, 'resized_width': 96, 'padding_top': 6, 'padding_bottom': 6, 'padding_left': 0, 'padding_right': 0, 'scale': 2.4}"
record_000439508:0,artifacts/input_files/record_000439508.npy,0,0,Normal,False,0.8542569875717163,0.4581035375595093,ENGINEER_REVIEW,Class is review-only or confidence does not meet its production auto-accept threshold.,True,0.9441788792610168,0.1,0.1368870735168457,0.7173699140548706,True,0.7762330770492554,Normal,0.8542569875717163,Edge-Loc,0.1368870735168457,Loc,0.004290151875466108,0.03506835855660029,0.8542569875717163,0.0001604122662683949,3.060925513054258e-09,0.1368870735168457,0.0012597773456946015,0.004290151875466108,3.6878664566586394e-09,4.29416431302343e-08,0.00314544839784503,41,42,1376,110,0.07994186046511628,"{'source_height': 41, 'source_width': 42, 'resized_height': 94, 'resized_width': 96, 'padding_top': 1, 'padding_bottom': 1, 'padding_left': 0, 'padding_right': 0, 'scale': 2.2857142857142856}"
record_000440664:0,artifacts/input_files/record_000440664.npy,0,4,Edge-Ring,True,0.9957516193389893,0.02916918508708477,ENGINEER_REVIEW,Class is review-only or confidence does not meet its production auto-accept threshold.,False,,,0.0036511030048131943,0.9921005163341761,True,0.7762330770492554,Edge-Ring,0.9957516193389893,Edge-Loc,0.0036511030048131943,Normal,0.0005968742771074176,0.03506835855660029,0.0005968742771074176,1.6587684004143455e-10,2.8637309537615785e-12,0.0036511030048131943,0.9957516193389893,5.775575018240886e-10,1.3782876351342566e-07,2.5490226107649505e-07,3.0930775718474024e-09,32,29,710,182,0.2563380281690141,"{'source_height': 32, 'source_width': 29, 'resized_height': 96, 'resized_width': 87, 'padding_top': 0, 'padding_bottom': 0, 'padding_left': 4, 'padding_right': 5, 'scale': 3.0}"
record_000445863:0,artifacts/input_files/record_000445863.npy,0,4,Edge-Ring,True,0.8339096307754517,0.44963571429252625,ENGINEER_REVIEW,Class is review-only or confidence does not meet its production auto-accept threshold.,False,,,0.1660902053117752,0.6678194254636765,True,0.7762330770492554,Edge-Ring,0.8339096307754517,Edge-Loc,0.1660902053117752,Near-full,2.1661168148057186e-07,0.03506835855660029,9.284194506936627e-13,3.2585360534332617e-21,1.2595045744703975e-17,0.1660902053117752,0.8339096307754517,7.753200145057583e-16,2.1661168148057186e-07,3.7853997714165644e-10,8.729197961347189e-17,32,29,712,215,0.30196629213483145,"{'source_height': 32, 'source_width': 29, 'resized_height': 96, 'resized_width': 87, 'padding_top': 0, 'padding_bottom': 0, 'padding_left': 4, 'padding_right': 5, 'scale': 3.0}"
record_000524345:0,artifacts/input_files/record_000524345.npy,0,1,Center,True,0.999962568283081,0.00042716701864264905,ENGINEER_REVIEW,Class is review-only or confidence does not meet its production auto-accept threshold.,False,,,3.543252751114778e-05,0.9999271357555699,True,0.7762330770492554,Center,0.999962568283081,Loc,3.543252751114778e-05,Normal,2.0069130641786614e-06,0.03506835855660029,2.0069130641786614e-06,0.999962568283081,8.02207952843581e-12,1.3170105006565791e-08,1.834215423860211e-13,3.543252751114778e-05,6.212466166364205e-15,1.9543047180548e-09,1.0020066998350785e-09,25,27,515,142,0.2757281553398058,"{'source_height': 25, 'source_width': 27, 'resized_height': 89, 'resized_width': 96, 'padding_top': 3, 'padding_bottom': 4, 'padding_left': 0, 'padding_right': 0, 'scale': 3.5555555555555554}"
record_000524350:0,artifacts/input_files/record_000524350.npy,0,1,Center,True,0.9948745369911194,0.03365316614508629,ENGINEER_REVIEW,Class is review-only or confidence does not meet its production auto-accept threshold.,False,,,0.004784035962074995,0.9900905010290444,True,0.7762330770492554,Center,0.9948745369911194,Loc,0.004784035962074995,Edge-Loc,0.0002464052813593298,0.03506835855660029,7.686159369768575e-05,0.9948745369911194,1.6458041329769912e-07,0.0002464052813593298,6.705415955821081e-08,0.004784035962074995,1.9378713744799825e-08,1.5443247320945375e-05,2.4595940431026975e-06,25,27,515,143,0.27766990291262134,"{'source_height': 25, 'source_width': 27, 'resized_height': 89, 'resized_width': 96, 'padding_top': 3, 'padding_bottom': 4, 'padding_left': 0, 'padding_right': 0, 'scale': 3.5555555555555554}"
record_000532361:0,artifacts/input_files/record_000532361.npy,0,3,Edge-Loc,True,0.9203020334243774,0.2789471447467804,ENGINEER_REVIEW,Class is review-only or confidence does not meet its production auto-accept threshold.,False,,,0.07959865033626556,0.8407033830881119,True,0.7762330770492554,Edge-Loc,0.9203020334243774,Loc,0.07959865033626556,Random,3.217511766706593e-05,0.03506835855660029,3.824351097136969e-06,2.398676315351622e-06,7.842577360861469e-06,0.9203020334243774,2.8637152354349382e-05,0.07959865033626556,1.0990322607540293e-06,3.217511766706593e-05,2.3410149879055098e-05,32,29,710,229,0.32253521126760565,"{'source_height': 32, 'source_width': 29, 'resized_height': 96, 'resized_width': 87, 'padding_top': 0, 'padding_bottom': 0, 'padding_left': 4, 'padding_right': 5, 'scale': 3.0}"
record_000577933:0,artifacts/input_files/record_000577933.npy,0,3,Edge-Loc,True,0.9960055947303772,0.027630271390080452,ENGINEER_REVIEW,Class is review-only or confidence does not meet its production auto-accept threshold.,False,,,0.0035708609502762556,0.9924347337801009,True,0.7762330770492554,Edge-Loc,0.9960055947303772,Loc,0.0035708609502762556,Edge-Ring,0.0003427707706578076,0.03506835855660029,7.508578710258007e-05,2.0992226268390368e-07,1.2301980767404075e-08,0.9960055947303772,0.0003427707706578076,0.0035708609502762556,3.2101581837196136e-07,1.1106699275842402e-06,4.103297214896884e-06,33,33,846,203,0.23995271867612294,"{'source_height': 33, 'source_width': 33, 'resized_height': 96, 'resized_width': 96, 'padding_top': 0, 'padding_bottom': 0, 'padding_left': 0, 'padding_right': 0, 'scale': 2.909090909090909}"
record_000586544:0,artifacts/input_files/record_000586544.npy,0,1,Center,True,0.9999465942382812,0.0006122781778685749,ENGINEER_REVIEW,Class is review-only or confidence does not meet its production auto-accept threshold.,False,,,4.284938404452987e-05,0.9999037448542367,True,0.7762330770492554,Center,0.9999465942382812,Loc,4.284938404452987e-05,Normal,8.272973900602665e-06,0.03506835855660029,8.272973900602665e-06,0.9999465942382812,1.1088593376840095e-09,4.79916366202815e-07,2.6491291382768622e-09,4.284938404452987e-05,7.415020680801021e-11,1.7309884015048738e-06,6.42244089021915e-08,25,27,515,159,0.3087378640776699,"{'source_height': 25, 'source_width': 27, 'resized_height': 89, 'resized_width': 96, 'padding_top': 3, 'padding_bottom': 4, 'padding_left': 0, 'padding_right': 0, 'scale': 3.5555555555555554}"
record_000586711:0,artifacts/input_files/record_000586711.npy,0,1,Center,True,0.9997994303703308,0.001930341124534607,ENGINEER_REVIEW,Class is review-only or confidence does not meet its production auto-accept threshold.,False,,,0.00019609631272032857,0.9996033340576105,True,0.7762330770492554,Center,0.9997994303703308,Loc,0.00019609631272032857,Normal,4.417353920871392e-06,0.03506835855660029,4.417353920871392e-06,0.9997994303703308,2.4043178559196576e-10,5.666409208515688e-08,1.2902159809285996e-12,0.00019609631272032857,1.0152429163199153e-13,1.1561806623205939e-08,5.705699024360911e-09,25,27,515,148,0.287378640776699,"{'source_height': 25, 'source_width': 27, 'resized_height': 89, 'resized_width': 96, 'padding_top': 3, 'padding_bottom': 4, 'padding_left': 0, 'padding_right': 0, 'scale': 3.5555555555555554}"
record_000586729:0,artifacts/input_files/record_000586729.npy,0,1,Center,True,0.9926878213882446,0.05055392533540726,ENGINEER_REVIEW,Class is review-only or confidence does not meet its production auto-accept threshold.,False,,,0.004164813086390495,0.9885230083018541,True,0.7762330770492554,Center,0.9926878213882446,Loc,0.004164813086390495,Edge-Loc,0.002493845531716943,0.03506835855660029,0.00036971975350752473,0.9926878213882446,6.354418360388081e-07,0.002493845531716943,1.5417797840200365e-05,0.004164813086390495,3.955034344471642e-07,0.00013429207319859415,0.00013313369709067047,25,27,515,124,0.2407766990291262,"{'source_height': 25, 'source_width': 27, 'resized_height': 89, 'resized_width': 96, 'padding_top': 3, 'padding_bottom': 4, 'padding_left': 0, 'padding_right': 0, 'scale': 3.5555555555555554}"
record_000588301:0,artifacts/input_files/record_000588301.npy,0,1,Center,True,0.9999874830245972,0.00016249025065917522,ENGINEER_REVIEW,Class is review-only or confidence does not meet its production auto-accept threshold.,False,,,8.061723747232463e-06,0.9999794213008499,True,0.7762330770492554,Center,0.9999874830245972,Loc,8.061723747232463e-06,Normal,3.8999642129056156e-06,0.03506835855660029,3.8999642129056156e-06,0.9999874830245972,1.7271612959279814e-11,3.5813022236652614e-07,4.669444275684498e-10,8.061723747232463e-06,2.758273861050431e-12,8.310359334018358e-08,9.140501688875702e-09,25,27,515,153,0.2970873786407767,"{'source_height': 25, 'source_width': 27, 'resized_height': 89, 'resized_width': 96, 'padding_top': 3, 'padding_bottom': 4, 'padding_left': 0, 'padding_right': 0, 'scale': 3.5555555555555554}"
record_000589015:0,artifacts/input_files/record_000589015.npy,0,1,Center,True,0.9977116584777832,0.017908357083797455,ENGINEER_REVIEW,Class is review-only or confidence does not meet its production auto-accept threshold.,False,,,0.0018227985128760338,0.9958888599649072,True,0.7762330770492554,Center,0.9977116584777832,Loc,0.0018227985128760338,Normal,0.00019913293363060802,0.03506835855660029,0.00019913293363060802,0.9977116584777832,3.0223517910599185e-07,9.382094140164554e-05,6.001477004247135e-07,0.0018227985128760338,6.060785295858295e-08,0.00015456810069736093,1.7136682799900882e-05,25,27,515,154,0.29902912621359223,"{'source_height': 25, 'source_width': 27, 'resized_height': 89, 'resized_width': 96, 'padding_top': 3, 'padding_bottom': 4, 'padding_left': 0, 'padding_right': 0, 'scale': 3.5555555555555554}"
record_000589925:0,artifacts/input_files/record_000589925.npy,0,1,Center,True,0.9997748732566833,0.0021865377202630043,ENGINEER_REVIEW,Class is review-only or confidence does not meet its production auto-accept threshold.,False,,,0.00020702916663140059,0.999567844090052,True,0.7762330770492554,Center,0.9997748732566833,Loc,0.00020702916663140059,Normal,1.645898555580061e-05,0.03506835855660029,1.645898555580061e-05,0.9997748732566833,2.0402540767960886e-10,1.654283664720424e-06,1.6017710768867488e-10,0.00020702916663140059,4.67114541491398e-12,7.07104774733125e-08,4.7168867922664504e-08,25,27,515,117,0.22718446601941747,"{'source_height': 25, 'source_width': 27, 'resized_height': 89, 'resized_width': 96, 'padding_top': 3, 'padding_bottom': 4, 'padding_left': 0, 'padding_right': 0, 'scale': 3.5555555555555554}"
record_000590163:0,artifacts/input_files/record_000590163.npy,0,1,Center,True,0.9998096823692322,0.0019000802421942353,ENGINEER_REVIEW,Class is review-only or confidence does not meet its production auto-accept threshold.,False,,,0.00016532515292055905,0.9996443572163116,True,0.7762330770492554,Center,0.9998096823692322,Loc,0.00016532515292055905,Normal,2.4036242393776774e-05,0.03506835855660029,2.4036242393776774e-05,0.9998096823692322,6.187527712420149e-10,8.287914283755526e-07,1.2887647893311538e-10,0.00016532515292055905,5.446738112618865e-12,1.199490498038358e-07,6.105284455770743e-08,25,27,515,148,0.287378640776699,"{'source_height': 25, 'source_width': 27, 'resized_height': 89, 'resized_width': 96, 'padding_top': 3, 'padding_bottom': 4, 'padding_left': 0, 'padding_right': 0, 'scale': 3.5555555555555554}"
record_000590516:0,artifacts/input_files/record_000590516.npy,0,1,Center,True,0.9995641112327576,0.003843418788164854,ENGINEER_REVIEW,Class is review-only or confidence does not meet its production auto-accept threshold.,False,,,0.00042933045187965035,0.9991347807808779,True,0.7762330770492554,Center,0.9995641112327576,Loc,0.00042933045187965035,Normal,6.400061920430744e-06,0.03506835855660029,6.400061920430744e-06,0.9995641112327576,7.360123177591049e-09,5.3958977730417246e-08,3.5800054327267405e-12,0.00042933045187965035,9.694130264151224e-13,6.40890007730377e-08,1.454179354709595e-08,25,27,515,161,0.312621359223301,"{'source_height': 25, 'source_width': 27, 'resized_height': 89, 'resized_width': 96, 'padding_top': 3, 'padding_bottom': 4, 'padding_left': 0, 'padding_right': 0, 'scale': 3.5555555555555554}"
record_000592996:0,artifacts/input_files/record_000592996.npy,0,4,Edge-Ring,True,0.9294120073318481,0.3048919439315796,ENGINEER_REVIEW,Class is review-only or confidence does not meet its production auto-accept threshold.,False,,,0.0363229401409626,0.8930890671908855,True,0.7762330770492554,Edge-Ring,0.9294120073318481,Edge-Loc,0.0363229401409626,Normal,0.03414871543645859,0.03506835855660029,0.03414871543645859,1.3181215763324872e-06,4.6811283738179554e-09,0.0363229401409626,0.9294120073318481,1.479168076912174e-05,2.505374538941396e-07,1.0748115073511144e-06,9.891481749946252e-05,49,39,1513,166,0.10971579643093192,"{'source_height': 49, 'source_width': 39, 'resized_height': 96, 'resized_width': 76, 'padding_top': 0, 'padding_bottom': 0, 'padding_left': 10, 'padding_right': 10, 'scale': 1.9591836734693877}"
record_000595738:0,artifacts/input_files/record_000595738.npy,0,3,Edge-Loc,True,0.9580063223838806,0.21796749532222748,ENGINEER_REVIEW,Class is review-only or confidence does not meet its production auto-accept threshold.,False,,,0.019755028188228607,0.938251294195652,True,0.7762330770492554,Edge-Loc,0.9580063223838806,Loc,0.019755028188228607,Normal,0.017712561413645744,0.03506835855660029,0.017712561413645744,5.7674893469084054e-05,6.240467769202951e-07,0.9580063223838806,0.0016895969165489078,0.019755028188228607,7.710039426456206e-06,2.3726206563878804e-05,0.0027468211483210325,49,39,1513,177,0.11698612029081296,"{'source_height': 49, 'source_width': 39, 'resized_height': 96, 'resized_width': 76, 'padding_top': 0, 'padding_bottom': 0, 'padding_left': 10, 'padding_right': 10, 'scale': 1.9591836734693877}"
record_000623178:0,artifacts/input_files/record_000623178.npy,0,1,Center,True,0.987962543964386,0.07276307791471481,ENGINEER_REVIEW,Class is review-only or confidence does not meet its production auto-accept threshold.,False,,,0.010048173367977142,0.9779143705964088,True,0.7762330770492554,Center,0.987962543964386,Loc,0.010048173367977142,Edge-Loc,0.0011370688444003463,0.03506835855660029,5.672284714819398e-06,0.987962543964386,0.0001437921164324507,0.0011370688444003463,0.00010948572162305936,0.010048173367977142,1.3137358791937004e-06,0.0005654407432302833,2.6505453206482343e-05,32,29,712,205,0.28792134831460675,"{'source_height': 32, 'source_width': 29, 'resized_height': 96, 'resized_width': 87, 'padding_top': 0, 'padding_bottom': 0, 'padding_left': 4, 'padding_right': 5, 'scale': 3.0}"
record_000628008:0,artifacts/input_files/record_000628008.npy,0,1,Center,True,0.9983893632888794,0.012076915241777897,ENGINEER_REVIEW,Class is review-only or confidence does not meet its production auto-accept threshold.,False,,,0.0015945857157930732,0.9967947775730863,True,0.7762330770492554,Center,0.9983893632888794,Loc,0.0015945857157930732,Normal,7.780904525134247e-06,0.03506835855660029,7.780904525134247e-06,0.9983893632888794,5.439123356154596e-07,3.721743951246026e-06,1.9057861955218414e-09,0.0015945857157930732,1.084426992647991e-09,3.846995696221711e-06,1.7302063781698962e-07,31,31,733,223,0.3042291950886767,"{'source_height': 31, 'source_width': 31, 'resized_height': 96, 'resized_width': 96, 'padding_top': 0, 'padding_bottom': 0, 'padding_left': 0, 'padding_right': 0, 'scale': 3.096774193548387}"
record_000639390:0,artifacts/input_files/record_000639390.npy,0,2,Donut,True,0.9999963045120239,5.13281520397868e-05,ENGINEER_REVIEW,Class is review-only or confidence does not meet its production auto-accept threshold.,False,,,3.2528794235986425e-06,0.9999930516326003,True,0.7762330770492554,Donut,0.9999963045120239,Loc,3.2528794235986425e-06,Random,3.8016432313270343e-07,0.03506835855660029,4.839415170953144e-15,5.000085678830146e-08,0.9999963045120239,2.642771382795387e-16,2.114767207554943e-20,3.2528794235986425e-06,1.4815901161265238e-23,3.8016432313270343e-07,3.538212611786662e-09,54,42,1769,581,0.32843414358394574,"{'source_height': 54, 'source_width': 42, 'resized_height': 96, 'resized_width': 75, 'padding_top': 0, 'padding_bottom': 0, 'padding_left': 10, 'padding_right': 11, 'scale': 1.7777777777777777}"
record_000639672:0,artifacts/input_files/record_000639672.npy,0,0,Normal,False,0.9998970031738281,0.0011063502170145512,AUTO_ACCEPT,Production-enabled class meets the frozen confidence and probability-margin requirements.,True,0.9441788792610168,0.1,8.649071241961792e-05,0.9998105124614085,True,0.7762330770492554,Normal,0.9998970031738281,Edge-Loc,8.649071241961792e-05,Loc,9.445122486795299e-06,0.03506835855660029,0.9998970031738281,3.176489826728357e-08,8.204300742920437e-18,8.649071241961792e-05,3.6629035093938e-07,9.445122486795299e-06,3.164629849327361e-20,3.235286811267531e-16,6.6194393184559885e-06,26,26,533,85,0.15947467166979362,"{'source_height': 26, 'source_width': 26, 'resized_height': 96, 'resized_width': 96, 'padding_top': 0, 'padding_bottom': 0, 'padding_left': 0, 'padding_right': 0, 'scale': 3.6923076923076925}"
record_000639682:0,artifacts/input_files/record_000639682.npy,0,0,Normal,False,0.9999154806137085,0.0009676265763118863,AUTO_ACCEPT,Production-enabled class meets the frozen confidence and probability-margin requirements.,True,0.9441788792610168,0.1,3.8164616853464395e-05,0.999877315996855,True,0.7762330770492554,Normal,0.9999154806137085,Edge-Loc,3.8164616853464395e-05,Scratch,3.247048880439252e-05,0.03506835855660029,0.9999154806137085,3.2275519856739265e-07,2.500883040916247e-16,3.8164616853464395e-05,3.827261139122129e-07,1.3245507034298498e-05,2.313182407164927e-19,2.3826132598592275e-15,3.247048880439252e-05,26,26,533,80,0.150093808630394,"{'source_height': 26, 'source_width': 26, 'resized_height': 96, 'resized_width': 96, 'padding_top': 0, 'padding_bottom': 0, 'padding_left': 0, 'padding_right': 0, 'scale': 3.6923076923076925}"
record_000648140:0,artifacts/input_files/record_000648140.npy,0,0,Normal,False,0.9999749660491943,0.0003182006475981325,AUTO_ACCEPT,Production-enabled class meets the frozen confidence and probability-margin requirements.,True,0.9441788792610168,0.1,1.1825579349533655e-05,0.9999631404698448,True,0.7762330770492554,Normal,0.9999749660491943,Scratch,1.1825579349533655e-05,Edge-Loc,8.935742698668037e-06,0.03506835855660029,0.9999749660491943,3.879546284224489e-08,5.808685269240505e-17,8.935742698668037e-06,2.572778328158165e-07,4.0733948480919935e-06,8.459832033581823e-20,2.386856524348057e-16,1.1825579349533655e-05,26,26,533,62,0.11632270168855535,"{'source_height': 26, 'source_width': 26, 'resized_height': 96, 'resized_width': 96, 'padding_top': 0, 'padding_bottom': 0, 'padding_left': 0, 'padding_right': 0, 'scale': 3.6923076923076925}"
record_000648156:0,artifacts/input_files/record_000648156.npy,0,0,Normal,False,0.9991826415061951,0.007609195541590452,AUTO_ACCEPT,Production-enabled class meets the frozen confidence and probability-margin requirements.,True,0.9441788792610168,0.1,0.0003827181935776025,0.9987999233126175,True,0.7762330770492554,Normal,0.9991826415061951,Edge-Loc,0.0003827181935776025,Loc,0.0002028552844421938,0.01562695251777768,0.9991826415061951,4.199350223643705e-05,1.3663371920425577e-13,0.0003827181935776025,1.1475716519271373e-06,0.0002028552844421938,2.8625859617285344e-16,2.9669715035512967e-12,0.00018855555390473455,26,26,533,85,0.15947467166979362,"{'source_height': 26, 'source_width': 26, 'resized_height': 96, 'resized_width': 96, 'padding_top': 0, 'padding_bottom': 0, 'padding_left': 0, 'padding_right': 0, 'scale': 3.6923076923076925}"
record_000648396:0,artifacts/input_files/record_000648396.npy,0,0,Normal,False,0.9999929666519165,9.793043864192441e-05,AUTO_ACCEPT,Production-enabled class meets the frozen confidence and probability-margin requirements.,True,0.9441788792610168,0.1,3.3222968340851367e-06,0.9999896443550824,True,0.7762330770492554,Normal,0.9999929666519165,Scratch,3.3222968340851367e-06,Edge-Loc,2.0938161924277665e-06,0.01562695251777768,0.9999929666519165,9.3928622391104e-07,1.7303995421876633e-14,2.0938161924277665e-06,8.417688235340393e-08,4.959859438713465e-07,1.0169152515841621e-15,2.976979285914533e-14,3.3222968340851367e-06,34,31,811,84,0.10357583230579531,"{'source_height': 34, 'source_width': 31, 'resized_height': 96, 'resized_width': 88, 'padding_top': 0, 'padding_bottom': 0, 'padding_left': 4, 'padding_right': 4, 'scale': 2.823529411764706}"
record_000648397:0,artifacts/input_files/record_000648397.npy,0,0,Normal,False,0.999958872795105,0.0004982975660823286,AUTO_ACCEPT,Production-enabled class meets the frozen confidence and probability-margin requirements.,True,0.9441788792610168,0.1,2.6360647098044865e-05,0.9999325121480069,True,0.7762330770492554,Normal,0.999958872795105,Edge-Loc,2.6360647098044865e-05,Scratch,9.606734238332137e-06,0.01562695251777768,0.999958872795105,1.40100303269719e-06,5.981874067265136e-14,2.6360647098044865e-05,1.2230958645886858e-06,2.539047727623256e-06,7.372057235770658e-15,2.7578780188372565e-13,9.606734238332137e-06,34,31,811,86,0.1060419235511714,"{'source_height': 34, 'source_width': 31, 'resized_height': 96, 'resized_width': 88, 'padding_top': 0, 'padding_bottom': 0, 'padding_left': 4, 'padding_right': 4, 'scale': 2.823529411764706}"
record_000648399:0,artifacts/input_files/record_000648399.npy,0,0,Normal,False,0.9999876022338867,0.00016619391681160778,AUTO_ACCEPT,Production-enabled class meets the frozen confidence and probability-margin requirements.,True,0.9441788792610168,0.1,7.037015166133642e-06,0.9999805652187206,True,0.7762330770492554,Normal,0.9999876022338867,Edge-Loc,7.037015166133642e-06,Scratch,3.5794778341369238e-06,0.01562695251777768,0.9999876022338867,6.040673952156794e-07,2.5274607642791595e-14,7.037015166133642e-06,3.778769439577445e-07,7.961486403473828e-07,4.0128075761889336e-15,8.328139068126961e-14,3.5794778341369238e-06,34,31,811,85,0.10480887792848335,"{'source_height': 34, 'source_width': 31, 'resized_height': 96, 'resized_width': 88, 'padding_top': 0, 'padding_bottom': 0, 'padding_left': 4, 'padding_right': 4, 'scale': 2.823529411764706}"
record_000648525:0,artifacts/input_files/record_000648525.npy,0,0,Normal,False,0.999998927116394,1.82639887498226e-05,AUTO_ACCEPT,Production-enabled class meets the frozen confidence and probability-margin requirements.,True,0.9441788792610168,0.1,5.100742441754846e-07,0.9999984170421499,True,0.7762330770492554,Normal,0.999998927116394,Scratch,5.100742441754846e-07,Edge-Loc,3.1355907026409113e-07,0.01562695251777768,0.999998927116394,2.533036251861631e-07,3.940162218984142e-16,3.1355907026409113e-07,1.2986737907283441e-08,6.154697729243708e-08,3.710386466416835e-17,8.389285889545304e-16,5.100742441754846e-07,34,31,811,72,0.08877928483353884,"{'source_height': 34, 'source_width': 31, 'resized_height': 96, 'resized_width': 88, 'padding_top': 0, 'padding_bottom': 0, 'padding_left': 4, 'padding_right': 4, 'scale': 2.823529411764706}"
record_000648608:0,artifacts/input_files/record_000648608.npy,0,0,Normal,False,0.9998713731765747,0.0013874892611056566,AUTO_ACCEPT,Production-enabled class meets the frozen confidence and probability-margin requirements.,True,0.9441788792610168,0.1,9.424918971490115e-05,0.9997771239868598,True,0.7762330770492554,Normal,0.9998713731765747,Edge-Loc,9.424918971490115e-05,Scratch,2.14492974919267e-05,0.01562695251777768,0.9998713731765747,1.5415006373586948e-06,8.696458131526516e-14,9.424918971490115e-05,1.241314862454601e-06,1.0190927241637837e-05,1.0106783574111156e-14,4.2538672237468766e-13,2.14492974919267e-05,34,31,811,92,0.11344019728729964,"{'source_height': 34, 'source_width': 31, 'resized_height': 96, 'resized_width': 88, 'padding_top': 0, 'padding_bottom': 0, 'padding_left': 4, 'padding_right': 4, 'scale': 2.823529411764706}"
record_000649020:0,artifacts/input_files/record_000649020.npy,0,8,Scratch,True,0.4071877598762512,1.1969362497329712,ABSTAIN,Confidence is below the frozen abstain threshold.,False,,,0.3913978338241577,0.015789926052093506,True,0.7762330770492554,Scratch,0.4071877598762512,Edge-Loc,0.3913978338241577,Normal,0.15228648483753204,0.01562695251777768,0.15228648483753204,1.496083950769389e-05,3.1213153306453023e-06,0.3913978338241577,0.01358018908649683,0.03550891950726509,9.334865325172359e-08,2.0613202650565654e-05,0.4071877598762512,34,31,811,128,0.15782983970406905,"{'source_height': 34, 'source_width': 31, 'resized_height': 96, 'resized_width': 88, 'padding_top': 0, 'padding_bottom': 0, 'padding_left': 4, 'padding_right': 4, 'scale': 2.823529411764706}"
record_000649760:0,artifacts/input_files/record_000649760.npy,0,0,Normal,False,0.9999643564224243,0.0004454193403944373,AUTO_ACCEPT,Production-enabled class meets the frozen confidence and probability-margin requirements.,True,0.9441788792610168,0.1,1.5302764950320125e-05,0.999949053657474,True,0.7762330770492554,Normal,0.9999643564224243,Edge-Loc,1.5302764950320125e-05,Scratch,1.2706852430710569e-05,0.01562695251777768,0.9999643564224243,3.1484464670938905e-06,5.588785727608792e-13,1.5302764950320125e-05,6.918673420841515e-07,3.7767094909213483e-06,2.882219338412942e-14,9.074799288757984e-13,1.2706852430710569e-05,30,34,776,103,0.1327319587628866,"{'source_height': 30, 'source_width': 34, 'resized_height': 85, 'resized_width': 96, 'padding_top': 5, 'padding_bottom': 6, 'padding_left': 0, 'padding_right': 0, 'scale': 2.823529411764706}"
record_000649864:0,artifacts/input_files/record_000649864.npy,0,0,Normal,False,0.98544842004776,0.08620237559080124,AUTO_ACCEPT,Production-enabled class meets the frozen confidence and probability-margin requirements.,True,0.9441788792610168,0.1,0.01007290929555893,0.9753755107522011,True,0.7762330770492554,Normal,0.98544842004776,Edge-Loc,0.01007290929555893,Edge-Ring,0.004183048382401466,0.01562695251777768,0.98544842004776,5.045764055466861e-07,5.891569784116646e-12,0.01007290929555893,0.004183048382401466,4.607612208928913e-05,4.916773151814047e-12,1.7051733636197497e-10,0.00024898850824683905,30,34,776,114,0.14690721649484537,"{'source_height': 30, 'source_width': 34, 'resized_height': 85, 'resized_width': 96, 'padding_top': 5, 'padding_bottom': 6, 'padding_left': 0, 'padding_right': 0, 'scale': 2.823529411764706}"
record_000649870:0,artifacts/input_files/record_000649870.npy,0,0,Normal,False,0.9999959468841553,5.8605848607840016e-05,AUTO_ACCEPT,Production-enabled class meets the frozen confidence and probability-margin requirements.,True,0.9441788792610168,0.1,2.0524803403532133e-06,0.9999938944038149,True,0.7762330770492554,Normal,0.9999959468841553,Edge-Loc,2.0524803403532133e-06,Scratch,1.319005377808935e-06,0.01562695251777768,0.9999959468841553,2.4241751361842034e-07,5.1469122712454515e-15,2.0524803403532133e-06,1.0022895935435372e-07,3.0008112616997096e-07,3.7295773875003102e-16,1.2174036091554003e-14,1.319005377808935e-06,30,34,776,106,0.13659793814432988,"{'source_height': 30, 'source_width': 34, 'resized_height': 85, 'resized_width': 96, 'padding_top': 5, 'padding_bottom': 6, 'padding_left': 0, 'padding_right': 0, 'scale': 2.823529411764706}"
record_000649879:0,artifacts/input_files/record_000649879.npy,0,0,Normal,False,0.967232346534729,0.17273584008216858,AUTO_ACCEPT,Production-enabled class meets the frozen confidence and probability-margin requirements.,True,0.9441788792610168,0.1,0.023218560963869095,0.9440137855708599,True,0.7762330770492554,Normal,0.967232346534729,Center,0.023218560963869095,Loc,0.004833339713513851,0.01562695251777768,0.967232346534729,0.023218560963869095,2.0164376834941322e-09,0.00395983224734664,5.800432973046554e-06,0.004833339713513851,1.5408153919427292e-10,9.287491664622394e-09,0.0007501545478589833,30,34,776,119,0.15335051546391754,"{'source_height': 30, 'source_width': 34, 'resized_height': 85, 'resized_width': 96, 'padding_top': 5, 'padding_bottom': 6, 'padding_left': 0, 'padding_right': 0, 'scale': 2.823529411764706}"
record_000650006:0,artifacts/input_files/record_000650006.npy,0,0,Normal,False,0.9999817609786987,0.00023847032571211457,AUTO_ACCEPT,Production-enabled class meets the frozen confidence and probability-margin requirements.,True,0.9441788792610168,0.1,8.386161425733007e-06,0.999973374817273,True,0.7762330770492554,Normal,0.9999817609786987,Edge-Loc,8.386161425733007e-06,Scratch,7.491169981221901e-06,0.01562695251777768,0.9999817609786987,5.146717967363656e-07,1.282970176494716e-13,8.386161425733007e-06,5.288598572406045e-07,1.3864344055036781e-06,1.3232662104197164e-14,2.949592339037549e-13,7.491169981221901e-06,30,34,776,90,0.11597938144329897,"{'source_height': 30, 'source_width': 34, 'resized_height': 85, 'resized_width': 96, 'padding_top': 5, 'padding_bottom': 6, 'padding_left': 0, 'padding_right': 0, 'scale': 2.823529411764706}"
record_000650229:0,artifacts/input_files/record_000650229.npy,0,0,Normal,False,0.9999796152114868,0.00026038463693112135,AUTO_ACCEPT,Production-enabled class meets the frozen confidence and probability-margin requirements.,True,0.9441788792610168,0.1,1.4383434063347522e-05,0.9999652317774235,True,0.7762330770492554,Normal,0.9999796152114868,Edge-Loc,1.4383434063347522e-05,Scratch,3.5930954709328944e-06,0.01562695251777768,0.9999796152114868,6.610040372834192e-07,3.0954924089493865e-14,1.4383434063347522e-05,8.652310157231113e-07,9.445537898500334e-07,1.0820038678774953e-14,1.678240066447373e-13,3.5930954709328944e-06,30,34,776,91,0.1172680412371134,"{'source_height': 30, 'source_width': 34, 'resized_height': 85, 'resized_width': 96, 'padding_top': 5, 'padding_bottom': 6, 'padding_left': 0, 'padding_right': 0, 'scale': 2.823529411764706}"
record_000650371:0,artifacts/input_files/record_000650371.npy,0,0,Normal,False,0.9992714524269104,0.006454409100115299,AUTO_ACCEPT,Production-enabled class meets the frozen confidence and probability-margin requirements.,True,0.9441788792610168,0.1,0.0005922779673710465,0.9986791744595394,True,0.7762330770492554,Normal,0.9992714524269104,Scratch,0.0005922779673710465,Edge-Loc,9.98656905721873e-05,0.01562695251777768,0.9992714524269104,7.762183486192953e-06,2.3353975003859162e-12,9.98656905721873e-05,5.115168733027531e-06,2.355545984755736e-05,8.57593415227488e-15,2.293102990477691e-12,0.0005922779673710465,30,34,776,101,0.13015463917525774,"{'source_height': 30, 'source_width': 34, 'resized_height': 85, 'resized_width': 96, 'padding_top': 5, 'padding_bottom': 6, 'padding_left': 0, 'padding_right': 0, 'scale': 2.823529411764706}"
record_000650384:0,artifacts/input_files/record_000650384.npy,0,5,Loc,True,0.7335312962532043,0.7997577786445618,ABSTAIN,Confidence is below the frozen abstain threshold.,False,,,0.17480632662773132,0.558724969625473,True,0.7762330770492554,Loc,0.7335312962532043,Scratch,0.17480632662773132,Normal,0.0781325250864029,0.01562695251777768,0.0781325250864029,0.0036156754940748215,0.00017871696036309004,0.00945043470710516,4.892088327324018e-05,0.7335312962532043,1.4815921645094932e-07,0.00023593562946189195,0.17480632662773132,30,34,776,139,0.1791237113402062,"{'source_height': 30, 'source_width': 34, 'resized_height': 85, 'resized_width': 96, 'padding_top': 5, 'padding_bottom': 6, 'padding_left': 0, 'padding_right': 0, 'scale': 2.823529411764706}"
record_000650386:0,artifacts/input_files/record_000650386.npy,0,0,Normal,False,0.9978308081626892,0.018246600404381752,AUTO_ACCEPT,Production-enabled class meets the frozen confidence and probability-margin requirements.,True,0.9441788792610168,0.1,0.0010161584941670299,0.9968146496685222,True,0.7762330770492554,Normal,0.9978308081626892,Edge-Loc,0.0010161584941670299,Loc,0.000539470580406487,0.01562695251777768,0.9978308081626892,0.0002858861698769033,4.1837550091017306e-10,0.0010161584941670299,1.3008539099246264e-05,0.000539470580406487,1.013598666804727e-11,8.318693511810693e-10,0.000314744800562039,30,34,776,129,0.16623711340206185,"{'source_height': 30, 'source_width': 34, 'resized_height': 85, 'resized_width': 96, 'padding_top': 5, 'padding_bottom': 6, 'padding_left': 0, 'padding_right': 0, 'scale': 2.823529411764706}"
record_000650704:0,artifacts/input_files/record_000650704.npy,0,0,Normal,False,0.9999871253967285,0.00016748426423873752,AUTO_ACCEPT,Production-enabled class meets the frozen confidence and probability-margin requirements.,True,0.9441788792610168,0.1,9.923588550009299e-06,0.9999772018081785,True,0.7762330770492554,Normal,0.9999871253967285,Edge-Loc,9.923588550009299e-06,Scratch,1.3825480209561647e-06,0.01562695251777768,0.9999871253967285,2.546592554608651e-07,2.2775398815435156e-15,9.923588550009299e-06,7.477388521692774e-07,4.972309852746548e-07,7.855908713263679e-16,2.4132097416283e-14,1.3825480209561647e-06,30,34,776,118,0.15206185567010308,"{'source_height': 30, 'source_width': 34, 'resized_height': 85, 'resized_width': 96, 'padding_top': 5, 'padding_bottom': 6, 'padding_left': 0, 'padding_right': 0, 'scale': 2.823529411764706}"
record_000650714:0,artifacts/input_files/record_000650714.npy,0,0,Normal,False,0.9999940395355225,8.313551370520145e-05,AUTO_ACCEPT,Production-enabled class meets the frozen confidence and probability-margin requirements.,True,0.9441788792610168,0.1,4.324905603425577e-06,0.999989714629919,True,0.7762330770492554,Normal,0.9999940395355225,Edge-Loc,4.324905603425577e-06,Scratch,9.810255505726673e-07,0.01562695251777768,0.9999940395355225,2.369612133179544e-07,1.2985737176995958e-15,4.324905603425577e-06,2.286980418375606e-07,1.9920156546504586e-07,5.929041636553746e-16,9.416611811325932e-15,9.810255505726673e-07,30,34,776,95,0.12242268041237113,"{'source_height': 30, 'source_width': 34, 'resized_height': 85, 'resized_width': 96, 'padding_top': 5, 'padding_bottom': 6, 'padding_left': 0, 'padding_right': 0, 'scale': 2.823529411764706}"
record_000650799:0,artifacts/input_files/record_000650799.npy,0,0,Normal,False,0.9999749660491943,0.0003201361687388271,AUTO_ACCEPT,Production-enabled class meets the frozen confidence and probability-margin requirements.,True,0.9441788792610168,0.1,1.2871372746303678e-05,0.999962094676448,True,0.7762330770492554,Normal,0.9999749660491943,Edge-Loc,1.2871372746303678e-05,Scratch,8.08971071819542e-06,0.01562695251777768,0.9999749660491943,1.5718210306658875e-06,2.946108797457353e-13,1.2871372746303678e-05,1.2196769603178836e-06,1.306461172134732e-06,5.359023636094737e-14,7.153929141787141e-13,8.08971071819542e-06,30,34,776,76,0.0979381443298969,"{'source_height': 30, 'source_width': 34, 'resized_height': 85, 'resized_width': 96, 'padding_top': 5, 'padding_bottom': 6, 'padding_left': 0, 'padding_right': 0, 'scale': 2.823529411764706}"
record_000651233:0,artifacts/input_files/record_000651233.npy,0,0,Normal,False,0.6285080313682556,0.9165394306182861,ABSTAIN,Confidence is below the frozen abstain threshold.,True,0.9441788792610168,0.1,0.20680898427963257,0.42169904708862305,True,0.7762330770492554,Normal,0.6285080313682556,Edge-Ring,0.20680898427963257,Edge-Loc,0.16449226438999176,0.01562695251777768,0.6285080313682556,6.655952165601775e-05,5.133791169953383e-10,0.16449226438999176,0.20680898427963257,4.1344304918311536e-05,9.197392358828438e-08,1.0539699815126369e-06,8.175554103218019e-05,30,34,776,158,0.2036082474226804,"{'source_height': 30, 'source_width': 34, 'resized_height': 85, 'resized_width': 96, 'padding_top': 5, 'padding_bottom': 6, 'padding_left': 0, 'padding_right': 0, 'scale': 2.823529411764706}"
record_000651236:0,artifacts/input_files/record_000651236.npy,0,3,Edge-Loc,True,0.9457323551177979,0.24079813063144684,ENGINEER_REVIEW,Class is review-only or confidence does not meet its production auto-accept threshold.,False,,,0.044987041503190994,0.9007453136146069,True,0.7762330770492554,Edge-Loc,0.9457323551177979,Normal,0.044987041503190994,Loc,0.007792324293404818,0.01562695251777768,0.044987041503190994,1.054724179994082e-05,5.420038196035648e-09,0.9457323551177979,0.00046724971616640687,0.007792324293404818,1.5859987456678937e-07,4.481185840177204e-07,0.001009951694868505,30,34,776,99,0.12757731958762886,"{'source_height': 30, 'source_width': 34, 'resized_height': 85, 'resized_width': 96, 'padding_top': 5, 'padding_bottom': 6, 'padding_left': 0, 'padding_right': 0, 'scale': 2.823529411764706}"
record_000651266:0,artifacts/input_files/record_000651266.npy,0,0,Normal,False,0.9999908208847046,0.00012690263974945992,AUTO_ACCEPT,Production-enabled class meets the frozen confidence and probability-margin requirements.,True,0.9441788792610168,0.1,5.738776053476613e-06,0.9999850821086511,True,0.7762330770492554,Normal,0.9999908208847046,Edge-Loc,5.738776053476613e-06,Scratch,2.0720326574519277e-06,0.01562695251777768,0.9999908208847046,4.52414525398126e-07,1.1442324986002481e-14,5.738776053476613e-06,5.109050107421353e-07,5.062759669272054e-07,3.102701379308526e-15,6.157306110289584e-14,2.0720326574519277e-06,30,34,776,96,0.12371134020618557,"{'source_height': 30, 'source_width': 34, 'resized_height': 85, 'resized_width': 96, 'padding_top': 5, 'padding_bottom': 6, 'padding_left': 0, 'padding_right': 0, 'scale': 2.823529411764706}"
record_000651351:0,artifacts/input_files/record_000651351.npy,0,0,Normal,False,0.9983512163162231,0.013526217080652714,AUTO_ACCEPT,Production-enabled class meets the frozen confidence and probability-margin requirements.,True,0.9441788792610168,0.1,0.0012530430685728788,0.9970981732476503,True,0.7762330770492554,Normal,0.9983512163162231,Edge-Loc,0.0012530430685728788,Loc,0.0002130223874701187,0.01562695251777768,0.9983512163162231,2.2423679183702916e-05,1.9063986500533758e-11,0.0012530430685728788,2.171850428567268e-05,0.0002130223874701187,1.45374218305655e-12,1.2896785028804203e-10,0.00013863165804650635,30,34,776,126,0.16237113402061856,"{'source_height': 30, 'source_width': 34, 'resized_height': 85, 'resized_width': 96, 'padding_top': 5, 'padding_bottom': 6, 'padding_left': 0, 'padding_right': 0, 'scale': 2.823529411764706}"
record_000651360:0,artifacts/input_files/record_000651360.npy,0,0,Normal,False,0.9993330836296082,0.0060614305548369884,AUTO_ACCEPT,Production-enabled class meets the frozen confidence and probability-margin requirements.,True,0.9441788792610168,0.1,0.0005218241713009775,0.9988112594583072,True,0.7762330770492554,Normal,0.9993330836296082,Edge-Loc,0.0005218241713009775,Scratch,7.516705227317289e-05,0.01562695251777768,0.9993330836296082,1.0047622708952986e-05,3.791500533673053e-12,0.0005218241713009775,2.1311876480467618e-05,3.857768388115801e-05,5.139818692184717e-13,2.7601686561351535e-11,7.516705227317289e-05,30,34,776,122,0.15721649484536082,"{'source_height': 30, 'source_width': 34, 'resized_height': 85, 'resized_width': 96, 'padding_top': 5, 'padding_bottom': 6, 'padding_left': 0, 'padding_right': 0, 'scale': 2.823529411764706}"
record_000651445:0,artifacts/input_files/record_000651445.npy,0,0,Normal,False,0.9999949932098389,7.199848914751783e-05,AUTO_ACCEPT,Production-enabled class meets the frozen confidence and probability-margin requirements.,True,0.9441788792610168,0.1,3.3792664453358157e-06,0.9999916139433935,True,0.7762330770492554,Normal,0.9999949932098389,Edge-Loc,3.3792664453358157e-06,Scratch,1.0695270020733005e-06,0.01562695251777768,0.9999949932098389,1.7307262112353783e-07,5.504535193169493e-16,3.3792664453358157e-06,2.952342015305476e-07,1.6537242686354148e-07,9.763788487669723e-17,3.4292596855293707e-15,1.0695270020733005e-06,30,34,776,108,0.13917525773195877,"{'source_height': 30, 'source_width': 34, 'resized_height': 85, 'resized_width': 96, 'padding_top': 5, 'padding_bottom': 6, 'padding_left': 0, 'padding_right': 0, 'scale': 2.823529411764706}"
record_000651452:0,artifacts/input_files/record_000651452.npy,0,0,Normal,False,0.9997220635414124,0.002809325698763132,AUTO_ACCEPT,Production-enabled class meets the frozen confidence and probability-margin requirements.,True,0.9441788792610168,0.1,0.0001933986641233787,0.999528664877289,True,0.7762330770492554,Normal,0.9997220635414124,Edge-Loc,0.0001933986641233787,Scratch,4.37586240877863e-05,0.01562695251777768,0.9997220635414124,1.0424938636788283e-06,5.847463897638849e-13,0.0001933986641233787,8.636485290480778e-06,3.1175033655017614e-05,1.772627861553258e-14,2.7999356305707934e-12,4.37586240877863e-05,30,34,776,121,0.1559278350515464,"{'source_height': 30, 'source_width': 34, 'resized_height': 85, 'resized_width': 96, 'padding_top': 5, 'padding_bottom': 6, 'padding_left': 0, 'padding_right': 0, 'scale': 2.823529411764706}"
record_000651453:0,artifacts/input_files/record_000651453.npy,0,0,Normal,False,0.9999463558197021,0.0006405069143511355,AUTO_ACCEPT,Production-enabled class meets the frozen confidence and probability-margin requirements.,True,0.9441788792610168,0.1,2.6144056391785853e-05,0.9999202117633104,True,0.7762330770492554,Normal,0.9999463558197021,Edge-Loc,2.6144056391785853e-05,Scratch,2.0268464140826836e-05,0.01562695251777768,0.9999463558197021,1.7194020074384753e-06,4.2550059070785295e-13,2.6144056391785853e-05,9.873892850009724e-07,4.507701760303462e-06,4.14877754004693e-14,1.0912725801129342e-12,2.0268464140826836e-05,30,34,776,75,0.09664948453608248,"{'source_height': 30, 'source_width': 34, 'resized_height': 85, 'resized_width': 96, 'padding_top': 5, 'padding_bottom': 6, 'padding_left': 0, 'padding_right': 0, 'scale': 2.823529411764706}"
record_000651719:0,artifacts/input_files/record_000651719.npy,0,0,Normal,False,0.9999772310256958,0.00029111531330272555,AUTO_ACCEPT,Production-enabled class meets the frozen confidence and probability-margin requirements.,True,0.9441788792610168,0.1,1.42572780532646e-05,0.9999629737476425,True,0.7762330770492554,Normal,0.9999772310256958,Edge-Loc,1.42572780532646e-05,Scratch,4.779526534548495e-06,0.01562695251777768,0.9999772310256958,1.2754164799844148e-06,5.473788130118222e-14,1.42572780532646e-05,5.894302717024402e-07,1.8926492657556082e-06,8.498882953194946e-15,2.035660729609104e-13,4.779526534548495e-06,30,34,776,95,0.12242268041237113,"{'source_height': 30, 'source_width': 34, 'resized_height': 85, 'resized_width': 96, 'padding_top': 5, 'padding_bottom': 6, 'padding_left': 0, 'padding_right': 0, 'scale': 2.823529411764706}"
record_000651797:0,artifacts/input_files/record_000651797.npy,0,0,Normal,False,0.9889423847198486,0.06763000041246414,AUTO_ACCEPT,Production-enabled class meets the frozen confidence and probability-margin requirements.,True,0.9441788792610168,0.1,0.00906431581825018,0.9798780689015985,True,0.7762330770492554,Normal,0.9889423847198486,Edge-Loc,0.00906431581825018,Loc,0.0013660953845828772,0.01562695251777768,0.9889423847198486,0.00010827804362634197,7.747925218071217e-11,0.00906431581825018,1.7250345990760252e-05,0.0013660953845828772,1.3733381619418505e-11,6.984280931376929e-10,0.0005017787334509194,30,34,776,115,0.1481958762886598,"{'source_height': 30, 'source_width': 34, 'resized_height': 85, 'resized_width': 96, 'padding_top': 5, 'padding_bottom': 6, 'padding_left': 0, 'padding_right': 0, 'scale': 2.823529411764706}"
record_000651800:0,artifacts/input_files/record_000651800.npy,0,0,Normal,False,0.444192498922348,1.072948694229126,ABSTAIN,Confidence is below the frozen abstain threshold.,True,0.9441788792610168,0.1,0.2782345116138458,0.1659579873085022,True,0.7762330770492554,Normal,0.444192498922348,Edge-Loc,0.2782345116138458,Edge-Ring,0.2774951756000519,0.01562695251777768,0.444192498922348,3.2483947052242e-06,1.8906833043619287e-10,0.2782345116138458,0.2774951756000519,3.501721585053019e-05,1.0229938141037564e-07,1.7412097577107488e-06,3.773056960199028e-05,30,34,776,183,0.23582474226804123,"{'source_height': 30, 'source_width': 34, 'resized_height': 85, 'resized_width': 96, 'padding_top': 5, 'padding_bottom': 6, 'padding_left': 0, 'padding_right': 0, 'scale': 2.823529411764706}"
record_000651862:0,artifacts/input_files/record_000651862.npy,0,0,Normal,False,0.9995562434196472,0.004301181063055992,AUTO_ACCEPT,Production-enabled class meets the frozen confidence and probability-margin requirements.,True,0.9441788792610168,0.1,0.00029485332197509706,0.9992613900976721,True,0.7762330770492554,Normal,0.9995562434196472,Edge-Loc,0.00029485332197509706,Scratch,8.188570063794032e-05,0.01562695251777768,0.9995562434196472,7.48512638892862e-06,2.283650699097528e-12,0.00029485332197509706,7.6024125519325025e-06,5.190923184272833e-05,1.670881179726899e-13,9.848577682547432e-12,8.188570063794032e-05,30,34,776,109,0.1404639175257732,"{'source_height': 30, 'source_width': 34, 'resized_height': 85, 'resized_width': 96, 'padding_top': 5, 'padding_bottom': 6, 'padding_left': 0, 'padding_right': 0, 'scale': 2.823529411764706}"
record_000652852:0,artifacts/input_files/record_000652852.npy,0,3,Edge-Loc,True,0.5478276610374451,0.8005347847938538,ABSTAIN,Confidence is below the frozen abstain threshold.,False,,,0.4264669120311737,0.12136074900627136,True,0.7762330770492554,Edge-Loc,0.5478276610374451,Loc,0.4264669120311737,Normal,0.021545371040701866,0.01562695251777768,0.021545371040701866,0.0003482285246718675,5.737475476053078e-06,0.5478276610374451,9.939061419572681e-05,0.4264669120311737,1.6828893194542616e-06,3.704182745423168e-05,0.003667980432510376,30,34,776,139,0.1791237113402062,"{'source_height': 30, 'source_width': 34, 'resized_height': 85, 'resized_width': 96, 'padding_top': 5, 'padding_bottom': 6, 'padding_left': 0, 'padding_right': 0, 'scale': 2.823529411764706}"
record_000652891:0,artifacts/input_files/record_000652891.npy,0,0,Normal,False,0.9997768998146057,0.002264118753373623,AUTO_ACCEPT,Production-enabled class meets the frozen confidence and probability-margin requirements.,True,0.9441788792610168,0.1,0.00017505063442513347,0.9996018491801806,True,0.7762330770492554,Normal,0.9997768998146057,Edge-Loc,0.00017505063442513347,Scratch,3.089299571001902e-05,0.01562695251777768,0.9997768998146057,2.665433157744701e-06,9.045951379453576e-13,0.00017505063442513347,5.961198439763393e-06,8.573914783482905e-06,2.839185592358462e-13,4.594772479160625e-12,3.089299571001902e-05,30,34,776,94,0.1211340206185567,"{'source_height': 30, 'source_width': 34, 'resized_height': 85, 'resized_width': 96, 'padding_top': 5, 'padding_bottom': 6, 'padding_left': 0, 'padding_right': 0, 'scale': 2.823529411764706}"
record_000653028:0,artifacts/input_files/record_000653028.npy,0,0,Normal,False,0.9998868703842163,0.001259614946320653,AUTO_ACCEPT,Production-enabled class meets the frozen confidence and probability-margin requirements.,True,0.9441788792610168,0.1,6.839899288024753e-05,0.9998184713913361,True,0.7762330770492554,Normal,0.9998868703842163,Edge-Loc,6.839899288024753e-05,Scratch,2.9175333111197688e-05,0.01562695251777768,0.9998868703842163,1.7141996977443341e-06,3.1878740099078318e-12,6.839899288024753e-05,5.6627291087352205e-06,8.076241101662163e-06,8.827048250323322e-13,1.1817918171841413e-11,2.9175333111197688e-05,30,34,776,65,0.08376288659793814,"{'source_height': 30, 'source_width': 34, 'resized_height': 85, 'resized_width': 96, 'padding_top': 5, 'padding_bottom': 6, 'padding_left': 0, 'padding_right': 0, 'scale': 2.823529411764706}"
record_000653040:0,artifacts/input_files/record_000653040.npy,0,0,Normal,False,0.7986695766448975,0.6551199555397034,ENGINEER_REVIEW,Class is review-only or confidence does not meet its production auto-accept threshold.,True,0.9441788792610168,0.1,0.14231066405773163,0.6563589125871658,True,0.7762330770492554,Normal,0.7986695766448975,Loc,0.14231066405773163,Edge-Loc,0.04825875535607338,0.01562695251777768,0.7986695766448975,0.0007409824756905437,5.257060919916512e-08,0.04825875535607338,5.715622683055699e-05,0.14231066405773163,8.599575496148759e-10,4.801717068403377e-07,0.009962288662791252,30,34,776,131,0.16881443298969073,"{'source_height': 30, 'source_width': 34, 'resized_height': 85, 'resized_width': 96, 'padding_top': 5, 'padding_bottom': 6, 'padding_left': 0, 'padding_right': 0, 'scale': 2.823529411764706}"
record_000653044:0,artifacts/input_files/record_000653044.npy,0,0,Normal,False,0.8131365180015564,0.5961521863937378,ENGINEER_REVIEW,Class is review-only or confidence does not meet its production auto-accept threshold.,True,0.9441788792610168,0.1,0.1523922085762024,0.660744309425354,True,0.7762330770492554,Normal,0.8131365180015564,Loc,0.1523922085762024,Scratch,0.020227080211043358,0.01562695251777768,0.8131365180015564,0.0003582788922358304,2.2784277575738088e-08,0.013870278373360634,1.5648665794287808e-05,0.1523922085762024,4.5344211024866965e-11,5.222868892929e-08,0.020227080211043358,30,34,776,99,0.12757731958762886,"{'source_height': 30, 'source_width': 34, 'resized_height': 85, 'resized_width': 96, 'padding_top': 5, 'padding_bottom': 6, 'padding_left': 0, 'padding_right': 0, 'scale': 2.823529411764706}"
record_000653281:0,artifacts/input_files/record_000653281.npy,0,0,Normal,False,0.999953031539917,0.0005625658668577671,AUTO_ACCEPT,Production-enabled class meets the frozen confidence and probability-margin requirements.,True,0.9441788792610168,0.1,2.8636239221668802e-05,0.9999243953006953,True,0.7762330770492554,Normal,0.999953031539917,Edge-Loc,2.8636239221668802e-05,Scratch,1.0320052751922049e-05,0.01562695251777768,0.999953031539917,2.2194160465005552e-07,1.4177585971539286e-13,2.8636239221668802e-05,6.160393240861595e-06,1.510203446741798e-06,3.834661470194893e-14,7.085669941411799e-13,1.0320052751922049e-05,30,34,776,86,0.11082474226804123,"{'source_height': 30, 'source_width': 34, 'resized_height': 85, 'resized_width': 96, 'padding_top': 5, 'padding_bottom': 6, 'padding_left': 0, 'padding_right': 0, 'scale': 2.823529411764706}"
record_000653510:0,artifacts/input_files/record_000653510.npy,0,0,Normal,False,0.99998939037323,0.0001430881820851937,AUTO_ACCEPT,Production-enabled class meets the frozen confidence and probability-margin requirements.,True,0.9441788792610168,0.1,5.6503567975596525e-06,0.9999837400164324,True,0.7762330770492554,Normal,0.99998939037323,Edge-Loc,5.6503567975596525e-06,Scratch,3.569482259990764e-06,0.01562695251777768,0.99998939037323,2.725381591517362e-07,2.341887703997004e-14,5.6503567975596525e-06,4.588919466641528e-07,6.011886171108927e-07,3.288120491352518e-15,7.87955448501923e-14,3.569482259990764e-06,30,34,776,89,0.11469072164948453,"{'source_height': 30, 'source_width': 34, 'resized_height': 85, 'resized_width': 96, 'padding_top': 5, 'padding_bottom': 6, 'padding_left': 0, 'padding_right': 0, 'scale': 2.823529411764706}"
record_000653516:0,artifacts/input_files/record_000653516.npy,0,0,Normal,False,0.9999803304672241,0.0002591205120552331,AUTO_ACCEPT,Production-enabled class meets the frozen confidence and probability-margin requirements.,True,0.9441788792610168,0.1,7.736564839433413e-06,0.9999725939023847,True,0.7762330770492554,Normal,0.9999803304672241,Edge-Loc,7.736564839433413e-06,Scratch,6.365296485455474e-06,0.01562695251777768,0.9999803304672241,3.1840495466894936e-06,1.7788621595703213e-13,7.736564839433413e-06,3.487480455532932e-07,2.0416721326910192e-06,1.334299322777472e-14,3.0989222147594087e-13,6.365296485455474e-06,30,34,776,87,0.11211340206185567,"{'source_height': 30, 'source_width': 34, 'resized_height': 85, 'resized_width': 96, 'padding_top': 5, 'padding_bottom': 6, 'padding_left': 0, 'padding_right': 0, 'scale': 2.823529411764706}"
record_000653554:0,artifacts/input_files/record_000653554.npy,0,0,Normal,False,0.9999724626541138,0.0003466743801254779,AUTO_ACCEPT,Production-enabled class meets the frozen confidence and probability-margin requirements.,True,0.9441788792610168,0.1,1.4875429769745097e-05,0.999957587224344,True,0.7762330770492554,Normal,0.9999724626541138,Scratch,1.4875429769745097e-05,Edge-Loc,9.168865290121175e-06,0.01562695251777768,0.9999724626541138,8.869593557392363e-07,1.9606671429646394e-13,9.168865290121175e-06,8.357926049029629e-07,1.7642121292738011e-06,9.705352637550714e-15,3.387483165067512e-13,1.4875429769745097e-05,30,34,776,77,0.09922680412371133,"{'source_height': 30, 'source_width': 34, 'resized_height': 85, 'resized_width': 96, 'padding_top': 5, 'padding_bottom': 6, 'padding_left': 0, 'padding_right': 0, 'scale': 2.823529411764706}"
record_000653567:0,artifacts/input_files/record_000653567.npy,0,0,Normal,False,0.9956081509590149,0.033556487411260605,AUTO_ACCEPT,Production-enabled class meets the frozen confidence and probability-margin requirements.,True,0.9441788792610168,0.1,0.0018084977054968476,0.993799653253518,True,0.7762330770492554,Normal,0.9956081509590149,Loc,0.0018084977054968476,Edge-Loc,0.0013009391259402037,0.01562695251777768,0.9956081509590149,0.00018071562226396054,4.7527748403553e-10,0.0013009391259402037,8.011108548089396e-06,0.0018084977054968476,2.6816220684983127e-12,8.349528846096632e-10,0.0010937437182292342,30,34,776,99,0.12757731958762886,"{'source_height': 30, 'source_width': 34, 'resized_height': 85, 'resized_width': 96, 'padding_top': 5, 'padding_bottom': 6, 'padding_left': 0, 'padding_right': 0, 'scale': 2.823529411764706}"
record_000653900:0,artifacts/input_files/record_000653900.npy,0,0,Normal,False,0.9999668598175049,0.00041125647840090096,AUTO_ACCEPT,Production-enabled class meets the frozen confidence and probability-margin requirements.,True,0.9441788792610168,0.1,2.1323519831639715e-05,0.9999455362976732,True,0.7762330770492554,Normal,0.9999668598175049,Edge-Loc,2.1323519831639715e-05,Scratch,5.993538252369035e-06,0.01562695251777768,0.9999668598175049,2.272067604280892e-06,2.035519105700323e-13,2.1323519831639715e-05,2.0210768525430467e-06,1.5448416661456577e-06,8.502170457469829e-14,9.253595069022569e-13,5.993538252369035e-06,30,34,776,97,0.125,"{'source_height': 30, 'source_width': 34, 'resized_height': 85, 'resized_width': 96, 'padding_top': 5, 'padding_bottom': 6, 'padding_left': 0, 'padding_right': 0, 'scale': 2.823529411764706}"
record_000654430:0,artifacts/input_files/record_000654430.npy,0,0,Normal,False,0.9972783923149109,0.019312558695673943,AUTO_ACCEPT,Production-enabled class meets the frozen confidence and probability-margin requirements.,True,0.9441788792610168,0.1,0.002623599721118808,0.9946547925937921,True,0.7762330770492554,Normal,0.9972783923149109,Edge-Loc,0.002623599721118808,Edge-Ring,5.6468012189725414e-05,0.01562695251777768,0.9972783923149109,6.701561119371036e-07,3.650639090069935e-13,0.002623599721118808,5.6468012189725414e-05,1.5554582205368206e-05,2.0002755962006402e-12,9.99291187991913e-12,2.5317887775599957e-05,30,34,776,103,0.1327319587628866,"{'source_height': 30, 'source_width': 34, 'resized_height': 85, 'resized_width': 96, 'padding_top': 5, 'padding_bottom': 6, 'padding_left': 0, 'padding_right': 0, 'scale': 2.823529411764706}"
record_000654434:0,artifacts/input_files/record_000654434.npy,0,0,Normal,False,0.9998352527618408,0.001704022171907127,AUTO_ACCEPT,Production-enabled class meets the frozen confidence and probability-margin requirements.,True,0.9441788792610168,0.1,0.00013780879089608788,0.9996974439709447,True,0.7762330770492554,Normal,0.9998352527618408,Edge-Loc,0.00013780879089608788,Scratch,1.3784868315269705e-05,0.01562695251777768,0.9998352527618408,1.8578415392767056e-06,1.9701552672266032e-13,0.00013780879089608788,6.890668828418711e-06,4.334276582085295e-06,9.613974384387741e-14,1.702935101960401e-12,1.3784868315269705e-05,30,34,776,92,0.11855670103092783,"{'source_height': 30, 'source_width': 34, 'resized_height': 85, 'resized_width': 96, 'padding_top': 5, 'padding_bottom': 6, 'padding_left': 0, 'padding_right': 0, 'scale': 2.823529411764706}"
record_000654438:0,artifacts/input_files/record_000654438.npy,0,0,Normal,False,0.9999088048934937,0.0010157139040529728,AUTO_ACCEPT,Production-enabled class meets the frozen confidence and probability-margin requirements.,True,0.9441788792610168,0.1,6.0489030147437006e-05,0.9998483158633462,True,0.7762330770492554,Normal,0.9999088048934937,Edge-Loc,6.0489030147437006e-05,Edge-Ring,2.4258142730104737e-05,0.01562695251777768,0.9999088048934937,1.9172227894159732e-07,4.6703587449226786e-14,6.0489030147437006e-05,2.4258142730104737e-05,1.0064323987535317e-06,4.101172594345344e-14,6.567736263694834e-13,5.117103683005553e-06,30,34,776,118,0.15206185567010308,"{'source_height': 30, 'source_width': 34, 'resized_height': 85, 'resized_width': 96, 'padding_top': 5, 'padding_bottom': 6, 'padding_left': 0, 'padding_right': 0, 'scale': 2.823529411764706}"
record_000654442:0,artifacts/input_files/record_000654442.npy,0,0,Normal,False,0.9999740123748779,0.00032540521351620555,AUTO_ACCEPT,Production-enabled class meets the frozen confidence and probability-margin requirements.,True,0.9441788792610168,0.1,1.2544546734716278e-05,0.9999614678281432,True,0.7762330770492554,Normal,0.9999740123748779,Edge-Loc,1.2544546734716278e-05,Scratch,1.135485217673704e-05,0.01562695251777768,0.9999740123748779,2.3751596245347173e-07,2.6565773845609215e-14,1.2544546734716278e-05,8.971567240223521e-07,8.929442856242531e-07,1.8425130771961267e-15,8.204464126311539e-14,1.135485217673704e-05,30,34,776,98,0.12628865979381443,"{'source_height': 30, 'source_width': 34, 'resized_height': 85, 'resized_width': 96, 'padding_top': 5, 'padding_bottom': 6, 'padding_left': 0, 'padding_right': 0, 'scale': 2.823529411764706}"
record_000654717:0,artifacts/input_files/record_000654717.npy,0,0,Normal,False,0.9986751675605774,0.011793149635195732,AUTO_ACCEPT,Production-enabled class meets the frozen confidence and probability-margin requirements.,True,0.9441788792610168,0.1,0.0006287030410021544,0.9980464645195752,True,0.7762330770492554,Normal,0.9986751675605774,Edge-Loc,0.0006287030410021544,Scratch,0.0003271526948083192,0.01562695251777768,0.9986751675605774,0.00018461965373717248,2.3382928926451996e-10,0.0006287030410021544,9.216608304996043e-06,0.00017514311184640974,1.82015028049598e-11,4.264039121792962e-10,0.0003271526948083192,30,34,776,80,0.10309278350515463,"{'source_height': 30, 'source_width': 34, 'resized_height': 85, 'resized_width': 96, 'padding_top': 5, 'padding_bottom': 6, 'padding_left': 0, 'padding_right': 0, 'scale': 2.823529411764706}"
record_000654726:0,artifacts/input_files/record_000654726.npy,0,0,Normal,False,0.9999908208847046,0.00012736381904687732,AUTO_ACCEPT,Production-enabled class meets the frozen confidence and probability-margin requirements.,True,0.9441788792610168,0.1,4.7048533815541305e-06,0.999986116031323,True,0.7762330770492554,Normal,0.9999908208847046,Edge-Loc,4.7048533815541305e-06,Scratch,2.588571760497871e-06,0.01562695251777768,0.9999908208847046,1.067362404683081e-06,2.937725407446516e-14,4.7048533815541305e-06,2.566702050899039e-07,6.002035775054537e-07,5.773613737710542e-15,8.962040229940418e-14,2.588571760497871e-06,30,34,776,76,0.0979381443298969,"{'source_height': 30, 'source_width': 34, 'resized_height': 85, 'resized_width': 96, 'padding_top': 5, 'padding_bottom': 6, 'padding_left': 0, 'padding_right': 0, 'scale': 2.823529411764706}"
record_000655169:0,artifacts/input_files/record_000655169.npy,0,0,Normal,False,0.9998217225074768,0.0019301243592053652,AUTO_ACCEPT,Production-enabled class meets the frozen confidence and probability-margin requirements.,True,0.9441788792610168,0.1,9.764605783857405e-05,0.9997240764496382,True,0.7762330770492554,Normal,0.9998217225074768,Scratch,9.764605783857405e-05,Loc,3.372584978933446e-05,0.01562695251777768,0.9998217225074768,1.5629657355020754e-05,1.464733195843948e-11,3.0283857995527796e-05,1.0798520406751777e-06,3.372584978933446e-05,1.46775766454027e-13,9.57476632701404e-12,9.764605783857405e-05,30,34,776,73,0.09407216494845361,"{'source_height': 30, 'source_width': 34, 'resized_height': 85, 'resized_width': 96, 'padding_top': 5, 'padding_bottom': 6, 'padding_left': 0, 'padding_right': 0, 'scale': 2.823529411764706}"
record_000655222:0,artifacts/input_files/record_000655222.npy,0,0,Normal,False,0.9996697902679443,0.0033046267926692963,AUTO_ACCEPT,Production-enabled class meets the frozen confidence and probability-margin requirements.,True,0.9441788792610168,0.1,0.00020370537822600454,0.9994660848897183,True,0.7762330770492554,Normal,0.9996697902679443,Edge-Loc,0.00020370537822600454,Scratch,9.005719766719267e-05,0.01562695251777768,0.9996697902679443,3.3002393138303887e-06,6.159845203357328e-12,0.00020370537822600454,2.1525560441659763e-05,1.1553887816262431e-05,1.475241695296503e-12,2.2799723914390668e-11,9.005719766719267e-05,30,34,776,68,0.08762886597938144,"{'source_height': 30, 'source_width': 34, 'resized_height': 85, 'resized_width': 96, 'padding_top': 5, 'padding_bottom': 6, 'padding_left': 0, 'padding_right': 0, 'scale': 2.823529411764706}"
record_000655235:0,artifacts/input_files/record_000655235.npy,0,0,Normal,False,0.9999263286590576,0.0008510358165949583,AUTO_ACCEPT,Production-enabled class meets the frozen confidence and probability-margin requirements.,True,0.9441788792610168,0.1,4.723524034488946e-05,0.9998790934187127,True,0.7762330770492554,Normal,0.9999263286590576,Edge-Loc,4.723524034488946e-05,Scratch,1.5460323993465863e-05,0.01562695251777768,0.9999263286590576,1.4791161220273352e-06,4.19316680986756e-13,4.723524034488946e-05,4.6689456212334335e-06,4.7714456741232425e-06,3.593355674862478e-14,1.527403203915867e-12,1.5460323993465863e-05,30,34,776,105,0.13530927835051546,"{'source_height': 30, 'source_width': 34, 'resized_height': 85, 'resized_width': 96, 'padding_top': 5, 'padding_bottom': 6, 'padding_left': 0, 'padding_right': 0, 'scale': 2.823529411764706}"
record_000655962:0,artifacts/input_files/record_000655962.npy,0,0,Normal,False,0.5200879573822021,1.0557188987731934,ABSTAIN,Confidence is below the frozen abstain threshold.,True,0.9441788792610168,0.1,0.31161829829216003,0.20846965909004211,True,0.7762330770492554,Normal,0.5200879573822021,Scratch,0.31161829829216003,Loc,0.15422077476978302,0.01562695251777768,0.5200879573822021,0.0010132521856576204,1.0181093784922268e-05,0.012997729703783989,4.968850771547295e-05,0.15422077476978302,1.3908286744523934e-09,2.1435598682728596e-06,0.31161829829216003,30,34,776,143,0.18427835051546393,"{'source_height': 30, 'source_width': 34, 'resized_height': 85, 'resized_width': 96, 'padding_top': 5, 'padding_bottom': 6, 'padding_left': 0, 'padding_right': 0, 'scale': 2.823529411764706}"
record_000655969:0,artifacts/input_files/record_000655969.npy,0,0,Normal,False,0.9999878406524658,0.0001627305755391717,AUTO_ACCEPT,Production-enabled class meets the frozen confidence and probability-margin requirements.,True,0.9441788792610168,0.1,5.985021743981633e-06,0.9999818556307218,True,0.7762330770492554,Normal,0.9999878406524658,Edge-Loc,5.985021743981633e-06,Scratch,4.4728253669745754e-06,0.01562695251777768,0.9999878406524658,4.374163040665735e-07,3.4876273283203016e-14,5.985021743981633e-06,4.288094999083114e-07,7.675943720641953e-07,4.192013489806579e-15,9.898931853250317e-14,4.4728253669745754e-06,30,34,776,77,0.09922680412371133,"{'source_height': 30, 'source_width': 34, 'resized_height': 85, 'resized_width': 96, 'padding_top': 5, 'padding_bottom': 6, 'padding_left': 0, 'padding_right': 0, 'scale': 2.823529411764706}"
record_000656535:0,artifacts/input_files/record_000656535.npy,0,0,Normal,False,0.9999549388885498,0.0005474705249071121,AUTO_ACCEPT,Production-enabled class meets the frozen confidence and probability-margin requirements.,True,0.9441788792610168,0.1,2.5478077077423222e-05,0.9999294608114724,True,0.7762330770492554,Normal,0.9999549388885498,Scratch,2.5478077077423222e-05,Edge-Loc,1.1635414921329357e-05,0.01562695251777768,0.9999549388885498,3.265547547925962e-06,4.607111675665465e-13,1.1635414921329357e-05,7.401264383588568e-07,3.93882555727032e-06,1.6130053496761325e-14,6.755367207463003e-13,2.5478077077423222e-05,30,34,776,70,0.09020618556701031,"{'source_height': 30, 'source_width': 34, 'resized_height': 85, 'resized_width': 96, 'padding_top': 5, 'padding_bottom': 6, 'padding_left': 0, 'padding_right': 0, 'scale': 2.823529411764706}"
record_000656538:0,artifacts/input_files/record_000656538.npy,0,0,Normal,False,0.9998643398284912,0.0014179303543642163,AUTO_ACCEPT,Production-enabled class meets the frozen confidence and probability-margin requirements.,True,0.9441788792610168,0.1,0.000117038085591048,0.9997473017429002,True,0.7762330770492554,Normal,0.9998643398284912,Edge-Loc,0.000117038085591048,Scratch,8.832311323203612e-06,0.01562695251777768,0.9998643398284912,3.743891738849925e-07,7.260777943511945e-14,0.000117038085591048,7.433751306962222e-06,2.0310519630584167e-06,8.442046703621003e-14,7.087839429958942e-13,8.832311323203612e-06,30,34,776,86,0.11082474226804123,"{'source_height': 30, 'source_width': 34, 'resized_height': 85, 'resized_width': 96, 'padding_top': 5, 'padding_bottom': 6, 'padding_left': 0, 'padding_right': 0, 'scale': 2.823529411764706}"
record_000657045:0,artifacts/input_files/record_000657045.npy,0,0,Normal,False,0.9999970197677612,4.5202934416010976e-05,AUTO_ACCEPT,Production-enabled class meets the frozen confidence and probability-margin requirements.,True,0.9441788792610168,0.1,1.1717244206010946e-06,0.9999958480433406,True,0.7762330770492554,Normal,0.9999970197677612,Edge-Loc,1.1717244206010946e-06,Scratch,1.1533396673257812e-06,0.01562695251777768,0.9999970197677612,4.175095966729714e-07,4.21638093363319e-15,1.1717244206010946e-06,4.6462613312314716e-08,2.312622058298075e-07,3.0957908080687924e-16,7.583790908628762e-15,1.1533396673257812e-06,30,34,776,93,0.11984536082474227,"{'source_height': 30, 'source_width': 34, 'resized_height': 85, 'resized_width': 96, 'padding_top': 5, 'padding_bottom': 6, 'padding_left': 0, 'padding_right': 0, 'scale': 2.823529411764706}"
record_000657050:0,artifacts/input_files/record_000657050.npy,0,0,Normal,False,0.9999549388885498,0.0005422532558441162,AUTO_ACCEPT,Production-enabled class meets the frozen confidence and probability-margin requirements.,True,0.9441788792610168,0.1,2.927124296547845e-05,0.9999256676455843,True,0.7762330770492554,Normal,0.9999549388885498,Edge-Loc,2.927124296547845e-05,Scratch,8.305682968057226e-06,0.01562695251777768,0.9999549388885498,1.886464019662526e-06,9.940059029784482e-14,2.927124296547845e-05,8.601663807894511e-07,4.693884420703398e-06,9.333489080080078e-15,3.418324922167121e-13,8.305682968057226e-06,30,34,776,103,0.1327319587628866,"{'source_height': 30, 'source_width': 34, 'resized_height': 85, 'resized_width': 96, 'padding_top': 5, 'padding_bottom': 6, 'padding_left': 0, 'padding_right': 0, 'scale': 2.823529411764706}"
record_000657058:0,artifacts/input_files/record_000657058.npy,0,0,Normal,False,0.9999376535415649,0.000734741915948689,AUTO_ACCEPT,Production-enabled class meets the frozen confidence and probability-margin requirements.,True,0.9441788792610168,0.1,3.425449540372938e-05,0.9999033990461612,True,0.7762330770492554,Normal,0.9999376535415649,Scratch,3.425449540372938e-05,Edge-Loc,1.9352293747942895e-05,0.01562695251777768,0.9999376535415649,3.7269894619385013e-06,1.3975928704265672e-12,1.9352293747942895e-05,1.5025864286144497e-06,3.454589432294597e-06,8.313660903366132e-14,1.9849180892678175e-12,3.425449540372938e-05,30,34,776,75,0.09664948453608248,"{'source_height': 30, 'source_width': 34, 'resized_height': 85, 'resized_width': 96, 'padding_top': 5, 'padding_bottom': 6, 'padding_left': 0, 'padding_right': 0, 'scale': 2.823529411764706}"
record_000657137:0,artifacts/input_files/record_000657137.npy,0,0,Normal,False,0.9999147653579712,0.0009711077436804771,AUTO_ACCEPT,Production-enabled class meets the frozen confidence and probability-margin requirements.,True,0.9441788792610168,0.1,5.015229544369504e-05,0.9998646130625275,True,0.7762330770492554,Normal,0.9999147653579712,Scratch,5.015229544369504e-05,Edge-Loc,2.503374889784027e-05,0.01562695251777768,0.9999147653579712,2.032130851148395e-06,1.5438461056435648e-12,2.503374889784027e-05,1.885612959995342e-06,6.0431584643083625e-06,6.699571182110925e-14,2.3270311459017146e-12,5.015229544369504e-05,30,34,776,62,0.07989690721649484,"{'source_height': 30, 'source_width': 34, 'resized_height': 85, 'resized_width': 96, 'padding_top': 5, 'padding_bottom': 6, 'padding_left': 0, 'padding_right': 0, 'scale': 2.823529411764706}"
record_000657152:0,artifacts/input_files/record_000657152.npy,0,0,Normal,False,0.9714406728744507,0.14478462934494019,AUTO_ACCEPT,Production-enabled class meets the frozen confidence and probability-margin requirements.,True,0.9441788792610168,0.1,0.0247156023979187,0.946725070476532,True,0.7762330770492554,Normal,0.9714406728744507,Scratch,0.0247156023979187,Edge-Loc,0.0019451635889708996,0.01562695251777768,0.9714406728744507,0.0003742982225958258,5.2317794541068e-09,0.0019451635889708996,4.38237730122637e-05,0.0014804190723225474,5.8926483484378345e-12,2.7420499204566795e-09,0.0247156023979187,30,34,776,81,0.10438144329896908,"{'source_height': 30, 'source_width': 34, 'resized_height': 85, 'resized_width': 96, 'padding_top': 5, 'padding_bottom': 6, 'padding_left': 0, 'padding_right': 0, 'scale': 2.823529411764706}"
record_000657178:0,artifacts/input_files/record_000657178.npy,0,0,Normal,False,0.9982755184173584,0.013267166912555695,AUTO_ACCEPT,Production-enabled class meets the frozen confidence and probability-margin requirements.,True,0.9441788792610168,0.1,0.0016023945063352585,0.9966731239110231,True,0.7762330770492554,Normal,0.9982755184173584,Edge-Loc,0.0016023945063352585,Edge-Ring,5.504668297362514e-05,0.01562695251777768,0.9982755184173584,8.696266036167799e-07,3.115792400563283e-13,0.0016023945063352585,5.504668297362514e-05,2.1996896975906566e-05,1.3498105628020896e-13,5.653068724936761e-12,4.416259253048338e-05,30,34,776,123,0.15850515463917525,"{'source_height': 30, 'source_width': 34, 'resized_height': 85, 'resized_width': 96, 'padding_top': 5, 'padding_bottom': 6, 'padding_left': 0, 'padding_right': 0, 'scale': 2.823529411764706}"
record_000657566:0,artifacts/input_files/record_000657566.npy,0,0,Normal,False,0.9999221563339233,0.000912431045435369,AUTO_ACCEPT,Production-enabled class meets the frozen confidence and probability-margin requirements.,True,0.9441788792610168,0.1,3.333704444230534e-05,0.999888819289481,True,0.7762330770492554,Normal,0.9999221563339233,Scratch,3.333704444230534e-05,Edge-Loc,2.605213194328826e-05,0.01562695251777768,0.9999221563339233,8.985902240965515e-06,7.402146603996407e-12,2.605213194328826e-05,1.1379005400158348e-06,8.191673259716481e-06,5.544434811440013e-13,9.910326032036565e-12,3.333704444230534e-05,30,34,776,71,0.09149484536082474,"{'source_height': 30, 'source_width': 34, 'resized_height': 85, 'resized_width': 96, 'padding_top': 5, 'padding_bottom': 6, 'padding_left': 0, 'padding_right': 0, 'scale': 2.823529411764706}"
record_000657959:0,artifacts/input_files/record_000657959.npy,0,0,Normal,False,0.963184654712677,0.18945609033107758,AUTO_ACCEPT,Production-enabled class meets the frozen confidence and probability-margin requirements.,True,0.9441788792610168,0.1,0.024198288097977638,0.9389863666146994,True,0.7762330770492554,Normal,0.963184654712677,Edge-Loc,0.024198288097977638,Loc,0.009851287119090557,0.01562695251777768,0.963184654712677,0.00034504150971770287,8.328923661871102e-10,0.024198288097977638,0.0001032247964758426,0.009851287119090557,8.811450180612468e-11,1.3416766364571231e-08,0.0023174879606813192,30,34,776,112,0.14432989690721648,"{'source_height': 30, 'source_width': 34, 'resized_height': 85, 'resized_width': 96, 'padding_top': 5, 'padding_bottom': 6, 'padding_left': 0, 'padding_right': 0, 'scale': 2.823529411764706}"
record_000658066:0,artifacts/input_files/record_000658066.npy,0,0,Normal,False,0.9999176263809204,0.0009624403901398182,AUTO_ACCEPT,Production-enabled class meets the frozen confidence and probability-margin requirements.,True,0.9441788792610168,0.1,3.381653004908003e-05,0.9998838098508713,True,0.7762330770492554,Normal,0.9999176263809204,Edge-Loc,3.381653004908003e-05,Scratch,2.5708750399644487e-05,0.01562695251777768,0.9999176263809204,6.1606624512933195e-06,7.626669478247305e-13,3.381653004908003e-05,6.487032919721969e-07,1.6039346519391984e-05,2.2286873410139185e-14,1.5157985543828856e-12,2.5708750399644487e-05,30,34,776,93,0.11984536082474227,"{'source_height': 30, 'source_width': 34, 'resized_height': 85, 'resized_width': 96, 'padding_top': 5, 'padding_bottom': 6, 'padding_left': 0, 'padding_right': 0, 'scale': 2.823529411764706}"
record_000658676:0,artifacts/input_files/record_000658676.npy,0,0,Normal,False,0.9999450445175171,0.0006666321423836052,AUTO_ACCEPT,Production-enabled class meets the frozen confidence and probability-margin requirements.,True,0.9441788792610168,0.1,1.8546688806964085e-05,0.9999264978287101,True,0.7762330770492554,Normal,0.9999450445175171,Scratch,1.8546688806964085e-05,Edge-Loc,1.6703395885997452e-05,0.0179010467036278,0.9999450445175171,1.4160758837533649e-05,1.6623433315640646e-12,1.6703395885997452e-05,4.707297307504632e-07,4.989145963918418e-06,1.5618618052527788e-13,2.629137359211331e-12,1.8546688806964085e-05,30,34,776,76,0.0979381443298969,"{'source_height': 30, 'source_width': 34, 'resized_height': 85, 'resized_width': 96, 'padding_top': 5, 'padding_bottom': 6, 'padding_left': 0, 'padding_right': 0, 'scale': 2.823529411764706}"
record_000658693:0,artifacts/input_files/record_000658693.npy,0,0,Normal,False,0.9942954182624817,0.04001479595899582,AUTO_ACCEPT,Production-enabled class meets the frozen confidence and probability-margin requirements.,True,0.9441788792610168,0.1,0.004252202343195677,0.990043215919286,True,0.7762330770492554,Normal,0.9942954182624817,Center,0.004252202343195677,Edge-Loc,0.0005409281002357602,0.0179010467036278,0.9942954182624817,0.004252202343195677,1.1431238178261083e-09,0.0005409281002357602,6.928512448212132e-06,0.0005176052218303084,6.297520144249447e-11,1.6511514377981484e-09,0.0003869619395118207,30,34,776,88,0.1134020618556701,"{'source_height': 30, 'source_width': 34, 'resized_height': 85, 'resized_width': 96, 'padding_top': 5, 'padding_bottom': 6, 'padding_left': 0, 'padding_right': 0, 'scale': 2.823529411764706}"
record_000658774:0,artifacts/input_files/record_000658774.npy,0,0,Normal,False,0.9999562501907349,0.0005289205000735819,AUTO_ACCEPT,Production-enabled class meets the frozen confidence and probability-margin requirements.,True,0.9441788792610168,0.1,2.7141772079630755e-05,0.9999291084186552,True,0.7762330770492554,Normal,0.9999562501907349,Edge-Loc,2.7141772079630755e-05,Scratch,9.79134529188741e-06,0.0179010467036278,0.9999562501907349,4.3769622948275355e-07,2.26277181128616e-13,2.7141772079630755e-05,4.168824943917571e-06,2.21219306695275e-06,3.970036308704149e-14,8.479590727500375e-13,9.79134529188741e-06,30,34,776,96,0.12371134020618557,"{'source_height': 30, 'source_width': 34, 'resized_height': 85, 'resized_width': 96, 'padding_top': 5, 'padding_bottom': 6, 'padding_left': 0, 'padding_right': 0, 'scale': 2.823529411764706}"
record_000658871:0,artifacts/input_files/record_000658871.npy,0,0,Normal,False,0.9642167687416077,0.19341260194778442,AUTO_ACCEPT,Production-enabled class meets the frozen confidence and probability-margin requirements.,True,0.9441788792610168,0.1,0.017329521477222443,0.9468872472643852,True,0.7762330770492554,Normal,0.9642167687416077,Scratch,0.017329521477222443,Loc,0.011551085859537125,0.0179010467036278,0.9642167687416077,0.00045577026321552694,4.0817397461978544e-08,0.0063637299463152885,8.314446313306689e-05,0.011551085859537125,1.275999861327648e-10,2.8694643106064177e-08,0.017329521477222443,30,34,776,101,0.13015463917525774,"{'source_height': 30, 'source_width': 34, 'resized_height': 85, 'resized_width': 96, 'padding_top': 5, 'padding_bottom': 6, 'padding_left': 0, 'padding_right': 0, 'scale': 2.823529411764706}"
record_000659450:0,artifacts/input_files/record_000659450.npy,0,0,Normal,False,0.9997138381004333,0.0029142776038497686,AUTO_ACCEPT,Production-enabled class meets the frozen confidence and probability-margin requirements.,True,0.9441788792610168,0.1,0.00018742399697657675,0.9995264141034568,True,0.7762330770492554,Normal,0.9997138381004333,Center,0.00018742399697657675,Scratch,3.935133645427413e-05,0.0179010467036278,0.9997138381004333,0.00018742399697657675,2.0234142486530438e-11,3.7253612390486524e-05,7.093014460224367e-07,2.1448760890052654e-05,1.6775421112988353e-12,2.508505902998337e-11,3.935133645427413e-05,30,34,776,81,0.10438144329896908,"{'source_height': 30, 'source_width': 34, 'resized_height': 85, 'resized_width': 96, 'padding_top': 5, 'padding_bottom': 6, 'padding_left': 0, 'padding_right': 0, 'scale': 2.823529411764706}"
record_000659461:0,artifacts/input_files/record_000659461.npy,0,0,Normal,False,0.9999951124191284,6.956841389182955e-05,AUTO_ACCEPT,Production-enabled class meets the frozen confidence and probability-margin requirements.,True,0.9441788792610168,0.1,2.3555608095193747e-06,0.9999927568583189,True,0.7762330770492554,Normal,0.9999951124191284,Scratch,2.3555608095193747e-06,Edge-Loc,1.6458992604384548e-06,0.0179010467036278,0.9999951124191284,2.962371468129277e-07,8.439008735252381e-15,1.6458992604384548e-06,1.0631037383745934e-07,4.134206790240569e-07,5.282182691768134e-16,1.715595269742142e-14,2.3555608095193747e-06,30,34,776,78,0.10051546391752578,"{'source_height': 30, 'source_width': 34, 'resized_height': 85, 'resized_width': 96, 'padding_top': 5, 'padding_bottom': 6, 'padding_left': 0, 'padding_right': 0, 'scale': 2.823529411764706}"
record_000659626:0,artifacts/input_files/record_000659626.npy,0,0,Normal,False,0.9999241828918457,0.0008772207656875253,AUTO_ACCEPT,Production-enabled class meets the frozen confidence and probability-margin requirements.,True,0.9441788792610168,0.1,4.617545346263796e-05,0.9998780074383831,True,0.7762330770492554,Normal,0.9999241828918457,Edge-Loc,4.617545346263796e-05,Scratch,1.872483699116856e-05,0.0179010467036278,0.9999241828918457,3.7584204619633965e-06,6.497128681413888e-13,4.617545346263796e-05,3.166975375279435e-06,3.9854780879977625e-06,1.897709149111665e-13,3.1567647801322707e-12,1.872483699116856e-05,30,34,776,75,0.09664948453608248,"{'source_height': 30, 'source_width': 34, 'resized_height': 85, 'resized_width': 96, 'padding_top': 5, 'padding_bottom': 6, 'padding_left': 0, 'padding_right': 0, 'scale': 2.823529411764706}"
record_000660289:0,artifacts/input_files/record_000660289.npy,0,0,Normal,False,0.9999748468399048,0.0003222640953026712,AUTO_ACCEPT,Production-enabled class meets the frozen confidence and probability-margin requirements.,True,0.9441788792610168,0.1,1.1184781214979012e-05,0.9999636620586898,True,0.7762330770492554,Normal,0.9999748468399048,Scratch,1.1184781214979012e-05,Edge-Loc,8.734832590562291e-06,0.0179010467036278,0.9999748468399048,2.0289958229113836e-06,5.215002149734638e-13,8.734832590562291e-06,5.947655381532968e-07,2.540270315876114e-06,2.8818866238712604e-14,7.349101795867119e-13,1.1184781214979012e-05,30,34,776,78,0.10051546391752578,"{'source_height': 30, 'source_width': 34, 'resized_height': 85, 'resized_width': 96, 'padding_top': 5, 'padding_bottom': 6, 'padding_left': 0, 'padding_right': 0, 'scale': 2.823529411764706}"
record_000660501:0,artifacts/input_files/record_000660501.npy,0,0,Normal,False,0.9999961853027344,5.593894456978887e-05,AUTO_ACCEPT,Production-enabled class meets the frozen confidence and probability-margin requirements.,True,0.9441788792610168,0.1,1.701671862974763e-06,0.9999944836308714,True,0.7762330770492554,Normal,0.9999961853027344,Edge-Loc,1.701671862974763e-06,Scratch,1.6693603583917138e-06,0.0179010467036278,0.9999961853027344,4.526687291672715e-08,1.4868330370948501e-15,1.701671862974763e-06,1.0651182691390204e-07,3.23626750287076e-07,6.408217174540569e-17,3.623364696930982e-15,1.6693603583917138e-06,30,34,776,91,0.1172680412371134,"{'source_height': 30, 'source_width': 34, 'resized_height': 85, 'resized_width': 96, 'padding_top': 5, 'padding_bottom': 6, 'padding_left': 0, 'padding_right': 0, 'scale': 2.823529411764706}"
record_000675090:0,artifacts/input_files/record_000675090.npy,0,0,Normal,False,0.9997666478157043,0.0023901911918073893,AUTO_ACCEPT,Production-enabled class meets the frozen confidence and probability-margin requirements.,True,0.9441788792610168,0.1,0.00017346609092783183,0.9995931817247765,True,0.7762330770492554,Normal,0.9997666478157043,Scratch,0.00017346609092783183,Loc,2.0588578991009854e-05,0.0179010467036278,0.9997666478157043,1.7652078895480372e-05,2.923105160701489e-11,2.0325129298726097e-05,1.4731986084370874e-06,2.0588578991009854e-05,3.158952049595043e-13,1.4477046297867169e-11,0.00017346609092783183,29,27,592,24,0.04054054054054054,"{'source_height': 29, 'source_width': 27, 'resized_height': 96, 'resized_width': 89, 'padding_top': 0, 'padding_bottom': 0, 'padding_left': 3, 'padding_right': 4, 'scale': 3.310344827586207}"
record_000675296:0,artifacts/input_files/record_000675296.npy,0,0,Normal,False,0.9998970031738281,0.0011673185508698225,AUTO_ACCEPT,Production-enabled class meets the frozen confidence and probability-margin requirements.,True,0.9441788792610168,0.1,5.917733142268844e-05,0.9998378258424054,True,0.7762330770492554,Normal,0.9998970031738281,Scratch,5.917733142268844e-05,Loc,2.0172918084426783e-05,0.0179010467036278,0.9998970031738281,8.71834981808206e-06,1.535098003574431e-12,1.4610501239076257e-05,4.008971643543191e-07,2.0172918084426783e-05,1.5793911859775245e-14,1.3624048720781157e-12,5.917733142268844e-05,29,27,592,29,0.048986486486486486,"{'source_height': 29, 'source_width': 27, 'resized_height': 96, 'resized_width': 89, 'padding_top': 0, 'padding_bottom': 0, 'padding_left': 3, 'padding_right': 4, 'scale': 3.310344827586207}"
record_000676144:0,artifacts/input_files/record_000676144.npy,0,0,Normal,False,0.9999788999557495,0.0002751917054411024,AUTO_ACCEPT,Production-enabled class meets the frozen confidence and probability-margin requirements.,True,0.9441788792610168,0.1,7.440064564434579e-06,0.9999714598911851,True,0.7762330770492554,Normal,0.9999788999557495,Scratch,7.440064564434579e-06,Edge-Loc,7.254247066157404e-06,0.0179010467036278,0.9999788999557495,4.936255209031515e-06,7.299339626655466e-14,7.254247066157404e-06,2.0032349823395634e-07,1.249434717465192e-06,1.2473413957530405e-14,2.0742545322419842e-13,7.440064564434579e-06,29,27,592,38,0.06418918918918919,"{'source_height': 29, 'source_width': 27, 'resized_height': 96, 'resized_width': 89, 'padding_top': 0, 'padding_bottom': 0, 'padding_left': 3, 'padding_right': 4, 'scale': 3.310344827586207}"
record_000676945:0,artifacts/input_files/record_000676945.npy,0,0,Normal,False,0.9999480247497559,0.0006330506876111031,AUTO_ACCEPT,Production-enabled class meets the frozen confidence and probability-margin requirements.,True,0.9441788792610168,0.1,2.0227502318448387e-05,0.9999277972474374,True,0.7762330770492554,Normal,0.9999480247497559,Scratch,2.0227502318448387e-05,Center,1.6101645087474026e-05,0.0179010467036278,0.9999480247497559,1.6101645087474026e-05,7.144340999874765e-13,8.320816959894728e-06,2.1757077206530084e-07,7.091108273016289e-06,1.642697750828953e-14,7.671838424955224e-13,2.0227502318448387e-05,29,27,592,42,0.07094594594594594,"{'source_height': 29, 'source_width': 27, 'resized_height': 96, 'resized_width': 89, 'padding_top': 0, 'padding_bottom': 0, 'padding_left': 3, 'padding_right': 4, 'scale': 3.310344827586207}"
record_000677024:0,artifacts/input_files/record_000677024.npy,0,0,Normal,False,0.9929063320159912,0.04710515961050987,AUTO_ACCEPT,Production-enabled class meets the frozen confidence and probability-margin requirements.,True,0.9441788792610168,0.1,0.005646863486617804,0.9872594685293734,True,0.7762330770492554,Normal,0.9929063320159912,Scratch,0.005646863486617804,Center,0.0008738221367821097,0.0179010467036278,0.9929063320159912,0.0008738221367821097,3.2660547599761003e-09,0.0001711471559247002,4.386601631267695e-06,0.00039746181573718786,3.834038555389219e-12,5.136224223711849e-10,0.005646863486617804,29,27,592,37,0.0625,"{'source_height': 29, 'source_width': 27, 'resized_height': 96, 'resized_width': 89, 'padding_top': 0, 'padding_bottom': 0, 'padding_left': 3, 'padding_right': 4, 'scale': 3.310344827586207}"
record_000677032:0,artifacts/input_files/record_000677032.npy,0,0,Normal,False,0.9989007711410522,0.009033281356096268,AUTO_ACCEPT,Production-enabled class meets the frozen confidence and probability-margin requirements.,True,0.9441788792610168,0.1,0.0009989060927182436,0.997901865048334,True,0.7762330770492554,Normal,0.9989007711410522,Scratch,0.0009989060927182436,Loc,4.6989385737106204e-05,0.0179010467036278,0.9989007711410522,1.3564082109951414e-05,3.477461374412627e-11,3.6719302443088964e-05,2.993472890011617e-06,4.6989385737106204e-05,3.238570503894152e-14,8.587101515966644e-12,0.0009989060927182436,29,27,592,43,0.07263513513513513,"{'source_height': 29, 'source_width': 27, 'resized_height': 96, 'resized_width': 89, 'padding_top': 0, 'padding_bottom': 0, 'padding_left': 3, 'padding_right': 4, 'scale': 3.310344827586207}"
record_000677035:0,artifacts/input_files/record_000677035.npy,0,0,Normal,False,0.9999642372131348,0.0004419148026499897,AUTO_ACCEPT,Production-enabled class meets the frozen confidence and probability-margin requirements.,True,0.9441788792610168,0.1,2.192276770074386e-05,0.999942314445434,True,0.7762330770492554,Normal,0.9999642372131348,Scratch,2.192276770074386e-05,Center,5.474965746543603e-06,0.0179010467036278,0.9999642372131348,5.474965746543603e-06,1.8085080416736787e-13,4.531800186668988e-06,1.71914479096813e-07,3.692970267366036e-06,1.431459528717521e-15,1.2201364593157626e-13,2.192276770074386e-05,29,27,592,42,0.07094594594594594,"{'source_height': 29, 'source_width': 27, 'resized_height': 96, 'resized_width': 89, 'padding_top': 0, 'padding_bottom': 0, 'padding_left': 3, 'padding_right': 4, 'scale': 3.310344827586207}"
record_000677234:0,artifacts/input_files/record_000677234.npy,0,0,Normal,False,0.9999974966049194,3.841919169644825e-05,AUTO_ACCEPT,Production-enabled class meets the frozen confidence and probability-margin requirements.,True,0.9441788792610168,0.1,9.78250341177045e-07,0.9999965183545783,True,0.7762330770492554,Normal,0.9999974966049194,Scratch,9.78250341177045e-07,Edge-Loc,9.368446853841306e-07,0.0179010467036278,0.9999974966049194,1.275689953672554e-07,3.658674377068021e-16,9.368446853841306e-07,3.957744709737199e-08,4.5728057784799603e-07,5.491309633965954e-18,7.983357525672297e-16,9.78250341177045e-07,29,27,592,76,0.12837837837837837,"{'source_height': 29, 'source_width': 27, 'resized_height': 96, 'resized_width': 89, 'padding_top': 0, 'padding_bottom': 0, 'padding_left': 3, 'padding_right': 4, 'scale': 3.310344827586207}"
record_000677236:0,artifacts/input_files/record_000677236.npy,0,0,Normal,False,0.9996650218963623,0.003373369574546814,AUTO_ACCEPT,Production-enabled class meets the frozen confidence and probability-margin requirements.,True,0.9441788792610168,0.1,0.00021241542708594352,0.9994526064692764,True,0.7762330770492554,Normal,0.9996650218963623,Scratch,0.00021241542708594352,Loc,5.395354673964903e-05,0.0179010467036278,0.9996650218963623,2.8195043341838755e-05,9.967051489701007e-11,3.8677011616528034e-05,1.7731256320985267e-06,5.395354673964903e-05,1.164356480155837e-12,5.575078246278231e-11,0.00021241542708594352,29,27,592,23,0.03885135135135135,"{'source_height': 29, 'source_width': 27, 'resized_height': 96, 'resized_width': 89, 'padding_top': 0, 'padding_bottom': 0, 'padding_left': 3, 'padding_right': 4, 'scale': 3.310344827586207}"
record_000677238:0,artifacts/input_files/record_000677238.npy,0,0,Normal,False,0.9998923540115356,0.0012210418935865164,AUTO_ACCEPT,Production-enabled class meets the frozen confidence and probability-margin requirements.,True,0.9441788792610168,0.1,4.7202927817124873e-05,0.9998451510837185,True,0.7762330770492554,Normal,0.9998923540115356,Scratch,4.7202927817124873e-05,Center,3.8192210922716185e-05,0.0179010467036278,0.9998923540115356,3.8192210922716185e-05,7.185517805763375e-12,1.1751912097679451e-05,2.621416967940604e-07,1.020776471705176e-05,2.703989376157123e-13,6.5428383197452256e-12,4.7202927817124873e-05,29,27,592,25,0.04222972972972973,"{'source_height': 29, 'source_width': 27, 'resized_height': 96, 'resized_width': 89, 'padding_top': 0, 'padding_bottom': 0, 'padding_left': 3, 'padding_right': 4, 'scale': 3.310344827586207}"
record_000677240:0,artifacts/input_files/record_000677240.npy,0,0,Normal,False,0.99333655834198,0.04662899300456047,AUTO_ACCEPT,Production-enabled class meets the frozen confidence and probability-margin requirements.,True,0.9441788792610168,0.1,0.003342980984598398,0.9899935773573816,True,0.7762330770492554,Normal,0.99333655834198,Scratch,0.003342980984598398,Loc,0.002727180253714323,0.0179010467036278,0.99333655834198,0.00021787924924865365,4.425189104040328e-09,0.0003698844520840794,5.544957730307942e-06,0.002727180253714323,4.700171241794893e-12,1.1784505593581684e-09,0.003342980984598398,29,27,592,28,0.0472972972972973,"{'source_height': 29, 'source_width': 27, 'resized_height': 96, 'resized_width': 89, 'padding_top': 0, 'padding_bottom': 0, 'padding_left': 3, 'padding_right': 4, 'scale': 3.310344827586207}"
record_000677257:0,artifacts/input_files/record_000677257.npy,0,0,Normal,False,0.999991774559021,0.00011459909001132473,AUTO_ACCEPT,Production-enabled class meets the frozen confidence and probability-margin requirements.,True,0.9441788792610168,0.1,4.8743622755864635e-06,0.9999869001967454,True,0.7762330770492554,Normal,0.999991774559021,Scratch,4.8743622755864635e-06,Edge-Loc,1.8321600236959057e-06,0.0179010467036278,0.999991774559021,8.379013820558612e-07,2.665832405355801e-14,1.8321600236959057e-06,1.512071179377017e-07,5.891415639780462e-07,9.145652959521096e-16,2.9597980696124265e-14,4.8743622755864635e-06,29,27,592,39,0.06587837837837837,"{'source_height': 29, 'source_width': 27, 'resized_height': 96, 'resized_width': 89, 'padding_top': 0, 'padding_bottom': 0, 'padding_left': 3, 'padding_right': 4, 'scale': 3.310344827586207}"
record_000677318:0,artifacts/input_files/record_000677318.npy,0,0,Normal,False,0.9806661009788513,0.11619679629802704,AUTO_ACCEPT,Production-enabled class meets the frozen confidence and probability-margin requirements.,True,0.9441788792610168,0.1,0.009002028964459896,0.9716640720143914,True,0.7762330770492554,Normal,0.9806661009788513,Loc,0.009002028964459896,Scratch,0.006999824196100235,0.0179010467036278,0.9806661009788513,0.00021850243501830846,3.5887126603739716e-09,0.003097119741141796,1.6500485799042508e-05,0.009002028964459896,1.4539520629130998e-11,4.596463654138461e-09,0.006999824196100235,29,27,592,34,0.057432432432432436,"{'source_height': 29, 'source_width': 27, 'resized_height': 96, 'resized_width': 89, 'padding_top': 0, 'padding_bottom': 0, 'padding_left': 3, 'padding_right': 4, 'scale': 3.310344827586207}"
record_000677330:0,artifacts/input_files/record_000677330.npy,0,0,Normal,False,0.9997743964195251,0.002312715630978346,AUTO_ACCEPT,Production-enabled class meets the frozen confidence and probability-margin requirements.,True,0.9441788792610168,0.1,0.00016637601947877556,0.9996080204000464,True,0.7762330770492554,Normal,0.9997743964195251,Scratch,0.00016637601947877556,Loc,3.2281404855893925e-05,0.0179010467036278,0.9997743964195251,9.533324373478536e-06,2.3577900049032152e-11,1.605094257683959e-05,1.3481419500749325e-06,3.2281404855893925e-05,1.148373117518947e-13,1.0308951609028227e-11,0.00016637601947877556,29,27,592,24,0.04054054054054054,"{'source_height': 29, 'source_width': 27, 'resized_height': 96, 'resized_width': 89, 'padding_top': 0, 'padding_bottom': 0, 'padding_left': 3, 'padding_right': 4, 'scale': 3.310344827586207}"
record_000677547:0,artifacts/input_files/record_000677547.npy,0,0,Normal,False,0.991081714630127,0.06125248968601227,AUTO_ACCEPT,Production-enabled class meets the frozen confidence and probability-margin requirements.,True,0.9441788792610168,0.1,0.003649192862212658,0.9874325217679143,True,0.7762330770492554,Normal,0.991081714630127,Scratch,0.003649192862212658,Loc,0.0033603596966713667,0.0179010467036278,0.991081714630127,0.00025235614157281816,1.5618918380866376e-09,0.001647699624300003,8.646334208606277e-06,0.0033603596966713667,1.0250631940489363e-11,1.7555163989158018e-09,0.003649192862212658,29,27,592,39,0.06587837837837837,"{'source_height': 29, 'source_width': 27, 'resized_height': 96, 'resized_width': 89, 'padding_top': 0, 'padding_bottom': 0, 'padding_left': 3, 'padding_right': 4, 'scale': 3.310344827586207}"
record_000677550:0,artifacts/input_files/record_000677550.npy,0,0,Normal,False,0.9999310970306396,0.0008117342367768288,AUTO_ACCEPT,Production-enabled class meets the frozen confidence and probability-margin requirements.,True,0.9441788792610168,0.1,3.8062167732277885e-05,0.9998930348629074,True,0.7762330770492554,Normal,0.9999310970306396,Scratch,3.8062167732277885e-05,Edge-Loc,1.705160320852883e-05,0.0179010467036278,0.9999310970306396,5.792122465209104e-06,1.888465295599162e-12,1.705160320852883e-05,1.1228584071432124e-06,6.9972893470549025e-06,7.56588666500288e-14,2.356687978447014e-12,3.8062167732277885e-05,29,27,592,31,0.052364864864864864,"{'source_height': 29, 'source_width': 27, 'resized_height': 96, 'resized_width': 89, 'padding_top': 0, 'padding_bottom': 0, 'padding_left': 3, 'padding_right': 4, 'scale': 3.310344827586207}"
record_000677564:0,artifacts/input_files/record_000677564.npy,0,0,Normal,False,0.9998306035995483,0.0018159945029765368,AUTO_ACCEPT,Production-enabled class meets the frozen confidence and probability-margin requirements.,True,0.9441788792610168,0.1,0.00011121327406726778,0.9997193903254811,True,0.7762330770492554,Normal,0.9998306035995483,Scratch,0.00011121327406726778,Center,2.258504173369147e-05,0.0179010467036278,0.9998306035995483,2.258504173369147e-05,8.038633127205319e-12,2.2113234081189148e-05,1.0001880355048343e-06,1.2550583960546646e-05,1.9507916874765552e-13,7.028357496691173e-12,0.00011121327406726778,29,27,592,28,0.0472972972972973,"{'source_height': 29, 'source_width': 27, 'resized_height': 96, 'resized_width': 89, 'padding_top': 0, 'padding_bottom': 0, 'padding_left': 3, 'padding_right': 4, 'scale': 3.310344827586207}"
record_000677620:0,artifacts/input_files/record_000677620.npy,0,0,Normal,False,0.9999752044677734,0.0003138544852845371,AUTO_ACCEPT,Production-enabled class meets the frozen confidence and probability-margin requirements.,True,0.9441788792610168,0.1,1.642975621507503e-05,0.9999587747115584,True,0.7762330770492554,Normal,0.9999752044677734,Scratch,1.642975621507503e-05,Edge-Loc,3.79867651645327e-06,0.0179010467036278,0.9999752044677734,2.3381082883133786e-06,1.9757450070521237e-13,3.79867651645327e-06,2.570226342868409e-07,2.0157021936029196e-06,3.546708003446231e-15,1.8263733895466233e-13,1.642975621507503e-05,29,27,592,40,0.06756756756756757,"{'source_height': 29, 'source_width': 27, 'resized_height': 96, 'resized_width': 89, 'padding_top': 0, 'padding_bottom': 0, 'padding_left': 3, 'padding_right': 4, 'scale': 3.310344827586207}"
record_000677634:0,artifacts/input_files/record_000677634.npy,0,0,Normal,False,0.9999263286590576,0.0008578551351092756,AUTO_ACCEPT,Production-enabled class meets the frozen confidence and probability-margin requirements.,True,0.9441788792610168,0.1,4.494401582633145e-05,0.9998813846432313,True,0.7762330770492554,Normal,0.9999263286590576,Scratch,4.494401582633145e-05,Edge-Loc,1.0389217095507775e-05,0.0179010467036278,0.9999263286590576,8.575309948355425e-06,4.120167748644654e-12,1.0389217095507775e-05,4.168594500697509e-07,9.410119673702866e-06,8.33547843920833e-14,3.2224056322610606e-12,4.494401582633145e-05,29,27,592,29,0.048986486486486486,"{'source_height': 29, 'source_width': 27, 'resized_height': 96, 'resized_width': 89, 'padding_top': 0, 'padding_bottom': 0, 'padding_left': 3, 'padding_right': 4, 'scale': 3.310344827586207}"
record_000677705:0,artifacts/input_files/record_000677705.npy,0,0,Normal,False,0.9996896982192993,0.0031755883246660233,AUTO_ACCEPT,Production-enabled class meets the frozen confidence and probability-margin requirements.,True,0.9441788792610168,0.1,0.00016937122563831508,0.999520326993661,True,0.7762330770492554,Normal,0.9996896982192993,Scratch,0.00016937122563831508,Center,7.758395804557949e-05,0.0179010467036278,0.9996896982192993,7.758395804557949e-05,2.801684231834578e-11,2.6162832000409253e-05,9.247636398868053e-07,3.633572850958444e-05,3.7379181781066473e-13,1.7133768362431745e-11,0.00016937122563831508,29,27,592,33,0.05574324324324324,"{'source_height': 29, 'source_width': 27, 'resized_height': 96, 'resized_width': 89, 'padding_top': 0, 'padding_bottom': 0, 'padding_left': 3, 'padding_right': 4, 'scale': 3.310344827586207}"
record_000677707:0,artifacts/input_files/record_000677707.npy,0,0,Normal,False,0.9999531507492065,0.0005585438339039683,AUTO_ACCEPT,Production-enabled class meets the frozen confidence and probability-margin requirements.,True,0.9441788792610168,0.1,3.292781548225321e-05,0.9999202229337243,True,0.7762330770492554,Normal,0.9999531507492065,Scratch,3.292781548225321e-05,Edge-Loc,5.552956281462684e-06,0.0179010467036278,0.9999531507492065,2.5505364646960516e-06,7.706342074892403e-13,5.552956281462684e-06,3.7809573427693977e-07,5.46351930097444e-06,7.871904930472576e-15,5.058774037690339e-13,3.292781548225321e-05,29,27,592,29,0.048986486486486486,"{'source_height': 29, 'source_width': 27, 'resized_height': 96, 'resized_width': 89, 'padding_top': 0, 'padding_bottom': 0, 'padding_left': 3, 'padding_right': 4, 'scale': 3.310344827586207}"
record_000678234:0,artifacts/input_files/record_000678234.npy,0,0,Normal,False,0.9999864101409912,0.00018062666640616953,AUTO_ACCEPT,Production-enabled class meets the frozen confidence and probability-margin requirements.,True,0.9441788792610168,0.1,7.510812793043442e-06,0.9999788993281982,True,0.7762330770492554,Normal,0.9999864101409912,Scratch,7.510812793043442e-06,Edge-Loc,3.1805118396732723e-06,0.0179010467036278,0.9999864101409912,1.8051521522011171e-07,3.189411573018687e-17,3.1805118396732723e-06,2.1867384347729057e-08,2.72930765277124e-06,1.992897330814313e-20,7.148840284307067e-17,7.510812793043442e-06,26,26,533,74,0.13883677298311445,"{'source_height': 26, 'source_width': 26, 'resized_height': 96, 'resized_width': 96, 'padding_top': 0, 'padding_bottom': 0, 'padding_left': 0, 'padding_right': 0, 'scale': 3.6923076923076925}"
record_000678747:0,artifacts/input_files/record_000678747.npy,0,3,Edge-Loc,True,0.6412919759750366,0.6817578673362732,ABSTAIN,Confidence is below the frozen abstain threshold.,False,,,0.3540305495262146,0.287261426448822,True,0.7762330770492554,Edge-Loc,0.6412919759750366,Loc,0.3540305495262146,Normal,0.0031457399018108845,0.0179010467036278,0.0031457399018108845,0.0010702902218326926,1.8573994111648062e-06,0.6412919759750366,2.617029895191081e-05,0.3540305495262146,8.366312158614164e-07,3.722203473444097e-05,0.00039536008262075484,26,26,533,120,0.225140712945591,"{'source_height': 26, 'source_width': 26, 'resized_height': 96, 'resized_width': 96, 'padding_top': 0, 'padding_bottom': 0, 'padding_left': 0, 'padding_right': 0, 'scale': 3.6923076923076925}"
record_000678767:0,artifacts/input_files/record_000678767.npy,0,0,Normal,False,0.999281108379364,0.0064514800906181335,AUTO_ACCEPT,Production-enabled class meets the frozen confidence and probability-margin requirements.,True,0.9441788792610168,0.1,0.0005548237240873277,0.9987262846552767,True,0.7762330770492554,Normal,0.999281108379364,Scratch,0.0005548237240873277,Edge-Loc,0.00010976577323162928,0.0179010467036278,0.999281108379364,9.232055163010955e-06,3.1661199812078877e-13,0.00010976577323162928,4.563931270240573e-06,4.048726987093687e-05,1.8553225711689963e-16,5.632475280452354e-13,0.0005548237240873277,26,26,533,76,0.1425891181988743,"{'source_height': 26, 'source_width': 26, 'resized_height': 96, 'resized_width': 96, 'padding_top': 0, 'padding_bottom': 0, 'padding_left': 0, 'padding_right': 0, 'scale': 3.6923076923076925}"
record_000678786:0,artifacts/input_files/record_000678786.npy,0,0,Normal,False,0.9999581575393677,0.0005017055664211512,AUTO_ACCEPT,Production-enabled class meets the frozen confidence and probability-margin requirements.,True,0.9441788792610168,0.1,2.6388646801933646e-05,0.9999317688925657,True,0.7762330770492554,Normal,0.9999581575393677,Scratch,2.6388646801933646e-05,Edge-Loc,1.1314470611978322e-05,0.0179010467036278,0.9999581575393677,4.0528703948439215e-08,7.57582694604e-17,1.1314470611978322e-05,4.595520408656739e-07,3.623727479862282e-06,4.586680953689593e-20,2.2963248488521294e-16,2.6388646801933646e-05,26,26,533,69,0.1294559099437148,"{'source_height': 26, 'source_width': 26, 'resized_height': 96, 'resized_width': 96, 'padding_top': 0, 'padding_bottom': 0, 'padding_left': 0, 'padding_right': 0, 'scale': 3.6923076923076925}"
record_000678854:0,artifacts/input_files/record_000678854.npy,0,0,Normal,False,0.9986383318901062,0.0119457533583045,AUTO_ACCEPT,Production-enabled class meets the frozen confidence and probability-margin requirements.,True,0.9441788792610168,0.1,0.0005038997624069452,0.9981344321276993,True,0.7762330770492554,Normal,0.9986383318901062,Scratch,0.0005038997624069452,Center,0.0004755625268444419,0.0179010467036278,0.9986383318901062,0.0004755625268444419,1.988776981640128e-12,3.239652869524434e-05,1.571945347222936e-07,0.0003496820281725377,3.7285225667831826e-16,2.6404113270817042e-12,0.0005038997624069452,26,26,533,72,0.1350844277673546,"{'source_height': 26, 'source_width': 26, 'resized_height': 96, 'resized_width': 96, 'padding_top': 0, 'padding_bottom': 0, 'padding_left': 0, 'padding_right': 0, 'scale': 3.6923076923076925}"
record_000679280:0,artifacts/input_files/record_000679280.npy,0,0,Normal,False,0.9999555349349976,0.0005370667786337435,AUTO_ACCEPT,Production-enabled class meets the frozen confidence and probability-margin requirements.,True,0.9441788792610168,0.1,2.7620411856332794e-05,0.9999279145231412,True,0.7762330770492554,Normal,0.9999555349349976,Edge-Loc,2.7620411856332794e-05,Scratch,1.0999000551237259e-05,0.0179010467036278,0.9999555349349976,1.016465034808789e-06,1.3534186521068498e-13,2.7620411856332794e-05,1.7860623984233825e-06,3.108772489213152e-06,1.3181858762086746e-14,4.3018282620994885e-13,1.0999000551237259e-05,35,31,845,119,0.1408284023668639,"{'source_height': 35, 'source_width': 31, 'resized_height': 96, 'resized_width': 85, 'padding_top': 0, 'padding_bottom': 0, 'padding_left': 5, 'padding_right': 6, 'scale': 2.742857142857143}"
record_000679294:0,artifacts/input_files/record_000679294.npy,0,0,Normal,False,0.9999358654022217,0.0007606204599142075,AUTO_ACCEPT,Production-enabled class meets the frozen confidence and probability-margin requirements.,True,0.9441788792610168,0.1,3.0290060749393888e-05,0.9999055753414723,True,0.7762330770492554,Normal,0.9999358654022217,Edge-Loc,3.0290060749393888e-05,Scratch,2.1626610759994946e-05,0.0179010467036278,0.9999358654022217,3.141114120808197e-06,5.013760673994172e-13,3.0290060749393888e-05,1.152273057414277e-06,7.960858965816442e-06,3.1216098228450256e-14,1.2178983949812094e-12,2.1626610759994946e-05,35,31,843,98,0.1162514827995255,"{'source_height': 35, 'source_width': 31, 'resized_height': 96, 'resized_width': 85, 'padding_top': 0, 'padding_bottom': 0, 'padding_left': 5, 'padding_right': 6, 'scale': 2.742857142857143}"
record_000679382:0,artifacts/input_files/record_000679382.npy,0,0,Normal,False,0.9999843835830688,0.00020792327995877713,AUTO_ACCEPT,Production-enabled class meets the frozen confidence and probability-margin requirements.,True,0.9441788792610168,0.1,8.09538960311329e-06,0.9999762881934657,True,0.7762330770492554,Normal,0.9999843835830688,Edge-Loc,8.09538960311329e-06,Scratch,4.159851414442528e-06,0.0179010467036278,0.9999843835830688,8.090963206086599e-07,9.277133098187229e-14,8.09538960311329e-06,7.27243161691149e-07,1.8340381302550668e-06,5.653143629754352e-15,1.9111985214911864e-13,4.159851414442528e-06,35,31,845,105,0.1242603550295858,"{'source_height': 35, 'source_width': 31, 'resized_height': 96, 'resized_width': 85, 'padding_top': 0, 'padding_bottom': 0, 'padding_left': 5, 'padding_right': 6, 'scale': 2.742857142857143}"
record_000679767:0,artifacts/input_files/record_000679767.npy,0,0,Normal,False,0.9999173879623413,0.0009495238191448152,AUTO_ACCEPT,Production-enabled class meets the frozen confidence and probability-margin requirements.,True,0.9441788792610168,0.1,4.6683540858794004e-05,0.9998707044214825,True,0.7762330770492554,Normal,0.9999173879623413,Edge-Loc,4.6683540858794004e-05,Scratch,2.5175932023557834e-05,0.0179010467036278,0.9999173879623413,1.519537022431905e-06,4.641318254207383e-13,4.6683540858794004e-05,4.4661001084023155e-06,4.854915005125804e-06,5.604456853572533e-14,1.5448635209622252e-12,2.5175932023557834e-05,35,31,845,94,0.11124260355029586,"{'source_height': 35, 'source_width': 31, 'resized_height': 96, 'resized_width': 85, 'padding_top': 0, 'padding_bottom': 0, 'padding_left': 5, 'padding_right': 6, 'scale': 2.742857142857143}"
record_000680686:0,artifacts/input_files/record_000680686.npy,0,5,Loc,True,0.6092150211334229,1.1058968305587769,ABSTAIN,Confidence is below the frozen abstain threshold.,False,,,0.20766155421733856,0.4015534669160843,True,0.7762330770492554,Loc,0.6092150211334229,Normal,0.20766155421733856,Scratch,0.11934399604797363,0.0179010467036278,0.20766155421733856,0.033042293041944504,0.0003313077031634748,0.030009815469384193,8.544700540369377e-05,0.6092150211334229,2.546100404288154e-06,0.00030802280525676906,0.11934399604797363,35,31,844,140,0.16587677725118483,"{'source_height': 35, 'source_width': 31, 'resized_height': 96, 'resized_width': 85, 'padding_top': 0, 'padding_bottom': 0, 'padding_left': 5, 'padding_right': 6, 'scale': 2.742857142857143}"
record_000680902:0,artifacts/input_files/record_000680902.npy,0,0,Normal,False,0.9999611377716064,0.0004865959344897419,AUTO_ACCEPT,Production-enabled class meets the frozen confidence and probability-margin requirements.,True,0.9441788792610168,0.1,1.3116134141455404e-05,0.999948021637465,True,0.7762330770492554,Normal,0.9999611377716064,Scratch,1.3116134141455404e-05,Center,1.017810882331105e-05,0.0179010467036278,0.9999611377716064,1.017810882331105e-05,1.2813255231142184e-12,1.0106879017257597e-05,3.30227010181261e-07,5.096117547509493e-06,8.913955185964328e-14,1.6455181401503483e-12,1.3116134141455404e-05,35,31,845,81,0.09585798816568047,"{'source_height': 35, 'source_width': 31, 'resized_height': 96, 'resized_width': 85, 'padding_top': 0, 'padding_bottom': 0, 'padding_left': 5, 'padding_right': 6, 'scale': 2.742857142857143}"
record_000681008:0,artifacts/input_files/record_000681008.npy,0,0,Normal,False,0.9999220371246338,0.0009153061546385288,AUTO_ACCEPT,Production-enabled class meets the frozen confidence and probability-margin requirements.,True,0.9441788792610168,0.1,3.607296457630582e-05,0.9998859641600575,True,0.7762330770492554,Normal,0.9999220371246338,Scratch,3.607296457630582e-05,Edge-Loc,2.0068631783942692e-05,0.0179010467036278,0.9999220371246338,1.2705769222520757e-05,5.905828777408306e-12,2.0068631783942692e-05,7.450749421877845e-07,8.337090548593551e-06,2.871021291799697e-13,5.98934270235052e-12,3.607296457630582e-05,35,31,845,85,0.10059171597633136,"{'source_height': 35, 'source_width': 31, 'resized_height': 96, 'resized_width': 85, 'padding_top': 0, 'padding_bottom': 0, 'padding_left': 5, 'padding_right': 6, 'scale': 2.742857142857143}"
record_000681009:0,artifacts/input_files/record_000681009.npy,0,8,Scratch,True,0.9087035059928894,0.3577854335308075,ENGINEER_REVIEW,Class is review-only or confidence does not meet its production auto-accept threshold.,False,,,0.0766366645693779,0.8320668414235115,True,0.7762330770492554,Scratch,0.9087035059928894,Normal,0.0766366645693779,Loc,0.008545304648578167,0.0179010467036278,0.0766366645693779,0.00012668350245803595,2.9400616767816246e-05,0.005634751170873642,0.0003218076017219573,0.008545304648578167,2.8560422915546724e-09,1.9527433323673904e-06,0.9087035059928894,35,31,845,83,0.09822485207100591,"{'source_height': 35, 'source_width': 31, 'resized_height': 96, 'resized_width': 85, 'padding_top': 0, 'padding_bottom': 0, 'padding_left': 5, 'padding_right': 6, 'scale': 2.742857142857143}"
record_000681013:0,artifacts/input_files/record_000681013.npy,0,0,Normal,False,0.9999164342880249,0.0009783082641661167,AUTO_ACCEPT,Production-enabled class meets the frozen confidence and probability-margin requirements.,True,0.9441788792610168,0.1,3.78122967958916e-05,0.999878621991229,True,0.7762330770492554,Normal,0.9999164342880249,Edge-Loc,3.78122967958916e-05,Scratch,2.2792308300267905e-05,0.0179010467036278,0.9999164342880249,1.194833566842135e-05,2.8377586738792537e-12,3.78122967958916e-05,2.1181231204536743e-06,8.850151061778888e-06,2.284049956547546e-13,5.001497913742492e-12,2.2792308300267905e-05,35,31,845,114,0.1349112426035503,"{'source_height': 35, 'source_width': 31, 'resized_height': 96, 'resized_width': 85, 'padding_top': 0, 'padding_bottom': 0, 'padding_left': 5, 'padding_right': 6, 'scale': 2.742857142857143}"
record_000681924:0,artifacts/input_files/record_000681924.npy,0,0,Normal,False,0.9998947381973267,0.0012107279617339373,AUTO_ACCEPT,Production-enabled class meets the frozen confidence and probability-margin requirements.,True,0.9441788792610168,0.1,4.482501026359387e-05,0.9998499131870631,True,0.7762330770492554,Normal,0.9998947381973267,Edge-Loc,4.482501026359387e-05,Scratch,2.6837318728212267e-05,0.0179010467036278,0.9998947381973267,2.0248735381755978e-05,4.258328065165351e-12,4.482501026359387e-05,1.4666861716250423e-06,1.1967371392529458e-05,5.279616262406084e-13,8.129320133720697e-12,2.6837318728212267e-05,35,31,845,76,0.08994082840236686,"{'source_height': 35, 'source_width': 31, 'resized_height': 96, 'resized_width': 85, 'padding_top': 0, 'padding_bottom': 0, 'padding_left': 5, 'padding_right': 6, 'scale': 2.742857142857143}"
record_000681953:0,artifacts/input_files/record_000681953.npy,0,0,Normal,False,0.9994381070137024,0.0051435669884085655,AUTO_ACCEPT,Production-enabled class meets the frozen confidence and probability-margin requirements.,True,0.9441788792610168,0.1,0.000447674683528021,0.9989904323301744,True,0.7762330770492554,Normal,0.9994381070137024,Edge-Loc,0.000447674683528021,Edge-Ring,8.366718975594267e-05,0.0179010467036278,0.9994381070137024,3.231185928598279e-06,1.376980560824359e-12,0.000447674683528021,8.366718975594267e-05,7.078750513755949e-06,2.029808179176973e-12,2.0760870453329083e-11,2.0295638023526408e-05,35,31,844,123,0.1457345971563981,"{'source_height': 35, 'source_width': 31, 'resized_height': 96, 'resized_width': 85, 'padding_top': 0, 'padding_bottom': 0, 'padding_left': 5, 'padding_right': 6, 'scale': 2.742857142857143}"
record_000681976:0,artifacts/input_files/record_000681976.npy,0,0,Normal,False,0.9324267506599426,0.305586576461792,ENGINEER_REVIEW,Class is review-only or confidence does not meet its production auto-accept threshold.,True,0.9441788792610168,0.1,0.048475176095962524,0.8839515745639801,True,0.7762330770492554,Normal,0.9324267506599426,Scratch,0.048475176095962524,Center,0.01018704753369093,0.0179010467036278,0.9324267506599426,0.01018704753369093,5.48857258308999e-07,0.0018871703650802374,3.749072857317515e-05,0.006985694635659456,3.886677923947701e-10,9.250843646668727e-08,0.048475176095962524,35,31,845,98,0.11597633136094675,"{'source_height': 35, 'source_width': 31, 'resized_height': 96, 'resized_width': 85, 'padding_top': 0, 'padding_bottom': 0, 'padding_left': 5, 'padding_right': 6, 'scale': 2.742857142857143}"
record_000682396:0,artifacts/input_files/record_000682396.npy,0,0,Normal,False,0.9999788999557495,0.0002740212657954544,AUTO_ACCEPT,Production-enabled class meets the frozen confidence and probability-margin requirements.,True,0.9441788792610168,0.1,1.1333951988490298e-05,0.999967566003761,True,0.7762330770492554,Normal,0.9999788999557495,Scratch,1.1333951988490298e-05,Edge-Loc,4.711146175395697e-06,0.0179010467036278,0.9999788999557495,2.3103966668713838e-06,3.7780621187956387e-13,4.711146175395697e-06,2.4197294123950996e-07,2.512589844627655e-06,1.3288623029923414e-14,4.2184162521614887e-13,1.1333951988490298e-05,35,31,845,87,0.10295857988165681,"{'source_height': 35, 'source_width': 31, 'resized_height': 96, 'resized_width': 85, 'padding_top': 0, 'padding_bottom': 0, 'padding_left': 5, 'padding_right': 6, 'scale': 2.742857142857143}"
record_000682655:0,artifacts/input_files/record_000682655.npy,0,0,Normal,False,0.9999810457229614,0.00024531391682103276,AUTO_ACCEPT,Production-enabled class meets the frozen confidence and probability-margin requirements.,True,0.9441788792610168,0.1,9.629336091165897e-06,0.9999714163868703,True,0.7762330770492554,Normal,0.9999810457229614,Edge-Loc,9.629336091165897e-06,Scratch,6.870739980513463e-06,0.0179010467036278,0.9999810457229614,4.7086430754461617e-07,9.001422518603239e-14,9.629336091165897e-06,8.45044041852816e-07,1.0751899708338897e-06,1.3493052737677345e-14,2.423269647010978e-13,6.870739980513463e-06,35,31,845,80,0.09467455621301775,"{'source_height': 35, 'source_width': 31, 'resized_height': 96, 'resized_width': 85, 'padding_top': 0, 'padding_bottom': 0, 'padding_left': 5, 'padding_right': 6, 'scale': 2.742857142857143}"
record_000683446:0,artifacts/input_files/record_000683446.npy,0,0,Normal,False,0.9999657869338989,0.00042757001938298345,AUTO_ACCEPT,Production-enabled class meets the frozen confidence and probability-margin requirements.,True,0.9441788792610168,0.1,1.661252463236451e-05,0.9999491744092666,True,0.7762330770492554,Normal,0.9999657869338989,Scratch,1.661252463236451e-05,Edge-Loc,1.1626590094238054e-05,0.0179010467036278,0.9999657869338989,1.8111200006387662e-06,7.827350421464596e-13,1.1626590094238054e-05,8.723569067115022e-07,3.3567162063263822e-06,4.2331894554385047e-14,1.0708845919402132e-12,1.661252463236451e-05,35,31,845,73,0.0863905325443787,"{'source_height': 35, 'source_width': 31, 'resized_height': 96, 'resized_width': 85, 'padding_top': 0, 'padding_bottom': 0, 'padding_left': 5, 'padding_right': 6, 'scale': 2.742857142857143}"
record_000683582:0,artifacts/input_files/record_000683582.npy,0,0,Normal,False,0.9999475479125977,0.0006306958384811878,AUTO_ACCEPT,Production-enabled class meets the frozen confidence and probability-margin requirements.,True,0.9441788792610168,0.1,2.5277664462919347e-05,0.9999222702481347,True,0.7762330770492554,Normal,0.9999475479125977,Center,2.5277664462919347e-05,Scratch,1.8169041140936315e-05,0.0179010467036278,0.9999475479125977,2.5277664462919347e-05,2.70370184574098e-12,4.769104180013528e-06,1.6214912079703936e-07,4.144330887356773e-06,8.54919704907503e-14,1.7332724882093697e-12,1.8169041140936315e-05,35,31,841,71,0.08442330558858502,"{'source_height': 35, 'source_width': 31, 'resized_height': 96, 'resized_width': 85, 'padding_top': 0, 'padding_bottom': 0, 'padding_left': 5, 'padding_right': 6, 'scale': 2.742857142857143}"
record_000683588:0,artifacts/input_files/record_000683588.npy,0,0,Normal,False,0.9999098777770996,0.0010071813594549894,AUTO_ACCEPT,Production-enabled class meets the frozen confidence and probability-margin requirements.,True,0.9441788792610168,0.1,6.727843720000237e-05,0.9998425993398996,True,0.7762330770492554,Normal,0.9999098777770996,Scratch,6.727843720000237e-05,Center,9.295396012021229e-06,0.0179010467036278,0.9999098777770996,9.295396012021229e-06,4.135673574434673e-12,6.711843980156118e-06,3.9210056002048077e-07,6.470538664871128e-06,2.7699026002004322e-14,1.597281009714513e-12,6.727843720000237e-05,35,31,841,67,0.07966706302021404,"{'source_height': 35, 'source_width': 31, 'resized_height': 96, 'resized_width': 85, 'padding_top': 0, 'padding_bottom': 0, 'padding_left': 5, 'padding_right': 6, 'scale': 2.742857142857143}"
record_000683601:0,artifacts/input_files/record_000683601.npy,0,0,Normal,False,0.9098082780838013,0.3705998957157135,ENGINEER_REVIEW,Class is review-only or confidence does not meet its production auto-accept threshold.,True,0.9441788792610168,0.1,0.06897124648094177,0.8408370316028595,True,0.7762330770492554,Normal,0.9098082780838013,Loc,0.06897124648094177,Center,0.010987597517669201,0.0179010467036278,0.9098082780838013,0.010987597517669201,2.8077272418158827e-06,0.001170540344901383,5.301287274050992e-06,0.06897124648094177,8.303571163992274e-10,6.942842105672753e-07,0.009053551591932774,35,31,839,143,0.17044100119189512,"{'source_height': 35, 'source_width': 31, 'resized_height': 96, 'resized_width': 85, 'padding_top': 0, 'padding_bottom': 0, 'padding_left': 5, 'padding_right': 6, 'scale': 2.742857142857143}"
record_000683892:0,artifacts/input_files/record_000683892.npy,0,3,Edge-Loc,True,0.9444402456283569,0.2146867960691452,ENGINEER_REVIEW,Class is review-only or confidence does not meet its production auto-accept threshold.,False,,,0.0555485300719738,0.8888917155563831,True,0.7762330770492554,Edge-Loc,0.9444402456283569,Edge-Ring,0.0555485300719738,Near-full,7.956545232445933e-06,0.0179010467036278,2.494916770956479e-06,1.1371529412551595e-10,2.4258348801931007e-11,0.9444402456283569,0.0555485300719738,1.0151401852454e-07,7.956545232445933e-06,6.807277372899989e-07,3.28932081572475e-09,35,31,844,207,0.245260663507109,"{'source_height': 35, 'source_width': 31, 'resized_height': 96, 'resized_width': 85, 'padding_top': 0, 'padding_bottom': 0, 'padding_left': 5, 'padding_right': 6, 'scale': 2.742857142857143}"
record_000684008:0,artifacts/input_files/record_000684008.npy,0,0,Normal,False,0.9942252039909363,0.04237619787454605,AUTO_ACCEPT,Production-enabled class meets the frozen confidence and probability-margin requirements.,True,0.9441788792610168,0.1,0.0028592031449079514,0.9913660008460283,True,0.7762330770492554,Normal,0.9942252039909363,Edge-Loc,0.0028592031449079514,Scratch,0.0014132505748420954,0.0179010467036278,0.9942252039909363,0.00012066456110915169,6.356028592335861e-09,0.0028592031449079514,0.00012117253208998591,0.0012605750234797597,9.366182829317893e-11,8.942040885528968e-09,0.0014132505748420954,35,31,844,119,0.14099526066350712,"{'source_height': 35, 'source_width': 31, 'resized_height': 96, 'resized_width': 85, 'padding_top': 0, 'padding_bottom': 0, 'padding_left': 5, 'padding_right': 6, 'scale': 2.742857142857143}"
record_000684255:0,artifacts/input_files/record_000684255.npy,0,0,Normal,False,0.8566827774047852,0.5073618292808533,ENGINEER_REVIEW,Class is review-only or confidence does not meet its production auto-accept threshold.,True,0.9441788792610168,0.1,0.11158201843500137,0.7451007589697838,True,0.7762330770492554,Normal,0.8566827774047852,Scratch,0.11158201843500137,Loc,0.025276843458414078,0.0179010467036278,0.8566827774047852,0.003284443635493517,7.292466079888982e-07,0.0031510668341070414,2.1911955627729185e-05,0.025276843458414078,4.669976072513293e-10,1.3044942193118914e-07,0.11158201843500137,38,40,1197,47,0.03926482873851295,"{'source_height': 38, 'source_width': 40, 'resized_height': 91, 'resized_width': 96, 'padding_top': 2, 'padding_bottom': 3, 'padding_left': 0, 'padding_right': 0, 'scale': 2.4}"
record_000684267:0,artifacts/input_files/record_000684267.npy,0,0,Normal,False,0.9986510872840881,0.011995101347565651,AUTO_ACCEPT,Production-enabled class meets the frozen confidence and probability-margin requirements.,True,0.9441788792610168,0.1,0.0006023836322128773,0.9980487036518753,True,0.7762330770492554,Normal,0.9986510872840881,Scratch,0.0006023836322128773,Center,0.0003093713603448123,0.0179010467036278,0.9986510872840881,0.0003093713603448123,2.701524337567207e-09,0.00015296484343707561,2.9419941256492166e-06,0.0002812035090755671,3.8729117135538615e-11,1.2925615022751913e-09,0.0006023836322128773,38,40,1195,43,0.03598326359832636,"{'source_height': 38, 'source_width': 40, 'resized_height': 91, 'resized_width': 96, 'padding_top': 2, 'padding_bottom': 3, 'padding_left': 0, 'padding_right': 0, 'scale': 2.4}"
record_000684303:0,artifacts/input_files/record_000684303.npy,0,0,Normal,False,0.999448835849762,0.0053819227032363415,AUTO_ACCEPT,Production-enabled class meets the frozen confidence and probability-margin requirements.,True,0.9441788792610168,0.1,0.0002157650305889547,0.999233070819173,True,0.7762330770492554,Normal,0.999448835849762,Scratch,0.0002157650305889547,Center,0.00019569376308936626,0.0179010467036278,0.999448835849762,0.00019569376308936626,2.94802487976753e-10,5.6641609262442216e-05,7.744566801193287e-07,8.22656656964682e-05,5.697469839666125e-12,1.7657229844925126e-10,0.0002157650305889547,38,40,1196,43,0.03595317725752508,"{'source_height': 38, 'source_width': 40, 'resized_height': 91, 'resized_width': 96, 'padding_top': 2, 'padding_bottom': 3, 'padding_left': 0, 'padding_right': 0, 'scale': 2.4}"
record_000684310:0,artifacts/input_files/record_000684310.npy,0,0,Normal,False,0.9994712471961975,0.005153152626007795,AUTO_ACCEPT,Production-enabled class meets the frozen confidence and probability-margin requirements.,True,0.9441788792610168,0.1,0.0002594013640191406,0.9992118458321784,True,0.7762330770492554,Normal,0.9994712471961975,Center,0.0002594013640191406,Scratch,0.00014553096843883395,0.0179010467036278,0.9994712471961975,0.0002594013640191406,2.2196976201538376e-10,4.30982508987654e-05,4.407474420986546e-07,8.02942959126085e-05,5.279083593878742e-12,1.4238155099377536e-10,0.00014553096843883395,38,40,1192,48,0.040268456375838924,"{'source_height': 38, 'source_width': 40, 'resized_height': 91, 'resized_width': 96, 'padding_top': 2, 'padding_bottom': 3, 'padding_left': 0, 'padding_right': 0, 'scale': 2.4}"
record_000684327:0,artifacts/input_files/record_000684327.npy,0,0,Normal,False,0.9993062019348145,0.0065523916855454445,AUTO_ACCEPT,Production-enabled class meets the frozen confidence and probability-margin requirements.,True,0.9441788792610168,0.1,0.0003911499516107142,0.9989150519832037,True,0.7762330770492554,Normal,0.9993062019348145,Scratch,0.0003911499516107142,Center,0.00012511320528574288,0.0179010467036278,0.9993062019348145,0.00012511320528574288,3.6199418462778965e-10,8.538808469893411e-05,1.6876715562830213e-06,9.055381087819114e-05,6.712123044871898e-12,2.1468073152508538e-10,0.0003911499516107142,38,40,1199,48,0.040033361134278564,"{'source_height': 38, 'source_width': 40, 'resized_height': 91, 'resized_width': 96, 'padding_top': 2, 'padding_bottom': 3, 'padding_left': 0, 'padding_right': 0, 'scale': 2.4}"
record_000685053:0,artifacts/input_files/record_000685053.npy,0,0,Normal,False,0.9994378685951233,0.005494146607816219,AUTO_ACCEPT,Production-enabled class meets the frozen confidence and probability-margin requirements.,True,0.9441788792610168,0.1,0.0002592668170109391,0.9991786017781124,True,0.7762330770492554,Normal,0.9994378685951233,Scratch,0.0002592668170109391,Edge-Loc,0.00013740580470766872,0.0179010467036278,0.9994378685951233,8.313839498441666e-05,3.403378967536952e-10,0.00013740580470766872,3.3348921988363145e-06,7.899390766397119e-05,1.957842395150511e-11,4.107341966541611e-10,0.0002592668170109391,38,42,1250,50,0.04,"{'source_height': 38, 'source_width': 42, 'resized_height': 87, 'resized_width': 96, 'padding_top': 4, 'padding_bottom': 5, 'padding_left': 0, 'padding_right': 0, 'scale': 2.2857142857142856}"
record_000685151:0,artifacts/input_files/record_000685151.npy,0,0,Normal,False,0.9998185038566589,0.0019546127878129482,AUTO_ACCEPT,Production-enabled class meets the frozen confidence and probability-margin requirements.,True,0.9441788792610168,0.1,9.976677392842248e-05,0.9997187370827305,True,0.7762330770492554,Normal,0.9998185038566589,Scratch,9.976677392842248e-05,Edge-Loc,4.857776366407052e-05,0.0179010467036278,0.9998185038566589,1.36729822770576e-05,2.7703724730931967e-11,4.857776366407052e-05,1.9451163097983226e-06,1.761273597367108e-05,1.1604377398236054e-12,2.942237078973342e-11,9.976677392842248e-05,38,42,1250,75,0.06,"{'source_height': 38, 'source_width': 42, 'resized_height': 87, 'resized_width': 96, 'padding_top': 4, 'padding_bottom': 5, 'padding_left': 0, 'padding_right': 0, 'scale': 2.2857142857142856}"
record_000685462:0,artifacts/input_files/record_000685462.npy,0,0,Normal,False,0.9990866184234619,0.008464419282972813,AUTO_ACCEPT,Production-enabled class meets the frozen confidence and probability-margin requirements.,True,0.9441788792610168,0.1,0.0004082814557477832,0.9986783369677141,True,0.7762330770492554,Normal,0.9990866184234619,Scratch,0.0004082814557477832,Edge-Loc,0.0002542086294852197,0.0179010467036278,0.9990866184234619,8.23607188067399e-05,6.927980411575163e-10,0.0002542086294852197,5.1098591029585805e-06,0.00016335502732545137,3.394066278028518e-11,8.176822552385943e-10,0.0004082814557477832,38,42,1250,58,0.0464,"{'source_height': 38, 'source_width': 42, 'resized_height': 87, 'resized_width': 96, 'padding_top': 4, 'padding_bottom': 5, 'padding_left': 0, 'padding_right': 0, 'scale': 2.2857142857142856}"
record_000685651:0,artifacts/input_files/record_000685651.npy,0,0,Normal,False,0.9992086291313171,0.007399120833724737,AUTO_ACCEPT,Production-enabled class meets the frozen confidence and probability-margin requirements.,True,0.9441788792610168,0.1,0.00041978497756645083,0.9987888441537507,True,0.7762330770492554,Normal,0.9992086291313171,Scratch,0.00041978497756645083,Edge-Loc,0.00015095859998837113,0.0179010467036278,0.9992086291313171,7.54161665099673e-05,5.145493475744445e-10,0.00015095859998837113,3.4339655030635186e-06,0.00014181100414134562,1.2290594757213835e-11,4.348570670220653e-10,0.00041978497756645083,41,38,1233,49,0.039740470397404706,"{'source_height': 41, 'source_width': 38, 'resized_height': 96, 'resized_width': 89, 'padding_top': 0, 'padding_bottom': 0, 'padding_left': 3, 'padding_right': 4, 'scale': 2.341463414634146}"
record_000685675:0,artifacts/input_files/record_000685675.npy,0,0,Normal,False,0.9993299245834351,0.006401767022907734,AUTO_ACCEPT,Production-enabled class meets the frozen confidence and probability-margin requirements.,True,0.9441788792610168,0.1,0.00033999091829173267,0.9989899336651433,True,0.7762330770492554,Normal,0.9993299245834351,Scratch,0.00033999091829173267,Loc,0.00012470281217247248,0.013826812391926069,0.9993299245834351,7.90274134487845e-05,4.200699510459316e-10,0.0001232427021022886,3.131039420622983e-06,0.00012470281217247248,1.0351725553137126e-11,3.3290600831570316e-10,0.00033999091829173267,41,38,1233,46,0.0373073803730738,"{'source_height': 41, 'source_width': 38, 'resized_height': 96, 'resized_width': 89, 'padding_top': 0, 'padding_bottom': 0, 'padding_left': 3, 'padding_right': 4, 'scale': 2.341463414634146}"
record_000685962:0,artifacts/input_files/record_000685962.npy,0,0,Normal,False,0.9994888305664062,0.004991890396922827,AUTO_ACCEPT,Production-enabled class meets the frozen confidence and probability-margin requirements.,True,0.9441788792610168,0.1,0.0002837528008967638,0.9992050777655095,True,0.7762330770492554,Normal,0.9994888305664062,Scratch,0.0002837528008967638,Loc,7.99015469965525e-05,0.013826812391926069,0.9994888305664062,7.672209176234901e-05,2.1316849674324345e-10,6.929425580892712e-05,1.3993619631946785e-06,7.99015469965525e-05,3.741312815108699e-12,1.463090343323259e-10,0.0002837528008967638,41,38,1233,50,0.040551500405515,"{'source_height': 41, 'source_width': 38, 'resized_height': 96, 'resized_width': 89, 'padding_top': 0, 'padding_bottom': 0, 'padding_left': 3, 'padding_right': 4, 'scale': 2.341463414634146}"
record_000686336:0,artifacts/input_files/record_000686336.npy,0,0,Normal,False,0.9991905093193054,0.007523598615080118,AUTO_ACCEPT,Production-enabled class meets the frozen confidence and probability-margin requirements.,True,0.9441788792610168,0.1,0.00044454055023379624,0.9987459687690716,True,0.7762330770492554,Normal,0.9991905093193054,Scratch,0.00044454055023379624,Edge-Loc,0.0001574685302330181,0.013826812391926069,0.9991905093193054,6.514498818432912e-05,4.967545264022988e-10,0.0001574685302330181,3.4152253647334874e-06,0.00013887646491639316,1.0448106789462397e-11,4.001566300537718e-10,0.00044454055023379624,41,38,1233,43,0.034874290348742905,"{'source_height': 41, 'source_width': 38, 'resized_height': 96, 'resized_width': 89, 'padding_top': 0, 'padding_bottom': 0, 'padding_left': 3, 'padding_right': 4, 'scale': 2.341463414634146}"
record_000686443:0,artifacts/input_files/record_000686443.npy,0,0,Normal,False,0.999537467956543,0.004566927440464497,AUTO_ACCEPT,Production-enabled class meets the frozen confidence and probability-margin requirements.,True,0.9441788792610168,0.1,0.0002494485233910382,0.9992880194331519,True,0.7762330770492554,Normal,0.999537467956543,Scratch,0.0002494485233910382,Edge-Loc,0.00010248051694361493,0.013826812391926069,0.999537467956543,4.2286923417123035e-05,1.7830625864689864e-10,0.00010248051694361493,2.7798892006103415e-06,6.56399643048644e-05,4.939762574679429e-12,1.57250629184702e-10,0.0002494485233910382,41,38,1233,51,0.0413625304136253,"{'source_height': 41, 'source_width': 38, 'resized_height': 96, 'resized_width': 89, 'padding_top': 0, 'padding_bottom': 0, 'padding_left': 3, 'padding_right': 4, 'scale': 2.341463414634146}"
record_000686754:0,artifacts/input_files/record_000686754.npy,0,0,Normal,False,0.9995166063308716,0.0047995103523135185,AUTO_ACCEPT,Production-enabled class meets the frozen confidence and probability-margin requirements.,True,0.9441788792610168,0.1,0.00021246573305688798,0.9993041405978147,True,0.7762330770492554,Normal,0.9995166063308716,Scratch,0.00021246573305688798,Edge-Loc,0.00013206912262830883,0.013826812391926069,0.9995166063308716,5.7256678701378405e-05,2.030496326632658e-10,0.00013206912262830883,2.7653782126435544e-06,7.886741514084861e-05,9.56647868560756e-12,2.335857063329172e-10,0.00021246573305688798,41,38,1233,54,0.043795620437956206,"{'source_height': 41, 'source_width': 38, 'resized_height': 96, 'resized_width': 89, 'padding_top': 0, 'padding_bottom': 0, 'padding_left': 3, 'padding_right': 4, 'scale': 2.341463414634146}"
record_000686797:0,artifacts/input_files/record_000686797.npy,0,0,Normal,False,0.9994008541107178,0.005743616726249456,AUTO_ACCEPT,Production-enabled class meets the frozen confidence and probability-margin requirements.,True,0.9441788792610168,0.1,0.000336404365953058,0.9990644497447647,True,0.7762330770492554,Normal,0.9994008541107178,Scratch,0.000336404365953058,Edge-Loc,0.00011785278184106573,0.013826812391926069,0.9994008541107178,4.727169289253652e-05,2.990396263946593e-10,0.00011785278184106573,3.7391114346974064e-06,9.3893613666296e-05,6.24132906815178e-12,2.259668563375783e-10,0.000336404365953058,41,38,1233,52,0.042173560421735604,"{'source_height': 41, 'source_width': 38, 'resized_height': 96, 'resized_width': 89, 'padding_top': 0, 'padding_bottom': 0, 'padding_left': 3, 'padding_right': 4, 'scale': 2.341463414634146}"
record_000686813:0,artifacts/input_files/record_000686813.npy,0,0,Normal,False,0.9997535347938538,0.0025985795073211193,AUTO_ACCEPT,Production-enabled class meets the frozen confidence and probability-margin requirements.,True,0.9441788792610168,0.1,0.00012591750419232994,0.9996276172896614,True,0.7762330770492554,Normal,0.9997535347938538,Scratch,0.00012591750419232994,Edge-Loc,5.359246279112995e-05,0.013826812391926069,0.9997535347938538,3.31826122419443e-05,5.4593836396055195e-11,5.359246279112995e-05,1.3941478300694143e-06,3.2231695513473824e-05,1.759202267366533e-12,4.559398344983201e-11,0.00012591750419232994,41,38,1233,59,0.047850770478507706,"{'source_height': 41, 'source_width': 38, 'resized_height': 96, 'resized_width': 89, 'padding_top': 0, 'padding_bottom': 0, 'padding_left': 3, 'padding_right': 4, 'scale': 2.341463414634146}"
record_000686960:0,artifacts/input_files/record_000686960.npy,0,0,Normal,False,0.9996880292892456,0.003225973341614008,AUTO_ACCEPT,Production-enabled class meets the frozen confidence and probability-margin requirements.,True,0.9441788792610168,0.1,0.00014439434744417667,0.9995436349418014,True,0.7762330770492554,Normal,0.9996880292892456,Scratch,0.00014439434744417667,Edge-Loc,8.697806333657354e-05,0.013826812391926069,0.9996880292892456,3.447279232204892e-05,8.534871420717849e-11,8.697806333657354e-05,2.2837846245238325e-06,4.385359716252424e-05,4.280858653671338e-12,9.995380911842489e-11,0.00014439434744417667,41,38,1233,52,0.042173560421735604,"{'source_height': 41, 'source_width': 38, 'resized_height': 96, 'resized_width': 89, 'padding_top': 0, 'padding_bottom': 0, 'padding_left': 3, 'padding_right': 4, 'scale': 2.341463414634146}"
record_000687229:0,artifacts/input_files/record_000687229.npy,0,0,Normal,False,0.9995858073234558,0.004131842404603958,AUTO_ACCEPT,Production-enabled class meets the frozen confidence and probability-margin requirements.,True,0.9441788792610168,0.1,0.00023022580717224628,0.9993555815162836,True,0.7762330770492554,Normal,0.9995858073234558,Scratch,0.00023022580717224628,Edge-Loc,8.084213914116845e-05,0.013826812391926069,0.9995858073234558,4.7028250264702365e-05,1.3909179363835733e-10,8.084213914116845e-05,2.1494859083759366e-06,5.401913222158328e-05,4.627452501043683e-12,1.2421892681135915e-10,0.00023022580717224628,41,38,1233,54,0.043795620437956206,"{'source_height': 41, 'source_width': 38, 'resized_height': 96, 'resized_width': 89, 'padding_top': 0, 'padding_bottom': 0, 'padding_left': 3, 'padding_right': 4, 'scale': 2.341463414634146}"
record_000687414:0,artifacts/input_files/record_000687414.npy,0,0,Normal,False,0.9993533492088318,0.006147056818008423,AUTO_ACCEPT,Production-enabled class meets the frozen confidence and probability-margin requirements.,True,0.9441788792610168,0.1,0.0003662967646960169,0.9989870524441358,True,0.7762330770492554,Normal,0.9993533492088318,Scratch,0.0003662967646960169,Edge-Loc,0.00011059890675824136,0.013826812391926069,0.9993533492088318,5.871029861737043e-05,3.3003400012887596e-10,0.00011059890675824136,2.694522663659882e-06,0.00010824077617144212,5.8580891873494245e-12,2.244672919760049e-10,0.0003662967646960169,41,38,1233,42,0.0340632603406326,"{'source_height': 41, 'source_width': 38, 'resized_height': 96, 'resized_width': 89, 'padding_top': 0, 'padding_bottom': 0, 'padding_left': 3, 'padding_right': 4, 'scale': 2.341463414634146}"
record_000687514:0,artifacts/input_files/record_000687514.npy,0,0,Normal,False,0.9997866749763489,0.00227839732542634,AUTO_ACCEPT,Production-enabled class meets the frozen confidence and probability-margin requirements.,True,0.9441788792610168,0.1,0.00010580455273156986,0.9996808704236173,True,0.7762330770492554,Normal,0.9997866749763489,Scratch,0.00010580455273156986,Edge-Loc,5.946162491454743e-05,0.013826812391926069,0.9997866749763489,2.3696698917774484e-05,3.3414288697075634e-11,5.946162491454743e-05,1.806111299629265e-06,2.25970616156701e-05,1.745999503831308e-12,3.626007480383997e-11,0.00010580455273156986,41,38,1233,71,0.0575831305758313,"{'source_height': 41, 'source_width': 38, 'resized_height': 96, 'resized_width': 89, 'padding_top': 0, 'padding_bottom': 0, 'padding_left': 3, 'padding_right': 4, 'scale': 2.341463414634146}"
record_000688105:0,artifacts/input_files/record_000688105.npy,0,0,Normal,False,0.9996973276138306,0.003128154668956995,AUTO_ACCEPT,Production-enabled class meets the frozen confidence and probability-margin requirements.,True,0.9441788792610168,0.1,0.00013356050476431847,0.9995637671090662,True,0.7762330770492554,Normal,0.9996973276138306,Center,0.00013356050476431847,Scratch,9.961835894500837e-05,0.013826812391926069,0.9996973276138306,0.00013356050476431847,5.7328933267264404e-11,3.6088495107833296e-05,5.047646709499531e-07,3.290604945505038e-05,1.3585211514760553e-12,3.703241879815522e-11,9.961835894500837e-05,41,38,1233,61,0.0494728304947283,"{'source_height': 41, 'source_width': 38, 'resized_height': 96, 'resized_width': 89, 'padding_top': 0, 'padding_bottom': 0, 'padding_left': 3, 'padding_right': 4, 'scale': 2.341463414634146}"
record_000688483:0,artifacts/input_files/record_000688483.npy,0,0,Normal,False,0.9988240599632263,0.010688918642699718,AUTO_ACCEPT,Production-enabled class meets the frozen confidence and probability-margin requirements.,True,0.9441788792610168,0.1,0.00043048764928244054,0.9983935723139439,True,0.7762330770492554,Normal,0.9988240599632263,Scratch,0.00043048764928244054,Center,0.0003451683442108333,0.013826812391926069,0.9988240599632263,0.0003451683442108333,1.481869293940008e-09,0.0002042791893472895,3.3080305001931265e-06,0.00019267969764769077,4.991169283430352e-11,1.101490010313455e-09,0.00043048764928244054,41,38,1233,57,0.046228710462287104,"{'source_height': 41, 'source_width': 38, 'resized_height': 96, 'resized_width': 89, 'padding_top': 0, 'padding_bottom': 0, 'padding_left': 3, 'padding_right': 4, 'scale': 2.341463414634146}"
record_000688488:0,artifacts/input_files/record_000688488.npy,0,0,Normal,False,0.9995880722999573,0.0041516986675560474,AUTO_ACCEPT,Production-enabled class meets the frozen confidence and probability-margin requirements.,True,0.9441788792610168,0.1,0.00018288967839907855,0.9994051826215582,True,0.7762330770492554,Normal,0.9995880722999573,Scratch,0.00018288967839907855,Edge-Loc,0.00011750906560337171,0.013826812391926069,0.9995880722999573,4.712618829216808e-05,1.5504125761012233e-10,0.00011750906560337171,2.844805749191437e-06,6.153234426165e-05,7.88033787529896e-12,1.8140719482140355e-10,0.00018288967839907855,41,38,1233,58,0.047039740470397405,"{'source_height': 41, 'source_width': 38, 'resized_height': 96, 'resized_width': 89, 'padding_top': 0, 'padding_bottom': 0, 'padding_left': 3, 'padding_right': 4, 'scale': 2.341463414634146}"
record_000688503:0,artifacts/input_files/record_000688503.npy,0,0,Normal,False,0.9996838569641113,0.0032105855643749237,AUTO_ACCEPT,Production-enabled class meets the frozen confidence and probability-margin requirements.,True,0.9441788792610168,0.1,0.0001914653112180531,0.9994923916528933,True,0.7762330770492554,Normal,0.9996838569641113,Scratch,0.0001914653112180531,Edge-Loc,6.19536149315536e-05,0.013826812391926069,0.9996838569641113,2.3565271476400085e-05,6.748508002418774e-11,6.19536149315536e-05,1.7070950661945972e-06,3.7409783544717357e-05,1.4287721396624709e-12,5.1194631867090834e-11,0.0001914653112180531,41,38,1233,58,0.047039740470397405,"{'source_height': 41, 'source_width': 38, 'resized_height': 96, 'resized_width': 89, 'padding_top': 0, 'padding_bottom': 0, 'padding_left': 3, 'padding_right': 4, 'scale': 2.341463414634146}"
record_000688506:0,artifacts/input_files/record_000688506.npy,0,0,Normal,False,0.9997149109840393,0.0029658316634595394,AUTO_ACCEPT,Production-enabled class meets the frozen confidence and probability-margin requirements.,True,0.9441788792610168,0.1,0.00014621605805587023,0.9995686949259834,True,0.7762330770492554,Normal,0.9997149109840393,Scratch,0.00014621605805587023,Edge-Loc,5.597365816356614e-05,0.013826812391926069,0.9997149109840393,4.448340769158676e-05,6.622630221997383e-11,5.597365816356614e-05,1.2949441270393436e-06,3.708106669364497e-05,1.9755178395919337e-12,5.385290130499598e-11,0.00014621605805587023,41,38,1233,68,0.055150040551500405,"{'source_height': 41, 'source_width': 38, 'resized_height': 96, 'resized_width': 89, 'padding_top': 0, 'padding_bottom': 0, 'padding_left': 3, 'padding_right': 4, 'scale': 2.341463414634146}"
record_000688511:0,artifacts/input_files/record_000688511.npy,0,0,Normal,False,0.9988788962364197,0.010056974366307259,AUTO_ACCEPT,Production-enabled class meets the frozen confidence and probability-margin requirements.,True,0.9441788792610168,0.1,0.0006256149499677122,0.998253281286452,True,0.7762330770492554,Normal,0.9988788962364197,Scratch,0.0006256149499677122,Loc,0.0002142415614798665,0.013826812391926069,0.9988788962364197,0.00013129862782079726,1.3275128774026257e-09,0.00014627096243202686,3.7025174606242217e-06,0.0002142415614798665,1.561037410446886e-11,6.512568817562681e-10,0.0006256149499677122,41,38,1233,61,0.0494728304947283,"{'source_height': 41, 'source_width': 38, 'resized_height': 96, 'resized_width': 89, 'padding_top': 0, 'padding_bottom': 0, 'padding_left': 3, 'padding_right': 4, 'scale': 2.341463414634146}"
record_000688792:0,artifacts/input_files/record_000688792.npy,0,0,Normal,False,0.99979168176651,0.0022463491186499596,AUTO_ACCEPT,Production-enabled class meets the frozen confidence and probability-margin requirements.,True,0.9441788792610168,0.1,9.17829675017856e-05,0.9996998987990082,True,0.7762330770492554,Normal,0.99979168176651,Scratch,9.17829675017856e-05,Edge-Loc,5.078186222817749e-05,0.013826812391926069,0.99979168176651,3.955423744628206e-05,3.253952315929176e-11,5.078186222817749e-05,1.126528673012217e-06,2.5141722289845347e-05,1.9343552367517836e-12,3.9532731255231823e-11,9.17829675017856e-05,41,38,1233,66,0.0535279805352798,"{'source_height': 41, 'source_width': 38, 'resized_height': 96, 'resized_width': 89, 'padding_top': 0, 'padding_bottom': 0, 'padding_left': 3, 'padding_right': 4, 'scale': 2.341463414634146}"
record_000688807:0,artifacts/input_files/record_000688807.npy,0,0,Normal,False,0.9993509650230408,0.006199038587510586,AUTO_ACCEPT,Production-enabled class meets the frozen confidence and probability-margin requirements.,True,0.9441788792610168,0.1,0.0003336507943458855,0.9990173142286949,True,0.7762330770492554,Normal,0.9993509650230408,Scratch,0.0003336507943458855,Edge-Loc,0.000162339725648053,0.013826812391926069,0.9993509650230408,5.322338256519288e-05,3.7113070949779114e-10,0.000162339725648053,4.906846697849687e-06,9.4881936092861e-05,1.427885761018377e-11,3.7645206396597075e-10,0.0003336507943458855,41,38,1233,54,0.043795620437956206,"{'source_height': 41, 'source_width': 38, 'resized_height': 96, 'resized_width': 89, 'padding_top': 0, 'padding_bottom': 0, 'padding_left': 3, 'padding_right': 4, 'scale': 2.341463414634146}"
record_000688869:0,artifacts/input_files/record_000688869.npy,0,0,Normal,False,0.9986252784729004,0.012048006989061832,AUTO_ACCEPT,Production-enabled class meets the frozen confidence and probability-margin requirements.,True,0.9441788792610168,0.1,0.0007793479016982019,0.9978459305712022,True,0.7762330770492554,Normal,0.9986252784729004,Scratch,0.0007793479016982019,Loc,0.00021514648688025773,0.013826812391926069,0.9986252784729004,0.00016192739713005722,2.25116902896616e-09,0.00021262900554575026,5.647262696584221e-06,0.00021514648688025773,4.088819213765582e-11,1.2526178982952274e-09,0.0007793479016982019,41,38,1233,46,0.0373073803730738,"{'source_height': 41, 'source_width': 38, 'resized_height': 96, 'resized_width': 89, 'padding_top': 0, 'padding_bottom': 0, 'padding_left': 3, 'padding_right': 4, 'scale': 2.341463414634146}"
record_000688874:0,artifacts/input_files/record_000688874.npy,0,0,Normal,False,0.9992188215255737,0.007415629457682371,AUTO_ACCEPT,Production-enabled class meets the frozen confidence and probability-margin requirements.,True,0.9441788792610168,0.1,0.0002634537231642753,0.9989553678024095,True,0.7762330770492554,Normal,0.9992188215255737,Scratch,0.0002634537231642753,Center,0.00025863293558359146,0.013826812391926069,0.9992188215255737,0.00025863293558359146,4.355056315574757e-10,0.00011681404430419207,1.748976728777052e-06,0.00014048893353901803,8.59768853334053e-12,2.494690842791414e-10,0.0002634537231642753,41,38,1233,65,0.05271695052716951,"{'source_height': 41, 'source_width': 38, 'resized_height': 96, 'resized_width': 89, 'padding_top': 0, 'padding_bottom': 0, 'padding_left': 3, 'padding_right': 4, 'scale': 2.341463414634146}"
record_000688946:0,artifacts/input_files/record_000688946.npy,0,0,Normal,False,0.9994148015975952,0.005706727970391512,AUTO_ACCEPT,Production-enabled class meets the frozen confidence and probability-margin requirements.,True,0.9441788792610168,0.1,0.00025821264716796577,0.9991565889504272,True,0.7762330770492554,Normal,0.9994148015975952,Scratch,0.00025821264716796577,Edge-Loc,0.00014371698489412665,0.013826812391926069,0.9994148015975952,8.843496470944956e-05,3.4252464753414813e-10,0.00014371698489412665,2.66183656094654e-06,9.227344708051533e-05,1.3977823239141873e-11,3.190848418821446e-10,0.00025821264716796577,41,38,1233,59,0.047850770478507706,"{'source_height': 41, 'source_width': 38, 'resized_height': 96, 'resized_width': 89, 'padding_top': 0, 'padding_bottom': 0, 'padding_left': 3, 'padding_right': 4, 'scale': 2.341463414634146}"
record_000688947:0,artifacts/input_files/record_000688947.npy,0,0,Normal,False,0.9964404702186584,0.028063006699085236,AUTO_ACCEPT,Production-enabled class meets the frozen confidence and probability-margin requirements.,True,0.9441788792610168,0.1,0.0015612627612426877,0.9948792074574158,True,0.7762330770492554,Normal,0.9964404702186584,Center,0.0015612627612426877,Scratch,0.0010655074147507548,0.013826812391926069,0.9964404702186584,0.0015612627612426877,7.859626727224622e-09,0.0003156176826450974,3.7233883176668314e-06,0.0006133861024864018,1.1953439627010454e-10,3.8517296019335845e-09,0.0010655074147507548,41,38,1233,47,0.038118410381184104,"{'source_height': 41, 'source_width': 38, 'resized_height': 96, 'resized_width': 89, 'padding_top': 0, 'padding_bottom': 0, 'padding_left': 3, 'padding_right': 4, 'scale': 2.341463414634146}"
record_000689320:0,artifacts/input_files/record_000689320.npy,0,0,Normal,False,0.999839186668396,0.0017610605573281646,AUTO_ACCEPT,Production-enabled class meets the frozen confidence and probability-margin requirements.,True,0.9441788792610168,0.1,8.005473500816151e-05,0.9997591319333878,True,0.7762330770492554,Normal,0.999839186668396,Scratch,8.005473500816151e-05,Edge-Loc,4.555881969281472e-05,0.013826812391926069,0.999839186668396,1.4420458683161996e-05,1.7266878898913873e-11,4.555881969281472e-05,1.3657358977070544e-06,1.9400982637307607e-05,8.49033029211993e-13,2.2124729132100285e-11,8.005473500816151e-05,41,38,1233,70,0.05677210056772101,"{'source_height': 41, 'source_width': 38, 'resized_height': 96, 'resized_width': 89, 'padding_top': 0, 'padding_bottom': 0, 'padding_left': 3, 'padding_right': 4, 'scale': 2.341463414634146}"
record_000689343:0,artifacts/input_files/record_000689343.npy,0,0,Normal,False,0.9977977275848389,0.018024388700723648,AUTO_ACCEPT,Production-enabled class meets the frozen confidence and probability-margin requirements.,True,0.9441788792610168,0.1,0.0013868625974282622,0.9964108649874106,True,0.7762330770492554,Normal,0.9977977275848389,Scratch,0.0013868625974282622,Loc,0.00033928401535376906,0.013826812391926069,0.9977977275848389,0.00016516516916453838,3.3095401974492233e-09,0.0003027333877980709,8.212367902160622e-06,0.00033928401535376906,4.9783052680218987e-11,2.1425008434050596e-09,0.0013868625974282622,41,38,1233,38,0.030819140308191405,"{'source_height': 41, 'source_width': 38, 'resized_height': 96, 'resized_width': 89, 'padding_top': 0, 'padding_bottom': 0, 'padding_left': 3, 'padding_right': 4, 'scale': 2.341463414634146}"
record_000689557:0,artifacts/input_files/record_000689557.npy,0,0,Normal,False,0.999032735824585,0.008813116699457169,AUTO_ACCEPT,Production-enabled class meets the frozen confidence and probability-margin requirements.,True,0.9441788792610168,0.1,0.0005483741406351328,0.9984843616839498,True,0.7762330770492554,Normal,0.999032735824585,Scratch,0.0005483741406351328,Loc,0.00016090796270873398,0.013826812391926069,0.999032735824585,0.00010317445412511006,7.632892096154364e-10,0.00015094685659278184,3.863233359879814e-06,0.00016090796270873398,1.4249365576368689e-11,5.383620216292684e-10,0.0005483741406351328,41,38,1233,43,0.034874290348742905,"{'source_height': 41, 'source_width': 38, 'resized_height': 96, 'resized_width': 89, 'padding_top': 0, 'padding_bottom': 0, 'padding_left': 3, 'padding_right': 4, 'scale': 2.341463414634146}"
record_000689603:0,artifacts/input_files/record_000689603.npy,0,0,Normal,False,0.999309778213501,0.0065413834527134895,AUTO_ACCEPT,Production-enabled class meets the frozen confidence and probability-margin requirements.,True,0.9441788792610168,0.1,0.000306520436424762,0.9990032577770762,True,0.7762330770492554,Normal,0.999309778213501,Scratch,0.000306520436424762,Edge-Loc,0.000250015378696844,0.013826812391926069,0.999309778213501,4.527462806436233e-05,2.1653245863006987e-10,0.000250015378696844,5.2042123570572585e-06,8.32184887258336e-05,1.5005510722865267e-11,2.81873441254632e-10,0.000306520436424762,41,38,1233,74,0.06001622060016221,"{'source_height': 41, 'source_width': 38, 'resized_height': 96, 'resized_width': 89, 'padding_top': 0, 'padding_bottom': 0, 'padding_left': 3, 'padding_right': 4, 'scale': 2.341463414634146}"
record_000689622:0,artifacts/input_files/record_000689622.npy,0,0,Normal,False,0.9996094107627869,0.0038928519934415817,AUTO_ACCEPT,Production-enabled class meets the frozen confidence and probability-margin requirements.,True,0.9441788792610168,0.1,0.0002299363404745236,0.9993794744223123,True,0.7762330770492554,Normal,0.9996094107627869,Scratch,0.0002299363404745236,Edge-Loc,8.495702786603943e-05,0.013826812391926069,0.9996094107627869,3.279348311480135e-05,9.692064512067944e-11,8.495702786603943e-05,2.7420408059697365e-06,4.0096194425132126e-05,3.392182802014476e-12,9.508646647837793e-11,0.0002299363404745236,41,38,1233,63,0.051094890510948905,"{'source_height': 41, 'source_width': 38, 'resized_height': 96, 'resized_width': 89, 'padding_top': 0, 'padding_bottom': 0, 'padding_left': 3, 'padding_right': 4, 'scale': 2.341463414634146}"
record_000689736:0,artifacts/input_files/record_000689736.npy,0,5,Loc,True,0.6338327527046204,0.9309254288673401,ABSTAIN,Confidence is below the frozen abstain threshold.,False,,,0.283511221408844,0.35032153129577637,True,0.7762330770492554,Loc,0.6338327527046204,Normal,0.283511221408844,Center,0.043936144560575485,0.013826812391926069,0.283511221408844,0.043936144560575485,2.1170462787267752e-05,0.00896028894931078,1.3325547115528025e-05,0.6338327527046204,3.571779672029152e-08,1.34039191834745e-05,0.029711691662669182,41,38,1233,86,0.06974858069748581,"{'source_height': 41, 'source_width': 38, 'resized_height': 96, 'resized_width': 89, 'padding_top': 0, 'padding_bottom': 0, 'padding_left': 3, 'padding_right': 4, 'scale': 2.341463414634146}"
record_000689995:0,artifacts/input_files/record_000689995.npy,0,0,Normal,False,0.9994462132453918,0.005314163397997618,AUTO_ACCEPT,Production-enabled class meets the frozen confidence and probability-margin requirements.,True,0.9441788792610168,0.1,0.0003291063476353884,0.9991171068977565,True,0.7762330770492554,Normal,0.9994462132453918,Center,0.0003291063476353884,Edge-Loc,0.00011415666085667908,0.013826812391926069,0.9994462132453918,0.0003291063476353884,3.827048053461901e-11,0.00011415666085667908,1.3333848301044782e-06,3.869942156597972e-05,3.3284915622322497e-12,4.7782246909156e-11,7.048712723189965e-05,39,37,1129,104,0.09211691762621789,"{'source_height': 39, 'source_width': 37, 'resized_height': 96, 'resized_width': 91, 'padding_top': 0, 'padding_bottom': 0, 'padding_left': 2, 'padding_right': 3, 'scale': 2.4615384615384617}"
record_000690089:0,artifacts/input_files/record_000690089.npy,0,0,Normal,False,0.9998818635940552,0.0013437506277114153,AUTO_ACCEPT,Production-enabled class meets the frozen confidence and probability-margin requirements.,True,0.9441788792610168,0.1,4.9719052185537294e-05,0.9998321445418696,True,0.7762330770492554,Normal,0.9998818635940552,Scratch,4.9719052185537294e-05,Edge-Loc,2.9893813916714862e-05,0.013826812391926069,0.9998818635940552,1.765849083312787e-05,1.0902187139172348e-11,2.9893813916714862e-05,9.306892820859503e-07,1.9891975171049125e-05,3.104367078069631e-13,9.169678037712625e-12,4.9719052185537294e-05,39,37,1129,81,0.07174490699734277,"{'source_height': 39, 'source_width': 37, 'resized_height': 96, 'resized_width': 91, 'padding_top': 0, 'padding_bottom': 0, 'padding_left': 2, 'padding_right': 3, 'scale': 2.4615384615384617}"
record_000690090:0,artifacts/input_files/record_000690090.npy,0,0,Normal,False,0.9998947381973267,0.0011881176615133882,AUTO_ACCEPT,Production-enabled class meets the frozen confidence and probability-margin requirements.,True,0.9441788792610168,0.1,6.084120104787871e-05,0.9998338969962788,True,0.7762330770492554,Normal,0.9998947381973267,Edge-Loc,6.084120104787871e-05,Scratch,2.6473480829736218e-05,0.013826812391926069,0.9998947381973267,8.633999641460832e-06,2.4491983961760777e-12,6.084120104787871e-05,2.35089009947842e-06,6.909887360961875e-06,6.925431365531476e-13,7.938416417274663e-12,2.6473480829736218e-05,39,37,1129,101,0.08945969884853854,"{'source_height': 39, 'source_width': 37, 'resized_height': 96, 'resized_width': 91, 'padding_top': 0, 'padding_bottom': 0, 'padding_left': 2, 'padding_right': 3, 'scale': 2.4615384615384617}"
record_000690106:0,artifacts/input_files/record_000690106.npy,0,0,Normal,False,0.9998897314071655,0.0012522698380053043,AUTO_ACCEPT,Production-enabled class meets the frozen confidence and probability-margin requirements.,True,0.9441788792610168,0.1,5.218634396442212e-05,0.9998375450632011,True,0.7762330770492554,Normal,0.9998897314071655,Edge-Loc,5.218634396442212e-05,Scratch,3.5330074751982465e-05,0.013826812391926069,0.9998897314071655,8.745842023927253e-06,2.865328200402084e-12,5.218634396442212e-05,2.530776328057982e-06,1.1498582352942321e-05,1.5294746534815634e-13,4.512800289707686e-12,3.5330074751982465e-05,39,37,1129,115,0.10186005314437556,"{'source_height': 39, 'source_width': 37, 'resized_height': 96, 'resized_width': 91, 'padding_top': 0, 'padding_bottom': 0, 'padding_left': 2, 'padding_right': 3, 'scale': 2.4615384615384617}"
record_000690108:0,artifacts/input_files/record_000690108.npy,0,0,Normal,False,0.9997062087059021,0.0029938165098428726,AUTO_ACCEPT,Production-enabled class meets the frozen confidence and probability-margin requirements.,True,0.9441788792610168,0.1,0.00018052980885840952,0.9995256788970437,True,0.7762330770492554,Normal,0.9997062087059021,Edge-Loc,0.00018052980885840952,Scratch,6.607105751754716e-05,0.013826812391926069,0.9997062087059021,1.0801233656820841e-05,7.310382334202448e-12,0.00018052980885840952,3.5149471386830555e-06,3.298498268122785e-05,8.991935885119262e-13,1.7866584947623387e-11,6.607105751754716e-05,39,37,1129,107,0.09477413640389726,"{'source_height': 39, 'source_width': 37, 'resized_height': 96, 'resized_width': 91, 'padding_top': 0, 'padding_bottom': 0, 'padding_left': 2, 'padding_right': 3, 'scale': 2.4615384615384617}"
record_000690598:0,artifacts/input_files/record_000690598.npy,0,0,Normal,False,0.9998810291290283,0.0013075167080387473,AUTO_ACCEPT,Production-enabled class meets the frozen confidence and probability-margin requirements.,True,0.9441788792610168,0.1,7.521694351453334e-05,0.9998058121855138,True,0.7762330770492554,Normal,0.9998810291290283,Edge-Loc,7.521694351453334e-05,Edge-Ring,3.1448667868971825e-05,0.013826812391926069,0.9998810291290283,1.7272354853048455e-06,2.305137959852932e-13,7.521694351453334e-05,3.1448667868971825e-05,1.5264387229763088e-06,1.887898068127572e-13,1.8950095399122846e-12,9.037536074174568e-06,39,37,1129,124,0.10983170947741364,"{'source_height': 39, 'source_width': 37, 'resized_height': 96, 'resized_width': 91, 'padding_top': 0, 'padding_bottom': 0, 'padding_left': 2, 'padding_right': 3, 'scale': 2.4615384615384617}"
record_000690616:0,artifacts/input_files/record_000690616.npy,0,0,Normal,False,0.9999473094940186,0.0006356826052069664,AUTO_ACCEPT,Production-enabled class meets the frozen confidence and probability-margin requirements.,True,0.9441788792610168,0.1,2.741175194387324e-05,0.9999198977420747,True,0.7762330770492554,Normal,0.9999473094940186,Edge-Loc,2.741175194387324e-05,Scratch,1.0844561984413303e-05,0.013826812391926069,0.9999473094940186,1.0294377716490999e-05,7.229405876024719e-13,2.741175194387324e-05,9.320505682808289e-07,3.1504803246207302e-06,2.2562740521411828e-13,2.387532879732923e-12,1.0844561984413303e-05,39,37,1129,104,0.09211691762621789,"{'source_height': 39, 'source_width': 37, 'resized_height': 96, 'resized_width': 91, 'padding_top': 0, 'padding_bottom': 0, 'padding_left': 2, 'padding_right': 3, 'scale': 2.4615384615384617}"
record_000691046:0,artifacts/input_files/record_000691046.npy,0,3,Edge-Loc,True,0.9448037147521973,0.2155958116054535,ENGINEER_REVIEW,Class is review-only or confidence does not meet its production auto-accept threshold.,False,,,0.05491786450147629,0.889885850250721,True,0.7762330770492554,Edge-Loc,0.9448037147521973,Loc,0.05491786450147629,Normal,0.00014833599561825395,0.013826812391926069,0.00014833599561825395,4.354742941359291e-06,1.5693699140229e-07,0.9448037147521973,7.503379310946912e-05,0.05491786450147629,1.1332739546787707e-07,1.9064382286160253e-06,4.842143607675098e-05,39,37,1129,149,0.13197519929140833,"{'source_height': 39, 'source_width': 37, 'resized_height': 96, 'resized_width': 91, 'padding_top': 0, 'padding_bottom': 0, 'padding_left': 2, 'padding_right': 3, 'scale': 2.4615384615384617}"
record_000691055:0,artifacts/input_files/record_000691055.npy,0,0,Normal,False,0.9057904481887817,0.3615989685058594,ENGINEER_REVIEW,Class is review-only or confidence does not meet its production auto-accept threshold.,True,0.9441788792610168,0.1,0.08095729351043701,0.8248331546783447,True,0.7762330770492554,Normal,0.9057904481887817,Scratch,0.08095729351043701,Edge-Loc,0.009306907653808594,0.013826812391926069,0.9057904481887817,0.00013171382306609303,1.431459537570845e-07,0.009306907653808594,0.0014126054011285305,0.0024008597247302532,4.517455298724826e-10,5.9253494555377983e-08,0.08095729351043701,39,37,1129,113,0.10008857395925598,"{'source_height': 39, 'source_width': 37, 'resized_height': 96, 'resized_width': 91, 'padding_top': 0, 'padding_bottom': 0, 'padding_left': 2, 'padding_right': 3, 'scale': 2.4615384615384617}"
record_000691064:0,artifacts/input_files/record_000691064.npy,0,0,Normal,False,0.9996132254600525,0.003854312701150775,AUTO_ACCEPT,Production-enabled class meets the frozen confidence and probability-margin requirements.,True,0.9441788792610168,0.1,0.0002370277070440352,0.9993761977530085,True,0.7762330770492554,Normal,0.9996132254600525,Edge-Loc,0.0002370277070440352,Scratch,7.183112757047638e-05,0.013826812391926069,0.9996132254600525,4.291257937438786e-05,1.669668743542463e-11,0.0002370277070440352,4.1924045035557356e-06,3.083213960053399e-05,5.824868365422731e-12,5.075206574445268e-11,7.183112757047638e-05,39,37,1129,87,0.07705934455270151,"{'source_height': 39, 'source_width': 37, 'resized_height': 96, 'resized_width': 91, 'padding_top': 0, 'padding_bottom': 0, 'padding_left': 2, 'padding_right': 3, 'scale': 2.4615384615384617}"
record_000691926:0,artifacts/input_files/record_000691926.npy,0,0,Normal,False,0.9998562335968018,0.0015941604506224394,AUTO_ACCEPT,Production-enabled class meets the frozen confidence and probability-margin requirements.,True,0.9441788792610168,0.1,6.125606159912422e-05,0.9997949775352026,True,0.7762330770492554,Normal,0.9998562335968018,Scratch,6.125606159912422e-05,Edge-Loc,5.3444997320184484e-05,0.013826812391926069,0.9998562335968018,1.359586985927308e-05,8.943647905601537e-12,5.3444997320184484e-05,2.8731512884405674e-06,1.2531673746707384e-05,7.66962719462444e-13,1.5845703221772922e-11,6.125606159912422e-05,39,37,1129,99,0.08768821966341896,"{'source_height': 39, 'source_width': 37, 'resized_height': 96, 'resized_width': 91, 'padding_top': 0, 'padding_bottom': 0, 'padding_left': 2, 'padding_right': 3, 'scale': 2.4615384615384617}"
record_000692151:0,artifacts/input_files/record_000692151.npy,0,0,Normal,False,0.9998248219490051,0.0019157882779836655,AUTO_ACCEPT,Production-enabled class meets the frozen confidence and probability-margin requirements.,True,0.9441788792610168,0.1,7.4105424573645e-05,0.9997507165244315,True,0.7762330770492554,Normal,0.9998248219490051,Edge-Loc,7.4105424573645e-05,Scratch,5.8636247558752075e-05,0.013826812391926069,0.9998248219490051,2.3137525204219855e-05,1.9283160138106048e-11,7.4105424573645e-05,2.7294966002955334e-06,1.6587780919508077e-05,3.2518928955865833e-12,3.953389351996073e-11,5.8636247558752075e-05,39,37,1129,76,0.06731620903454384,"{'source_height': 39, 'source_width': 37, 'resized_height': 96, 'resized_width': 91, 'padding_top': 0, 'padding_bottom': 0, 'padding_left': 2, 'padding_right': 3, 'scale': 2.4615384615384617}"
record_000692159:0,artifacts/input_files/record_000692159.npy,0,0,Normal,False,0.9975225329399109,0.020472124218940735,AUTO_ACCEPT,Production-enabled class meets the frozen confidence and probability-margin requirements.,True,0.9441788792610168,0.1,0.0012352796038612723,0.9962872533360496,True,0.7762330770492554,Normal,0.9975225329399109,Scratch,0.0012352796038612723,Edge-Loc,0.0004293075471650809,0.013826812391926069,0.9975225329399109,0.0003883593308273703,3.3347551386953e-09,0.0004293075471650809,1.0978121281368658e-05,0.0004135238705202937,6.066218360967213e-11,2.1066122180002367e-09,0.0012352796038612723,39,37,1129,84,0.07440212577502214,"{'source_height': 39, 'source_width': 37, 'resized_height': 96, 'resized_width': 91, 'padding_top': 0, 'padding_bottom': 0, 'padding_left': 2, 'padding_right': 3, 'scale': 2.4615384615384617}"
record_000692859:0,artifacts/input_files/record_000692859.npy,0,0,Normal,False,0.999829888343811,0.001861796947196126,AUTO_ACCEPT,Production-enabled class meets the frozen confidence and probability-margin requirements.,True,0.9441788792610168,0.1,8.687864465173334e-05,0.9997430096991593,True,0.7762330770492554,Normal,0.999829888343811,Edge-Loc,8.687864465173334e-05,Scratch,3.855599061353132e-05,0.013826812391926069,0.999829888343811,2.7839223548653536e-05,1.0534580152654627e-11,8.687864465173334e-05,3.860262495436473e-06,1.31029482872691e-05,1.8864308986427103e-12,2.5122208133221413e-11,3.855599061353132e-05,39,37,1129,99,0.08768821966341896,"{'source_height': 39, 'source_width': 37, 'resized_height': 96, 'resized_width': 91, 'padding_top': 0, 'padding_bottom': 0, 'padding_left': 2, 'padding_right': 3, 'scale': 2.4615384615384617}"
record_000693004:0,artifacts/input_files/record_000693004.npy,0,0,Normal,False,0.9991851449012756,0.007496787700802088,AUTO_ACCEPT,Production-enabled class meets the frozen confidence and probability-margin requirements.,True,0.9441788792610168,0.1,0.000496628344990313,0.9986885165562853,True,0.7762330770492554,Normal,0.9991851449012756,Scratch,0.000496628344990313,Loc,0.00013408984523266554,0.013826812391926069,0.9991851449012756,0.00012090623931726441,4.599244873837449e-10,6.19462807662785e-05,1.2937716746819206e-06,0.00013408984523266554,3.342609175560618e-12,1.7893694859161258e-10,0.000496628344990313,38,38,1136,49,0.043133802816901406,"{'source_height': 38, 'source_width': 38, 'resized_height': 96, 'resized_width': 96, 'padding_top': 0, 'padding_bottom': 0, 'padding_left': 0, 'padding_right': 0, 'scale': 2.526315789473684}"
record_000693392:0,artifacts/input_files/record_000693392.npy,0,0,Normal,False,0.9995410442352295,0.004521227441728115,AUTO_ACCEPT,Production-enabled class meets the frozen confidence and probability-margin requirements.,True,0.9441788792610168,0.1,0.0002538444532547146,0.9992871997819748,True,0.7762330770492554,Normal,0.9995410442352295,Scratch,0.0002538444532547146,Center,9.385055454913527e-05,0.013826812391926069,0.9995410442352295,9.385055454913527e-05,1.3478271276845533e-10,4.169858948444016e-05,7.766546445964195e-07,6.875774852233008e-05,1.5224323537954554e-12,6.791145423790113e-11,0.0002538444532547146,38,38,1138,44,0.03866432337434095,"{'source_height': 38, 'source_width': 38, 'resized_height': 96, 'resized_width': 96, 'padding_top': 0, 'padding_bottom': 0, 'padding_left': 0, 'padding_right': 0, 'scale': 2.526315789473684}"
record_000693581:0,artifacts/input_files/record_000693581.npy,0,0,Normal,False,0.9965779185295105,0.02670617774128914,AUTO_ACCEPT,Production-enabled class meets the frozen confidence and probability-margin requirements.,True,0.9441788792610168,0.1,0.001606371602974832,0.9949715469265357,True,0.7762330770492554,Normal,0.9965779185295105,Center,0.001606371602974832,Scratch,0.0011689289240166545,0.013826812391926069,0.9965779185295105,0.001606371602974832,5.025493354793298e-09,0.00011647264909697697,1.1005733995261835e-06,0.0005292192217893898,2.099419249557144e-11,1.2732176424279373e-09,0.0011689289240166545,38,38,1134,43,0.03791887125220458,"{'source_height': 38, 'source_width': 38, 'resized_height': 96, 'resized_width': 96, 'padding_top': 0, 'padding_bottom': 0, 'padding_left': 0, 'padding_right': 0, 'scale': 2.526315789473684}"
record_000693592:0,artifacts/input_files/record_000693592.npy,0,0,Normal,False,0.9995092153549194,0.004755723290145397,AUTO_ACCEPT,Production-enabled class meets the frozen confidence and probability-margin requirements.,True,0.9441788792610168,0.1,0.0002878282975871116,0.9992213870573323,True,0.7762330770492554,Normal,0.9995092153549194,Scratch,0.0002878282975871116,Center,0.00010888376709772274,0.013826812391926069,0.9995092153549194,0.00010888376709772274,1.209003452906643e-10,2.1235891836113296e-05,3.6423767824089737e-07,7.247663597809151e-05,5.039909461990177e-13,3.588513167174234e-11,0.0002878282975871116,38,38,1135,47,0.04140969162995595,"{'source_height': 38, 'source_width': 38, 'resized_height': 96, 'resized_width': 96, 'padding_top': 0, 'padding_bottom': 0, 'padding_left': 0, 'padding_right': 0, 'scale': 2.526315789473684}"
record_000694178:0,artifacts/input_files/record_000694178.npy,0,0,Normal,False,0.999760091304779,0.0025140810757875443,AUTO_ACCEPT,Production-enabled class meets the frozen confidence and probability-margin requirements.,True,0.9441788792610168,0.1,0.00012142173363827169,0.9996386695711408,True,0.7762330770492554,Normal,0.999760091304779,Scratch,0.00012142173363827169,Center,7.455250306520611e-05,0.013826812391926069,0.999760091304779,7.455250306520611e-05,3.214297578102432e-11,1.596176480234135e-05,3.048479015888006e-07,2.7628631869447418e-05,3.5103368237372756e-13,1.473016673914085e-11,0.00012142173363827169,38,38,1134,54,0.047619047619047616,"{'source_height': 38, 'source_width': 38, 'resized_height': 96, 'resized_width': 96, 'padding_top': 0, 'padding_bottom': 0, 'padding_left': 0, 'padding_right': 0, 'scale': 2.526315789473684}"
record_000694179:0,artifacts/input_files/record_000694179.npy,0,0,Normal,False,0.998376727104187,0.01358310878276825,AUTO_ACCEPT,Production-enabled class meets the frozen confidence and probability-margin requirements.,True,0.9441788792610168,0.1,0.0011051770998165011,0.9972715500043705,True,0.7762330770492554,Normal,0.998376727104187,Scratch,0.0011051770998165011,Loc,0.0002528798650018871,0.013826812391926069,0.998376727104187,0.00019596205675043166,8.70539973440998e-10,6.777694215998054e-05,1.426965468454e-06,0.0002528798650018871,2.500762400978185e-12,2.1623004775594978e-10,0.0011051770998165011,38,38,1139,43,0.03775241439859526,"{'source_height': 38, 'source_width': 38, 'resized_height': 96, 'resized_width': 96, 'padding_top': 0, 'padding_bottom': 0, 'padding_left': 0, 'padding_right': 0, 'scale': 2.526315789473684}"
record_000694187:0,artifacts/input_files/record_000694187.npy,0,0,Normal,False,0.9993348717689514,0.0063038170337677,AUTO_ACCEPT,Production-enabled class meets the frozen confidence and probability-margin requirements.,True,0.9441788792610168,0.1,0.0003690134035423398,0.9989658583654091,True,0.7762330770492554,Normal,0.9993348717689514,Scratch,0.0003690134035423398,Loc,0.0001278958807233721,0.013826812391926069,0.9993348717689514,0.0001095298066502437,3.033275297603666e-10,5.753585719503462e-05,1.0854236052182387e-06,0.0001278958807233721,2.0074571345507497e-12,1.235974517177496e-10,0.0003690134035423398,38,38,1138,45,0.03954305799648506,"{'source_height': 38, 'source_width': 38, 'resized_height': 96, 'resized_width': 96, 'padding_top': 0, 'padding_bottom': 0, 'padding_left': 0, 'padding_right': 0, 'scale': 2.526315789473684}"
record_000694188:0,artifacts/input_files/record_000694188.npy,0,0,Normal,False,0.9997085928916931,0.002999712713062763,AUTO_ACCEPT,Production-enabled class meets the frozen confidence and probability-margin requirements.,True,0.9441788792610168,0.1,0.00016895013686735183,0.9995396427548258,True,0.7762330770492554,Normal,0.9997085928916931,Scratch,0.00016895013686735183,Center,4.2261468479409814e-05,0.013826812391926069,0.9997085928916931,4.2261468479409814e-05,5.764415680897805e-11,4.05922946811188e-05,7.881833425926743e-07,3.8754129491280764e-05,9.558679802540437e-13,3.700155806751759e-11,0.00016895013686735183,38,38,1138,61,0.05360281195079086,"{'source_height': 38, 'source_width': 38, 'resized_height': 96, 'resized_width': 96, 'padding_top': 0, 'padding_bottom': 0, 'padding_left': 0, 'padding_right': 0, 'scale': 2.526315789473684}"
record_000694192:0,artifacts/input_files/record_000694192.npy,0,0,Normal,False,0.9990878105163574,0.00832406710833311,AUTO_ACCEPT,Production-enabled class meets the frozen confidence and probability-margin requirements.,True,0.9441788792610168,0.1,0.0005109439371153712,0.998576866579242,True,0.7762330770492554,Normal,0.9990878105163574,Scratch,0.0005109439371153712,Loc,0.00018113342230208218,0.013826812391926069,0.9990878105163574,0.00016785878688097,3.401414705450634e-10,5.147092088009231e-05,8.339088140019157e-07,0.00018113342230208218,1.4665494296392523e-12,1.239890273785349e-10,0.0005109439371153712,38,38,1139,44,0.038630377524143986,"{'source_height': 38, 'source_width': 38, 'resized_height': 96, 'resized_width': 96, 'padding_top': 0, 'padding_bottom': 0, 'padding_left': 0, 'padding_right': 0, 'scale': 2.526315789473684}"
record_000694311:0,artifacts/input_files/record_000694311.npy,0,0,Normal,False,0.9991656541824341,0.007684989832341671,AUTO_ACCEPT,Production-enabled class meets the frozen confidence and probability-margin requirements.,True,0.9441788792610168,0.1,0.0004913962911814451,0.9986742578912526,True,0.7762330770492554,Normal,0.9991656541824341,Scratch,0.0004913962911814451,Loc,0.00016402441542595625,0.013826812391926069,0.9991656541824341,7.377340079983696e-05,5.368738786870608e-10,0.00010250484774587676,2.6771972443384584e-06,0.00016402441542595625,4.526897520035211e-12,2.5318852570066497e-10,0.0004913962911814451,38,38,1138,48,0.0421792618629174,"{'source_height': 38, 'source_width': 38, 'resized_height': 96, 'resized_width': 96, 'padding_top': 0, 'padding_bottom': 0, 'padding_left': 0, 'padding_right': 0, 'scale': 2.526315789473684}"
record_000694477:0,artifacts/input_files/record_000694477.npy,0,0,Normal,False,0.9981465339660645,0.015763718634843826,AUTO_ACCEPT,Production-enabled class meets the frozen confidence and probability-margin requirements.,True,0.9441788792610168,0.1,0.0008539806003682315,0.9972925533656962,True,0.7762330770492554,Normal,0.9981465339660645,Scratch,0.0008539806003682315,Center,0.0005233705160208046,0.013826812391926069,0.9981465339660645,0.0005233705160208046,2.1406556527381326e-09,0.00012043056631227955,1.8360174180998001e-06,0.00035397321335040033,1.6650991349620448e-11,9.023052860435143e-10,0.0008539806003682315,38,38,1137,38,0.03342128408091469,"{'source_height': 38, 'source_width': 38, 'resized_height': 96, 'resized_width': 96, 'padding_top': 0, 'padding_bottom': 0, 'padding_left': 0, 'padding_right': 0, 'scale': 2.526315789473684}"
record_000694545:0,artifacts/input_files/record_000694545.npy,0,0,Normal,False,0.681728720664978,0.9354123473167419,ABSTAIN,Confidence is below the frozen abstain threshold.,True,0.9441788792610168,0.1,0.15450134873390198,0.527227371931076,True,0.7762330770492554,Normal,0.681728720664978,Scratch,0.15450134873390198,Loc,0.13145284354686737,0.013826812391926069,0.681728720664978,0.030245020985603333,3.805502274190076e-05,0.002006782218813896,2.53498692472931e-05,0.13145284354686737,3.1282314516545284e-09,1.8750121171251521e-06,0.15450134873390198,38,38,1138,78,0.06854130052724078,"{'source_height': 38, 'source_width': 38, 'resized_height': 96, 'resized_width': 96, 'padding_top': 0, 'padding_bottom': 0, 'padding_left': 0, 'padding_right': 0, 'scale': 2.526315789473684}"
record_000694902:0,artifacts/input_files/record_000694902.npy,0,0,Normal,False,0.9999841451644897,0.00020968746684957296,AUTO_ACCEPT,Production-enabled class meets the frozen confidence and probability-margin requirements.,True,0.9441788792610168,0.1,8.49022308102576e-06,0.9999756549414087,True,0.7762330770492554,Normal,0.9999841451644897,Scratch,8.49022308102576e-06,Edge-Loc,4.456854185264092e-06,0.013826812391926069,0.9999841451644897,7.937752570796874e-07,3.714486807330705e-14,4.456854185264092e-06,4.275004812370753e-07,1.6820270047901431e-06,8.928206896466708e-16,5.5237701890829827e-14,8.49022308102576e-06,32,32,793,74,0.09331651954602774,"{'source_height': 32, 'source_width': 32, 'resized_height': 96, 'resized_width': 96, 'padding_top': 0, 'padding_bottom': 0, 'padding_left': 0, 'padding_right': 0, 'scale': 3.0}"
record_000694903:0,artifacts/input_files/record_000694903.npy,0,0,Normal,False,0.9999884366989136,0.00015558043378405273,AUTO_ACCEPT,Production-enabled class meets the frozen confidence and probability-margin requirements.,True,0.9441788792610168,0.1,7.654533874301706e-06,0.9999807821650393,True,0.7762330770492554,Normal,0.9999884366989136,Scratch,7.654533874301706e-06,Loc,1.6184128526219865e-06,0.013826812391926069,0.9999884366989136,1.3691885669686599e-06,5.645174066160226e-14,9.276566856897261e-07,5.335673947115538e-08,1.6184128526219865e-06,2.5163008934408473e-16,2.4891799572609487e-14,7.654533874301706e-06,32,32,793,67,0.08448928121059268,"{'source_height': 32, 'source_width': 32, 'resized_height': 96, 'resized_width': 96, 'padding_top': 0, 'padding_bottom': 0, 'padding_left': 0, 'padding_right': 0, 'scale': 3.0}"
record_000694927:0,artifacts/input_files/record_000694927.npy,0,0,Normal,False,0.9999097585678101,0.0010220049880445004,AUTO_ACCEPT,Production-enabled class meets the frozen confidence and probability-margin requirements.,True,0.9441788792610168,0.1,6.0123995353933424e-05,0.9998496345724561,True,0.7762330770492554,Normal,0.9999097585678101,Scratch,6.0123995353933424e-05,Center,1.4370924873219337e-05,0.013826812391926069,0.9999097585678101,1.4370924873219337e-05,2.7421814818850976e-12,7.546695087512489e-06,3.729151956122223e-07,7.884476872277446e-06,1.916186732398885e-14,1.079931500128084e-12,6.0123995353933424e-05,32,32,793,54,0.06809583858764187,"{'source_height': 32, 'source_width': 32, 'resized_height': 96, 'resized_width': 96, 'padding_top': 0, 'padding_bottom': 0, 'padding_left': 0, 'padding_right': 0, 'scale': 3.0}"
record_000695484:0,artifacts/input_files/record_000695484.npy,0,0,Normal,False,0.7235478758811951,0.7356462478637695,ABSTAIN,Confidence is below the frozen abstain threshold.,True,0.9441788792610168,0.1,0.23966825008392334,0.48387962579727173,True,0.7762330770492554,Normal,0.7235478758811951,Loc,0.23966825008392334,Edge-Loc,0.019253863021731377,0.013826812391926069,0.7235478758811951,0.007325552403926849,1.1956609569097054e-06,0.019253863021731377,2.532495273044333e-05,0.23966825008392334,8.207960533468395e-09,1.363449337077327e-05,0.010164218954741955,31,31,736,185,0.2513586956521739,"{'source_height': 31, 'source_width': 31, 'resized_height': 96, 'resized_width': 96, 'padding_top': 0, 'padding_bottom': 0, 'padding_left': 0, 'padding_right': 0, 'scale': 3.096774193548387}"
record_000695707:0,artifacts/input_files/record_000695707.npy,0,0,Normal,False,0.9977418184280396,0.018368449062108994,AUTO_ACCEPT,Production-enabled class meets the frozen confidence and probability-margin requirements.,True,0.9441788792610168,0.1,0.0013752668164670467,0.9963665516115725,True,0.7762330770492554,Normal,0.9977418184280396,Scratch,0.0013752668164670467,Edge-Loc,0.0005305441445671022,0.013826812391926069,0.9977418184280396,3.5398174077272415e-05,1.0118713644757804e-09,0.0005305441445671022,4.7146255383268e-05,0.00026982714189216495,2.0311856363530723e-11,1.1032974533975448e-09,0.0013752668164670467,62,64,3104,160,0.05154639175257732,"{'source_height': 62, 'source_width': 64, 'resized_height': 93, 'resized_width': 96, 'padding_top': 1, 'padding_bottom': 2, 'padding_left': 0, 'padding_right': 0, 'scale': 1.5}"
record_000695708:0,artifacts/input_files/record_000695708.npy,0,0,Normal,False,0.9957427382469177,0.03152456879615784,AUTO_ACCEPT,Production-enabled class meets the frozen confidence and probability-margin requirements.,True,0.9441788792610168,0.1,0.0028965219389647245,0.992846216307953,True,0.7762330770492554,Normal,0.9957427382469177,Scratch,0.0028965219389647245,Loc,0.0006964413332752883,0.013826812391926069,0.9957427382469177,0.0001545519771752879,4.129204533853681e-09,0.0004951552837155759,1.4429593647946604e-05,0.0006964413332752883,2.5731574856968642e-11,2.4910493667817946e-09,0.0028965219389647245,62,64,3104,126,0.04059278350515464,"{'source_height': 62, 'source_width': 64, 'resized_height': 93, 'resized_width': 96, 'padding_top': 1, 'padding_bottom': 2, 'padding_left': 0, 'padding_right': 0, 'scale': 1.5}"
record_000695851:0,artifacts/input_files/record_000695851.npy,0,0,Normal,False,0.9928503036499023,0.05072138085961342,AUTO_ACCEPT,Production-enabled class meets the frozen confidence and probability-margin requirements.,True,0.9441788792610168,0.1,0.003989295102655888,0.9888610085472465,True,0.7762330770492554,Normal,0.9928503036499023,Scratch,0.003989295102655888,Edge-Loc,0.0016036111628636718,0.013826812391926069,0.9928503036499023,0.00012595023144967854,1.200895027864135e-08,0.0016036111628636718,0.00030199025059118867,0.0011288002133369446,2.571607649048957e-10,1.3861395586900471e-08,0.003989295102655888,62,64,3104,130,0.04188144329896907,"{'source_height': 62, 'source_width': 64, 'resized_height': 93, 'resized_width': 96, 'padding_top': 1, 'padding_bottom': 2, 'padding_left': 0, 'padding_right': 0, 'scale': 1.5}"
record_000695853:0,artifacts/input_files/record_000695853.npy,0,0,Normal,False,0.9952961802482605,0.034855589270591736,AUTO_ACCEPT,Production-enabled class meets the frozen confidence and probability-margin requirements.,True,0.9441788792610168,0.1,0.0028623004909604788,0.9924338797573,True,0.7762330770492554,Normal,0.9952961802482605,Scratch,0.0028623004909604788,Loc,0.0009534266428090632,0.013826812391926069,0.9952961802482605,0.0001533114700578153,7.746790764429079e-09,0.0007063695811666548,2.8427248253137805e-05,0.0009534266428090632,6.777024774695661e-11,5.01524022311628e-09,0.0028623004909604788,62,64,3104,121,0.0389819587628866,"{'source_height': 62, 'source_width': 64, 'resized_height': 93, 'resized_width': 96, 'padding_top': 1, 'padding_bottom': 2, 'padding_left': 0, 'padding_right': 0, 'scale': 1.5}"
record_000695913:0,artifacts/input_files/record_000695913.npy,0,0,Normal,False,0.9998660087585449,0.0014622140442952514,AUTO_ACCEPT,Production-enabled class meets the frozen confidence and probability-margin requirements.,True,0.9441788792610168,0.1,9.009411587612703e-05,0.9997759146426688,True,0.7762330770492554,Normal,0.9998660087585449,Edge-Loc,9.009411587612703e-05,Scratch,2.218048757640645e-05,0.013826812391926069,0.9998660087585449,5.520854301721556e-06,1.75135039391823e-13,9.009411587612703e-05,1.8195222537542577e-06,1.4391993317985907e-05,1.665984211208279e-14,7.674179759546707e-13,2.218048757640645e-05,31,28,682,73,0.10703812316715543,"{'source_height': 31, 'source_width': 28, 'resized_height': 96, 'resized_width': 87, 'padding_top': 0, 'padding_bottom': 0, 'padding_left': 4, 'padding_right': 5, 'scale': 3.096774193548387}"
record_000695925:0,artifacts/input_files/record_000695925.npy,0,0,Normal,False,0.999998927116394,1.598217204445973e-05,AUTO_ACCEPT,Production-enabled class meets the frozen confidence and probability-margin requirements.,True,0.9441788792610168,0.1,4.2377880049571104e-07,0.9999985033375935,True,0.7762330770492554,Normal,0.999998927116394,Scratch,4.2377880049571104e-07,Edge-Loc,3.0214962976060633e-07,0.012193358998047188,0.999998927116394,1.3921891195423086e-07,8.027829534730006e-17,3.0214962976060633e-07,8.344774649060582e-09,1.1260247845257254e-07,1.8662822097051502e-18,1.5236759527455376e-16,4.2377880049571104e-07,31,28,682,85,0.12463343108504399,"{'source_height': 31, 'source_width': 28, 'resized_height': 96, 'resized_width': 87, 'padding_top': 0, 'padding_bottom': 0, 'padding_left': 4, 'padding_right': 5, 'scale': 3.096774193548387}"
record_000695946:0,artifacts/input_files/record_000695946.npy,0,0,Normal,False,0.9999912977218628,0.00012095890997443348,AUTO_ACCEPT,Production-enabled class meets the frozen confidence and probability-margin requirements.,True,0.9441788792610168,0.1,4.659702881326666e-06,0.9999866380189815,True,0.7762330770492554,Normal,0.9999912977218628,Scratch,4.659702881326666e-06,Edge-Loc,2.4772050437604776e-06,0.012193358998047188,0.9999912977218628,8.750688493819325e-07,1.474383833880051e-14,2.4772050437604776e-06,2.6893025051322184e-07,4.6644305484733195e-07,6.78243156607719e-16,2.279123579044997e-14,4.659702881326666e-06,31,28,682,68,0.09970674486803519,"{'source_height': 31, 'source_width': 28, 'resized_height': 96, 'resized_width': 87, 'padding_top': 0, 'padding_bottom': 0, 'padding_left': 4, 'padding_right': 5, 'scale': 3.096774193548387}"
record_000696197:0,artifacts/input_files/record_000696197.npy,0,0,Normal,False,0.9995561242103577,0.004210834391415119,AUTO_ACCEPT,Production-enabled class meets the frozen confidence and probability-margin requirements.,True,0.9441788792610168,0.1,0.00032484723487868905,0.999231276975479,True,0.7762330770492554,Normal,0.9995561242103577,Scratch,0.00032484723487868905,Loc,8.038646774366498e-05,0.012193358998047188,0.9995561242103577,1.7031712786774733e-06,1.556581329861795e-15,3.681586167658679e-05,8.597884715300097e-08,8.038646774366498e-05,2.9697166933240306e-20,2.2619298266552713e-14,0.00032484723487868905,25,27,516,106,0.2054263565891473,"{'source_height': 25, 'source_width': 27, 'resized_height': 89, 'resized_width': 96, 'padding_top': 3, 'padding_bottom': 4, 'padding_left': 0, 'padding_right': 0, 'scale': 3.5555555555555554}"
record_000696199:0,artifacts/input_files/record_000696199.npy,0,0,Normal,False,0.9660559892654419,0.1498122662305832,AUTO_ACCEPT,Production-enabled class meets the frozen confidence and probability-margin requirements.,True,0.9441788792610168,0.1,0.033703986555337906,0.932352002710104,True,0.7762330770492554,Normal,0.9660559892654419,Edge-Loc,0.033703986555337906,Loc,0.00016935561143327504,0.012193358998047188,0.9660559892654419,9.96884296000644e-07,1.5914513469596496e-15,0.033703986555337906,1.667227661528159e-05,0.00016935561143327504,1.8486176436469885e-15,2.5115619219778784e-12,5.301976852933876e-05,25,27,516,96,0.18604651162790697,"{'source_height': 25, 'source_width': 27, 'resized_height': 89, 'resized_width': 96, 'padding_top': 3, 'padding_bottom': 4, 'padding_left': 0, 'padding_right': 0, 'scale': 3.5555555555555554}"
record_000696296:0,artifacts/input_files/record_000696296.npy,0,0,Normal,False,0.9787824749946594,0.11011557281017303,AUTO_ACCEPT,Production-enabled class meets the frozen confidence and probability-margin requirements.,True,0.9441788792610168,0.1,0.019201690331101418,0.959580784663558,True,0.7762330770492554,Normal,0.9787824749946594,Edge-Loc,0.019201690331101418,Edge-Ring,0.0018324556294828653,0.012193358998047188,0.9787824749946594,2.1601488242595224e-06,4.3831048003335066e-14,0.019201690331101418,0.0018324556294828653,3.368189209140837e-05,3.311073136047331e-14,4.3477249578316446e-11,0.00014757271856069565,25,27,516,103,0.1996124031007752,"{'source_height': 25, 'source_width': 27, 'resized_height': 89, 'resized_width': 96, 'padding_top': 3, 'padding_bottom': 4, 'padding_left': 0, 'padding_right': 0, 'scale': 3.5555555555555554}"
record_000696426:0,artifacts/input_files/record_000696426.npy,0,0,Normal,False,0.866270124912262,0.4017811417579651,ENGINEER_REVIEW,Class is review-only or confidence does not meet its production auto-accept threshold.,True,0.9441788792610168,0.1,0.1324087530374527,0.7338613718748093,True,0.7762330770492554,Normal,0.866270124912262,Scratch,0.1324087530374527,Loc,0.0008978918776847422,0.012193358998047188,0.866270124912262,0.00038979906821623445,5.542287517812383e-09,3.2168696634471416e-05,1.2204685617689393e-06,0.0008978918776847422,1.339296838342096e-15,2.8318455913556306e-10,0.1324087530374527,25,27,516,102,0.19767441860465115,"{'source_height': 25, 'source_width': 27, 'resized_height': 89, 'resized_width': 96, 'padding_top': 3, 'padding_bottom': 4, 'padding_left': 0, 'padding_right': 0, 'scale': 3.5555555555555554}"
record_000696487:0,artifacts/input_files/record_000696487.npy,0,3,Edge-Loc,True,0.48380014300346375,0.9907817840576172,ABSTAIN,Confidence is below the frozen abstain threshold.,False,,,0.4229823350906372,0.06081780791282654,True,0.7762330770492554,Edge-Loc,0.48380014300346375,Loc,0.4229823350906372,Normal,0.07320019602775574,0.012193358998047188,0.07320019602775574,0.018503740429878235,1.0551741524977842e-07,0.48380014300346375,9.917130955727771e-05,0.4229823350906372,1.568481877711747e-07,3.097941953456029e-05,0.001383172464556992,25,27,516,128,0.24806201550387597,"{'source_height': 25, 'source_width': 27, 'resized_height': 89, 'resized_width': 96, 'padding_top': 3, 'padding_bottom': 4, 'padding_left': 0, 'padding_right': 0, 'scale': 3.5555555555555554}"
record_000696770:0,artifacts/input_files/record_000696770.npy,0,0,Normal,False,0.622352123260498,0.9382979869842529,ABSTAIN,Confidence is below the frozen abstain threshold.,True,0.9441788792610168,0.1,0.23612971603870392,0.38622240722179413,True,0.7762330770492554,Normal,0.622352123260498,Edge-Loc,0.23612971603870392,Loc,0.13578464090824127,0.012193358998047188,0.622352123260498,0.00025192138855345547,5.666384694791304e-09,0.23612971603870392,0.00011679522867780179,0.13578464090824127,1.211224787134313e-09,1.3910695315644261e-06,0.005363529548048973,25,27,516,125,0.24224806201550386,"{'source_height': 25, 'source_width': 27, 'resized_height': 89, 'resized_width': 96, 'padding_top': 3, 'padding_bottom': 4, 'padding_left': 0, 'padding_right': 0, 'scale': 3.5555555555555554}"
record_000697137:0,artifacts/input_files/record_000697137.npy,0,0,Normal,False,0.9963629841804504,0.024341704323887825,AUTO_ACCEPT,Production-enabled class meets the frozen confidence and probability-margin requirements.,True,0.9441788792610168,0.1,0.003592315362766385,0.992770668817684,True,0.7762330770492554,Normal,0.9963629841804504,Edge-Loc,0.003592315362766385,Loc,2.9599021218018606e-05,0.012193358998047188,0.9963629841804504,1.5153619870034163e-06,1.5493308601821962e-16,0.003592315362766385,3.774400283873547e-06,2.9599021218018606e-05,2.819217146910175e-17,1.6845590677591615e-13,9.914354450302199e-06,25,27,516,115,0.22286821705426357,"{'source_height': 25, 'source_width': 27, 'resized_height': 89, 'resized_width': 96, 'padding_top': 3, 'padding_bottom': 4, 'padding_left': 0, 'padding_right': 0, 'scale': 3.5555555555555554}"
record_000697145:0,artifacts/input_files/record_000697145.npy,0,0,Normal,False,0.9983115196228027,0.013799828477203846,AUTO_ACCEPT,Production-enabled class meets the frozen confidence and probability-margin requirements.,True,0.9441788792610168,0.1,0.0012417002581059933,0.9970698193646967,True,0.7762330770492554,Normal,0.9983115196228027,Edge-Loc,0.0012417002581059933,Loc,0.00031926989322528243,0.012193358998047188,0.9983115196228027,6.10506976954639e-05,8.489991478941028e-14,0.0012417002581059933,5.929743451815739e-07,0.00031926989322528243,7.402623266705276e-16,3.674049606217089e-11,6.577163003385067e-05,25,27,516,122,0.2364341085271318,"{'source_height': 25, 'source_width': 27, 'resized_height': 89, 'resized_width': 96, 'padding_top': 3, 'padding_bottom': 4, 'padding_left': 0, 'padding_right': 0, 'scale': 3.5555555555555554}"
record_000697169:0,artifacts/input_files/record_000697169.npy,0,0,Normal,False,0.9997130036354065,0.0028938399627804756,AUTO_ACCEPT,Production-enabled class meets the frozen confidence and probability-margin requirements.,True,0.9441788792610168,0.1,0.00018565906793810427,0.9995273445674684,True,0.7762330770492554,Normal,0.9997130036354065,Edge-Loc,0.00018565906793810427,Loc,5.209890514379367e-05,0.012193358998047188,0.9997130036354065,1.5634627743565943e-06,1.4271256846428945e-15,0.00018565906793810427,2.8562740794768615e-07,5.209890514379367e-05,1.1325751777197226e-18,7.275051465112717e-14,4.7488920245086774e-05,25,27,516,109,0.21124031007751937,"{'source_height': 25, 'source_width': 27, 'resized_height': 89, 'resized_width': 96, 'padding_top': 3, 'padding_bottom': 4, 'padding_left': 0, 'padding_right': 0, 'scale': 3.5555555555555554}"
record_000697251:0,artifacts/input_files/record_000697251.npy,0,0,Normal,False,0.9973546266555786,0.02119957096874714,AUTO_ACCEPT,Production-enabled class meets the frozen confidence and probability-margin requirements.,True,0.9441788792610168,0.1,0.0013287641340866685,0.996025862521492,True,0.7762330770492554,Normal,0.9973546266555786,Loc,0.0013287641340866685,Edge-Loc,0.0007597954827360809,0.012193358998047188,0.9973546266555786,3.15177021548152e-05,1.0799615325282619e-12,0.0007597954827360809,8.200901220334345e-07,0.0013287641340866685,7.385772605010836e-16,9.065085487813818e-11,0.0005244486383162439,25,27,516,110,0.2131782945736434,"{'source_height': 25, 'source_width': 27, 'resized_height': 89, 'resized_width': 96, 'padding_top': 3, 'padding_bottom': 4, 'padding_left': 0, 'padding_right': 0, 'scale': 3.5555555555555554}"
record_000697256:0,artifacts/input_files/record_000697256.npy,0,0,Normal,False,0.990565836429596,0.06274780631065369,AUTO_ACCEPT,Production-enabled class meets the frozen confidence and probability-margin requirements.,True,0.9441788792610168,0.1,0.005649518221616745,0.9849163182079792,True,0.7762330770492554,Normal,0.990565836429596,Loc,0.005649518221616745,Scratch,0.002601569052785635,0.012193358998047188,0.990565836429596,0.00027925820904783905,3.631019096506094e-11,0.0009022662416100502,1.5726484434708254e-06,0.005649518221616745,1.681254012961611e-14,5.950216430683497e-10,0.002601569052785635,25,27,516,101,0.19573643410852712,"{'source_height': 25, 'source_width': 27, 'resized_height': 89, 'resized_width': 96, 'padding_top': 3, 'padding_bottom': 4, 'padding_left': 0, 'padding_right': 0, 'scale': 3.5555555555555554}"
record_000697266:0,artifacts/input_files/record_000697266.npy,0,0,Normal,False,0.9996576309204102,0.0033907738979905844,AUTO_ACCEPT,Production-enabled class meets the frozen confidence and probability-margin requirements.,True,0.9441788792610168,0.1,0.00020188534108456224,0.9994557455793256,True,0.7762330770492554,Normal,0.9996576309204102,Edge-Loc,0.00020188534108456224,Loc,0.00010351168020861223,0.012193358998047188,0.9996576309204102,2.48500299449006e-07,7.385057391565998e-16,0.00020188534108456224,4.314164812058152e-07,0.00010351168020861223,8.866942930722632e-19,2.6923004908916033e-14,3.6281999200582504e-05,25,27,516,91,0.17635658914728683,"{'source_height': 25, 'source_width': 27, 'resized_height': 89, 'resized_width': 96, 'padding_top': 3, 'padding_bottom': 4, 'padding_left': 0, 'padding_right': 0, 'scale': 3.5555555555555554}"
record_000697951:0,artifacts/input_files/record_000697951.npy,0,3,Edge-Loc,True,0.9809793829917908,0.09590540826320648,ENGINEER_REVIEW,Class is review-only or confidence does not meet its production auto-accept threshold.,False,,,0.018710333853960037,0.9622690491378307,True,0.7762330770492554,Edge-Loc,0.9809793829917908,Loc,0.018710333853960037,Normal,0.00028515324811451137,0.012193358998047188,0.00028515324811451137,7.632063898199704e-06,6.291761556198594e-10,0.9809793829917908,1.0530790859775152e-05,0.018710333853960037,9.824734803487445e-09,1.5254333902703365e-06,5.411442998592975e-06,25,27,516,150,0.29069767441860467,"{'source_height': 25, 'source_width': 27, 'resized_height': 89, 'resized_width': 96, 'padding_top': 3, 'padding_bottom': 4, 'padding_left': 0, 'padding_right': 0, 'scale': 3.5555555555555554}"
record_000698664:0,artifacts/input_files/record_000698664.npy,0,0,Normal,False,0.999806821346283,0.0020499639213085175,AUTO_ACCEPT,Production-enabled class meets the frozen confidence and probability-margin requirements.,True,0.9441788792610168,0.1,0.00010145456326426938,0.9997053667830187,True,0.7762330770492554,Normal,0.999806821346283,Scratch,0.00010145456326426938,Loc,4.8840203817235306e-05,0.012193358998047188,0.999806821346283,1.7764596123015508e-06,1.1491782816276186e-15,4.103139872313477e-05,6.118346362882221e-08,4.8840203817235306e-05,6.388397296338581e-20,1.2569416671772207e-14,0.00010145456326426938,25,27,516,116,0.2248062015503876,"{'source_height': 25, 'source_width': 27, 'resized_height': 89, 'resized_width': 96, 'padding_top': 3, 'padding_bottom': 4, 'padding_left': 0, 'padding_right': 0, 'scale': 3.5555555555555554}"
record_000698699:0,artifacts/input_files/record_000698699.npy,0,0,Normal,False,0.9992237091064453,0.007060641422867775,AUTO_ACCEPT,Production-enabled class meets the frozen confidence and probability-margin requirements.,True,0.9441788792610168,0.1,0.0004864987567998469,0.9987372103496455,True,0.7762330770492554,Normal,0.9992237091064453,Loc,0.0004864987567998469,Edge-Loc,0.00016203077393583953,0.012193358998047188,0.9992237091064453,2.2059521143091843e-06,1.5585455018576888e-13,0.00016203077393583953,3.8812575553492934e-07,0.0004864987567998469,2.6020397190315202e-17,1.0900368064767352e-12,0.00012518595030996948,25,27,516,109,0.21124031007751937,"{'source_height': 25, 'source_width': 27, 'resized_height': 89, 'resized_width': 96, 'padding_top': 3, 'padding_bottom': 4, 'padding_left': 0, 'padding_right': 0, 'scale': 3.5555555555555554}"
record_000698983:0,artifacts/input_files/record_000698983.npy,0,0,Normal,False,0.9988434314727783,0.009241051971912384,AUTO_ACCEPT,Production-enabled class meets the frozen confidence and probability-margin requirements.,True,0.9441788792610168,0.1,0.0011054706992581487,0.9977379607735202,True,0.7762330770492554,Normal,0.9988434314727783,Edge-Loc,0.0011054706992581487,Loc,2.1788162484881468e-05,0.012193358998047188,0.9988434314727783,8.608041923707788e-08,8.992626531432256e-17,0.0011054706992581487,1.2697462807409465e-05,2.1788162484881468e-05,2.342503323241729e-18,2.973137822092145e-14,1.645475822442677e-05,25,27,516,103,0.1996124031007752,"{'source_height': 25, 'source_width': 27, 'resized_height': 89, 'resized_width': 96, 'padding_top': 3, 'padding_bottom': 4, 'padding_left': 0, 'padding_right': 0, 'scale': 3.5555555555555554}"
record_000699394:0,artifacts/input_files/record_000699394.npy,0,0,Normal,False,0.9955005049705505,0.03366049379110336,AUTO_ACCEPT,Production-enabled class meets the frozen confidence and probability-margin requirements.,True,0.9441788792610168,0.1,0.002069205744192004,0.9934312992263585,True,0.7762330770492554,Normal,0.9955005049705505,Center,0.002069205744192004,Loc,0.0018324502743780613,0.012193358998047188,0.9955005049705505,0.002069205744192004,2.386451973535042e-11,0.000375773903215304,3.341170895510004e-07,0.0018324502743780613,3.6777503107819284e-14,2.851072156140333e-10,0.0002216960274381563,25,27,516,99,0.19186046511627908,"{'source_height': 25, 'source_width': 27, 'resized_height': 89, 'resized_width': 96, 'padding_top': 3, 'padding_bottom': 4, 'padding_left': 0, 'padding_right': 0, 'scale': 3.5555555555555554}"
record_000699559:0,artifacts/input_files/record_000699559.npy,0,0,Normal,False,0.9863556027412415,0.07776638865470886,AUTO_ACCEPT,Production-enabled class meets the frozen confidence and probability-margin requirements.,True,0.9441788792610168,0.1,0.012181091122329235,0.9741745116189122,True,0.7762330770492554,Normal,0.9863556027412415,Scratch,0.012181091122329235,Loc,0.00113135133869946,0.012193358998047188,0.9863556027412415,7.044884114293382e-05,3.565552367246205e-11,0.0002586311602499336,2.9445307063724613e-06,0.00113135133869946,7.145929932039861e-16,6.019466869400247e-11,0.012181091122329235,25,27,516,98,0.18992248062015504,"{'source_height': 25, 'source_width': 27, 'resized_height': 89, 'resized_width': 96, 'padding_top': 3, 'padding_bottom': 4, 'padding_left': 0, 'padding_right': 0, 'scale': 3.5555555555555554}"
record_000699843:0,artifacts/input_files/record_000699843.npy,0,0,Normal,False,0.9891291856765747,0.07074812799692154,AUTO_ACCEPT,Production-enabled class meets the frozen confidence and probability-margin requirements.,True,0.9441788792610168,0.1,0.006534250918775797,0.9825949347577989,True,0.7762330770492554,Normal,0.9891291856765747,Edge-Loc,0.006534250918775797,Scratch,0.002562098205089569,0.012193358998047188,0.9891291856765747,7.831818948034197e-06,2.3316043540333453e-11,0.006534250918775797,0.0001392033154843375,0.0016273143701255322,6.93876379964653e-14,3.8193062046332216e-09,0.002562098205089569,25,27,516,129,0.25,"{'source_height': 25, 'source_width': 27, 'resized_height': 89, 'resized_width': 96, 'padding_top': 3, 'padding_bottom': 4, 'padding_left': 0, 'padding_right': 0, 'scale': 3.5555555555555554}"
record_000699912:0,artifacts/input_files/record_000699912.npy,0,0,Normal,False,0.9967672824859619,0.024549955502152443,AUTO_ACCEPT,Production-enabled class meets the frozen confidence and probability-margin requirements.,True,0.9441788792610168,0.1,0.002170255407691002,0.9945970270782709,True,0.7762330770492554,Normal,0.9967672824859619,Edge-Loc,0.002170255407691002,Scratch,0.0007326508057303727,0.012193358998047188,0.9967672824859619,4.306196387915406e-06,2.2330948938956152e-13,0.002170255407691002,1.3745793694397435e-05,0.00031170150032266974,9.78424592153269e-16,5.521149509801759e-12,0.0007326508057303727,25,27,516,88,0.17054263565891473,"{'source_height': 25, 'source_width': 27, 'resized_height': 89, 'resized_width': 96, 'padding_top': 3, 'padding_bottom': 4, 'padding_left': 0, 'padding_right': 0, 'scale': 3.5555555555555554}"
record_000699979:0,artifacts/input_files/record_000699979.npy,0,0,Normal,False,0.9989666938781738,0.009201140142977238,AUTO_ACCEPT,Production-enabled class meets the frozen confidence and probability-margin requirements.,True,0.9441788792610168,0.1,0.0005542792496271431,0.9984124146285467,True,0.7762330770492554,Normal,0.9989666938781738,Loc,0.0005542792496271431,Scratch,0.0002893146011047065,0.012193358998047188,0.9989666938781738,5.7433398978901096e-06,1.031175809345676e-13,0.00018366974836681038,3.9562885945088055e-07,0.0005542792496271431,1.4753059046820092e-17,1.4372334702569822e-12,0.0002893146011047065,25,27,516,99,0.19186046511627908,"{'source_height': 25, 'source_width': 27, 'resized_height': 89, 'resized_width': 96, 'padding_top': 3, 'padding_bottom': 4, 'padding_left': 0, 'padding_right': 0, 'scale': 3.5555555555555554}"
record_000700042:0,artifacts/input_files/record_000700042.npy,0,0,Normal,False,0.9998440742492676,0.0016833863919600844,AUTO_ACCEPT,Production-enabled class meets the frozen confidence and probability-margin requirements.,True,0.9441788792610168,0.1,8.100482227746397e-05,0.9997630694269901,True,0.7762330770492554,Normal,0.9998440742492676,Loc,8.100482227746397e-05,Edge-Loc,5.118869012221694e-05,0.012193358998047188,0.9998440742492676,1.9610861272667535e-06,3.8095574147536135e-16,5.118869012221694e-05,1.9642344639692055e-08,8.100482227746397e-05,4.597981662573745e-20,2.0447507483858582e-14,2.164274155802559e-05,25,27,516,118,0.22868217054263565,"{'source_height': 25, 'source_width': 27, 'resized_height': 89, 'resized_width': 96, 'padding_top': 3, 'padding_bottom': 4, 'padding_left': 0, 'padding_right': 0, 'scale': 3.5555555555555554}"
record_000700206:0,artifacts/input_files/record_000700206.npy,0,0,Normal,False,0.9996988773345947,0.0030655167065560818,AUTO_ACCEPT,Production-enabled class meets the frozen confidence and probability-margin requirements.,True,0.9441788792610168,0.1,0.00013420036702882499,0.9995646769675659,True,0.7762330770492554,Normal,0.9996988773345947,Loc,0.00013420036702882499,Scratch,0.00010672879579942673,0.012193358998047188,0.9996988773345947,1.1642795243460569e-06,7.947285780580526e-15,5.8872028603218496e-05,1.5952905130234285e-07,0.00013420036702882499,9.3886736604055e-19,7.804493813365343e-14,0.00010672879579942673,25,27,516,84,0.16279069767441862,"{'source_height': 25, 'source_width': 27, 'resized_height': 89, 'resized_width': 96, 'padding_top': 3, 'padding_bottom': 4, 'padding_left': 0, 'padding_right': 0, 'scale': 3.5555555555555554}"
record_000700218:0,artifacts/input_files/record_000700218.npy,0,0,Normal,False,0.9999847412109375,0.00020166687318123877,AUTO_ACCEPT,Production-enabled class meets the frozen confidence and probability-margin requirements.,True,0.9441788792610168,0.1,6.217082955117803e-06,0.9999785241279824,True,0.7762330770492554,Normal,0.9999847412109375,Edge-Loc,6.217082955117803e-06,Scratch,5.518867510545533e-06,0.012193358998047188,0.9999847412109375,4.9021959824813166e-08,1.2367620707088645e-17,6.217082955117803e-06,2.088428452395874e-08,3.490798462735256e-06,5.819354145907281e-21,8.412684910015408e-17,5.518867510545533e-06,25,27,516,85,0.16472868217054262,"{'source_height': 25, 'source_width': 27, 'resized_height': 89, 'resized_width': 96, 'padding_top': 3, 'padding_bottom': 4, 'padding_left': 0, 'padding_right': 0, 'scale': 3.5555555555555554}"
record_000701145:0,artifacts/input_files/record_000701145.npy,0,0,Normal,False,0.9999953508377075,6.601606582989916e-05,AUTO_ACCEPT,Production-enabled class meets the frozen confidence and probability-margin requirements.,True,0.9441788792610168,0.1,3.1799547741684364e-06,0.9999921708829334,True,0.7762330770492554,Normal,0.9999953508377075,Edge-Loc,3.1799547741684364e-06,Scratch,8.465863743367663e-07,0.012193358998047188,0.9999953508377075,2.134334131653759e-08,8.57136493147541e-19,3.1799547741684364e-06,2.2258891618776033e-08,5.933171678407234e-07,3.0191537000108235e-21,1.743081639758288e-17,8.465863743367663e-07,25,27,516,86,0.16666666666666666,"{'source_height': 25, 'source_width': 27, 'resized_height': 89, 'resized_width': 96, 'padding_top': 3, 'padding_bottom': 4, 'padding_left': 0, 'padding_right': 0, 'scale': 3.5555555555555554}"
record_000701262:0,artifacts/input_files/record_000701262.npy,0,0,Normal,False,0.999711811542511,0.0029037692584097385,AUTO_ACCEPT,Production-enabled class meets the frozen confidence and probability-margin requirements.,True,0.9441788792610168,0.1,0.00014041877875570208,0.9995713927637553,True,0.7762330770492554,Normal,0.999711811542511,Scratch,0.00014041877875570208,Loc,0.00012577495363075286,0.012193358998047188,0.999711811542511,1.0948169801849872e-06,5.2924867416923645e-15,2.0861001758021303e-05,3.117237667993322e-08,0.00012577495363075286,7.377981251234471e-20,1.883427394350646e-14,0.00014041877875570208,25,27,516,98,0.18992248062015504,"{'source_height': 25, 'source_width': 27, 'resized_height': 89, 'resized_width': 96, 'padding_top': 3, 'padding_bottom': 4, 'padding_left': 0, 'padding_right': 0, 'scale': 3.5555555555555554}"
record_000701836:0,artifacts/input_files/record_000701836.npy,0,0,Normal,False,0.9999685287475586,0.0003691870952025056,AUTO_ACCEPT,Production-enabled class meets the frozen confidence and probability-margin requirements.,True,0.9441788792610168,0.1,2.88579522020882e-05,0.9999396707953565,True,0.7762330770492554,Normal,0.9999685287475586,Edge-Loc,2.88579522020882e-05,Loc,1.3733407513427665e-06,0.012193358998047188,0.9999685287475586,3.954853511345391e-08,9.17460345377984e-19,2.88579522020882e-05,1.9551569607756392e-07,1.3733407513427665e-06,2.0378344022673963e-20,7.483103308095256e-17,1.0010036248786491e-06,25,27,516,96,0.18604651162790697,"{'source_height': 25, 'source_width': 27, 'resized_height': 89, 'resized_width': 96, 'padding_top': 3, 'padding_bottom': 4, 'padding_left': 0, 'padding_right': 0, 'scale': 3.5555555555555554}"
record_000701981:0,artifacts/input_files/record_000701981.npy,0,0,Normal,False,0.9967474937438965,0.024833373725414276,AUTO_ACCEPT,Production-enabled class meets the frozen confidence and probability-margin requirements.,True,0.9441788792610168,0.1,0.002035103738307953,0.9947123900055885,True,0.7762330770492554,Normal,0.9967474937438965,Center,0.002035103738307953,Loc,0.0009312552283518016,0.012193358998047188,0.9967474937438965,0.002035103738307953,1.6286818627694183e-13,0.0002302436769241467,6.359929471955184e-08,0.0009312552283518016,3.319206071121159e-16,1.311627802896842e-11,5.566819163504988e-05,25,27,516,106,0.2054263565891473,"{'source_height': 25, 'source_width': 27, 'resized_height': 89, 'resized_width': 96, 'padding_top': 3, 'padding_bottom': 4, 'padding_left': 0, 'padding_right': 0, 'scale': 3.5555555555555554}"
record_000702029:0,artifacts/input_files/record_000702029.npy,0,0,Normal,False,0.9998494386672974,0.001657730434089899,AUTO_ACCEPT,Production-enabled class meets the frozen confidence and probability-margin requirements.,True,0.9441788792610168,0.1,5.456779763335362e-05,0.999794870869664,True,0.7762330770492554,Normal,0.9998494386672974,Loc,5.456779763335362e-05,Scratch,5.339475683285855e-05,0.012193358998047188,0.9998494386672974,6.059614406694891e-06,3.280256637470209e-15,3.649598511401564e-05,3.037069973288453e-08,5.456779763335362e-05,3.351090124199194e-19,3.5886410894780604e-14,5.339475683285855e-05,25,27,516,107,0.20736434108527133,"{'source_height': 25, 'source_width': 27, 'resized_height': 89, 'resized_width': 96, 'padding_top': 3, 'padding_bottom': 4, 'padding_left': 0, 'padding_right': 0, 'scale': 3.5555555555555554}"
record_000702038:0,artifacts/input_files/record_000702038.npy,0,0,Normal,False,0.9999203681945801,0.0009225100511685014,AUTO_ACCEPT,Production-enabled class meets the frozen confidence and probability-margin requirements.,True,0.9441788792610168,0.1,2.931263588834554e-05,0.9998910555586917,True,0.7762330770492554,Normal,0.9999203681945801,Loc,2.931263588834554e-05,Scratch,2.747081089182757e-05,0.012193358998047188,0.9999203681945801,8.384993748222769e-07,2.905629065908895e-17,2.2061420168029144e-05,8.299675613443469e-09,2.931263588834554e-05,2.698479646823918e-21,4.264028442740376e-16,2.747081089182757e-05,25,27,516,96,0.18604651162790697,"{'source_height': 25, 'source_width': 27, 'resized_height': 89, 'resized_width': 96, 'padding_top': 3, 'padding_bottom': 4, 'padding_left': 0, 'padding_right': 0, 'scale': 3.5555555555555554}"
record_000702045:0,artifacts/input_files/record_000702045.npy,0,0,Normal,False,0.9997530579566956,0.002588867675513029,AUTO_ACCEPT,Production-enabled class meets the frozen confidence and probability-margin requirements.,True,0.9441788792610168,0.1,9.78864190983586e-05,0.9996551715375972,True,0.7762330770492554,Normal,0.9997530579566956,Loc,9.78864190983586e-05,Scratch,7.659284892724827e-05,0.012193358998047188,0.9997530579566956,6.169124844745966e-06,2.7547591757628304e-14,6.611840217374265e-05,1.3224006067957816e-07,9.78864190983586e-05,2.7733969658029028e-17,1.1352318417994292e-13,7.659284892724827e-05,25,27,516,79,0.15310077519379844,"{'source_height': 25, 'source_width': 27, 'resized_height': 89, 'resized_width': 96, 'padding_top': 3, 'padding_bottom': 4, 'padding_left': 0, 'padding_right': 0, 'scale': 3.5555555555555554}"
record_000702209:0,artifacts/input_files/record_000702209.npy,0,0,Normal,False,0.9987886548042297,0.010221036151051521,AUTO_ACCEPT,Production-enabled class meets the frozen confidence and probability-margin requirements.,True,0.9441788792610168,0.1,0.0009326088475063443,0.9978560459567234,True,0.7762330770492554,Normal,0.9987886548042297,Loc,0.0009326088475063443,Scratch,0.00014300833572633564,0.012193358998047188,0.9987886548042297,6.923669843672542e-06,3.094324858734891e-14,0.00012885997421108186,4.110091467168786e-08,0.0009326088475063443,2.877457568992023e-18,8.932816509057973e-13,0.00014300833572633564,25,27,516,112,0.21705426356589147,"{'source_height': 25, 'source_width': 27, 'resized_height': 89, 'resized_width': 96, 'padding_top': 3, 'padding_bottom': 4, 'padding_left': 0, 'padding_right': 0, 'scale': 3.5555555555555554}"
record_000702212:0,artifacts/input_files/record_000702212.npy,0,0,Normal,False,0.9999732971191406,0.0003341779229231179,AUTO_ACCEPT,Production-enabled class meets the frozen confidence and probability-margin requirements.,True,0.9441788792610168,0.1,1.2446107575669885e-05,0.999960851011565,True,0.7762330770492554,Normal,0.9999732971191406,Edge-Loc,1.2446107575669885e-05,Loc,1.1144708878418896e-05,0.012193358998047188,0.9999732971191406,1.015941748505611e-07,3.2185053763185553e-18,1.2446107575669885e-05,6.8773231554075664e-09,1.1144708878418896e-05,2.008500550184413e-21,8.116891740411346e-17,2.9907400858064648e-06,25,27,516,98,0.18992248062015504,"{'source_height': 25, 'source_width': 27, 'resized_height': 89, 'resized_width': 96, 'padding_top': 3, 'padding_bottom': 4, 'padding_left': 0, 'padding_right': 0, 'scale': 3.5555555555555554}"
record_000702291:0,artifacts/input_files/record_000702291.npy,0,0,Normal,False,0.9972708821296692,0.01912957988679409,AUTO_ACCEPT,Production-enabled class meets the frozen confidence and probability-margin requirements.,True,0.9441788792610168,0.1,0.0026815710589289665,0.9945893110707402,True,0.7762330770492554,Normal,0.9972708821296692,Edge-Loc,0.0026815710589289665,Loc,2.2440057364292443e-05,0.012193358998047188,0.9972708821296692,1.2094338899260038e-06,5.277970820437912e-16,0.0026815710589289665,6.675591521343449e-06,2.2440057364292443e-05,1.1043367412117802e-16,1.4521100522111446e-13,1.727266499074176e-05,25,27,516,96,0.18604651162790697,"{'source_height': 25, 'source_width': 27, 'resized_height': 89, 'resized_width': 96, 'padding_top': 3, 'padding_bottom': 4, 'padding_left': 0, 'padding_right': 0, 'scale': 3.5555555555555554}"
record_000702292:0,artifacts/input_files/record_000702292.npy,0,0,Normal,False,0.9998992681503296,0.0011104363948106766,AUTO_ACCEPT,Production-enabled class meets the frozen confidence and probability-margin requirements.,True,0.9441788792610168,0.1,7.11391112417914e-05,0.9998281290390878,True,0.7762330770492554,Normal,0.9998992681503296,Scratch,7.11391112417914e-05,Edge-Loc,1.8076600099448115e-05,0.012193358998047188,0.9998992681503296,5.241622602625284e-07,5.021063080557723e-16,1.8076600099448115e-05,9.824036339978193e-08,1.081748450815212e-05,8.432129237879539e-20,2.6920255016452772e-15,7.11391112417914e-05,25,27,516,85,0.16472868217054262,"{'source_height': 25, 'source_width': 27, 'resized_height': 89, 'resized_width': 96, 'padding_top': 3, 'padding_bottom': 4, 'padding_left': 0, 'padding_right': 0, 'scale': 3.5555555555555554}"
record_000702295:0,artifacts/input_files/record_000702295.npy,0,0,Normal,False,0.9998464584350586,0.0015768667217344046,AUTO_ACCEPT,Production-enabled class meets the frozen confidence and probability-margin requirements.,True,0.9441788792610168,0.1,0.00013443463831208646,0.9997120237967465,True,0.7762330770492554,Normal,0.9998464584350586,Edge-Loc,0.00013443463831208646,Loc,1.2552362932183314e-05,0.012193358998047188,0.9998464584350586,1.974661245185416e-06,4.69144497369404e-16,0.00013443463831208646,4.863051685788378e-07,1.2552362932183314e-05,6.4426211051417516e-18,3.402536770131387e-14,4.0476247704646084e-06,25,27,516,111,0.21511627906976744,"{'source_height': 25, 'source_width': 27, 'resized_height': 89, 'resized_width': 96, 'padding_top': 3, 'padding_bottom': 4, 'padding_left': 0, 'padding_right': 0, 'scale': 3.5555555555555554}"
record_000702299:0,artifacts/input_files/record_000702299.npy,0,0,Normal,False,0.9975357055664062,0.018777308985590935,AUTO_ACCEPT,Production-enabled class meets the frozen confidence and probability-margin requirements.,True,0.9441788792610168,0.1,0.0020925472490489483,0.9954431583173573,True,0.7762330770492554,Normal,0.9975357055664062,Edge-Loc,0.0020925472490489483,Center,0.00014891357568558306,0.012193358998047188,0.9975357055664062,0.00014891357568558306,1.0903352873348204e-12,0.0020925472490489483,3.0438381145359017e-05,0.00010795769048854709,1.1387665441696393e-13,5.556024390562797e-11,8.437843644060194e-05,25,27,516,89,0.17248062015503876,"{'source_height': 25, 'source_width': 27, 'resized_height': 89, 'resized_width': 96, 'padding_top': 3, 'padding_bottom': 4, 'padding_left': 0, 'padding_right': 0, 'scale': 3.5555555555555554}"
record_000702453:0,artifacts/input_files/record_000702453.npy,0,0,Normal,False,0.9978744983673096,0.0169450081884861,AUTO_ACCEPT,Production-enabled class meets the frozen confidence and probability-margin requirements.,True,0.9441788792610168,0.1,0.0015698993811383843,0.9963045989861712,True,0.7762330770492554,Normal,0.9978744983673096,Loc,0.0015698993811383843,Scratch,0.0003274957125540823,0.012193358998047188,0.9978744983673096,0.000153897242853418,2.714100645617723e-13,7.424836076097563e-05,2.4697156320030444e-08,0.0015698993811383843,1.583794281613034e-17,3.1600733314818275e-12,0.0003274957125540823,25,27,516,110,0.2131782945736434,"{'source_height': 25, 'source_width': 27, 'resized_height': 89, 'resized_width': 96, 'padding_top': 3, 'padding_bottom': 4, 'padding_left': 0, 'padding_right': 0, 'scale': 3.5555555555555554}"
record_000702743:0,artifacts/input_files/record_000702743.npy,0,0,Normal,False,0.9935351610183716,0.04387504234910011,AUTO_ACCEPT,Production-enabled class meets the frozen confidence and probability-margin requirements.,True,0.9441788792610168,0.1,0.004543216433376074,0.9889919445849955,True,0.7762330770492554,Normal,0.9935351610183716,Edge-Loc,0.004543216433376074,Loc,0.0015957728028297424,0.012193358998047188,0.9935351610183716,1.9424198853812413e-06,7.910713100203748e-14,0.004543216433376074,3.4332917948631803e-06,0.0015957728028297424,4.1478213457285984e-16,2.759212476555195e-11,0.00032045901753008366,25,27,516,110,0.2131782945736434,"{'source_height': 25, 'source_width': 27, 'resized_height': 89, 'resized_width': 96, 'padding_top': 3, 'padding_bottom': 4, 'padding_left': 0, 'padding_right': 0, 'scale': 3.5555555555555554}"
record_000703010:0,artifacts/input_files/record_000703010.npy,0,0,Normal,False,0.9946975708007812,0.03729228675365448,AUTO_ACCEPT,Production-enabled class meets the frozen confidence and probability-margin requirements.,True,0.9441788792610168,0.1,0.0038252028170973063,0.9908723679836839,True,0.7762330770492554,Normal,0.9946975708007812,Loc,0.0038252028170973063,Scratch,0.0011017739307135344,0.012193358998047188,0.9946975708007812,0.000135103240609169,3.2455954590560054e-11,0.0002402247628197074,1.652290393394651e-07,0.0038252028170973063,2.3595798929245413e-15,6.129914909003276e-10,0.0011017739307135344,25,27,516,117,0.22674418604651161,"{'source_height': 25, 'source_width': 27, 'resized_height': 89, 'resized_width': 96, 'padding_top': 3, 'padding_bottom': 4, 'padding_left': 0, 'padding_right': 0, 'scale': 3.5555555555555554}"
record_000703020:0,artifacts/input_files/record_000703020.npy,0,0,Normal,False,0.9999403953552246,0.000705190293956548,AUTO_ACCEPT,Production-enabled class meets the frozen confidence and probability-margin requirements.,True,0.9441788792610168,0.1,2.7356041755410843e-05,0.9999130393134692,True,0.7762330770492554,Normal,0.9999403953552246,Scratch,2.7356041755410843e-05,Loc,1.7258076695725322e-05,0.012193358998047188,0.9999403953552246,2.912010188538261e-07,6.278795834156032e-16,1.4658337931905407e-05,8.336034085232313e-08,1.7258076695725322e-05,1.5550159288096417e-19,2.594588125349063e-15,2.7356041755410843e-05,25,27,516,80,0.15503875968992248,"{'source_height': 25, 'source_width': 27, 'resized_height': 89, 'resized_width': 96, 'padding_top': 3, 'padding_bottom': 4, 'padding_left': 0, 'padding_right': 0, 'scale': 3.5555555555555554}"
record_000703027:0,artifacts/input_files/record_000703027.npy,0,0,Normal,False,0.4384123980998993,1.2176871299743652,ABSTAIN,Confidence is below the frozen abstain threshold.,True,0.9441788792610168,0.1,0.33581745624542236,0.10259494185447693,True,0.7762330770492554,Normal,0.4384123980998993,Loc,0.33581745624542236,Scratch,0.13480797410011292,0.012193358998047188,0.4384123980998993,0.00010133569594472647,6.75125235716223e-08,0.09076855331659317,9.061246964847669e-05,0.33581745624542236,1.545215622122953e-10,1.6398614661738975e-06,0.13480797410011292,25,27,516,105,0.20348837209302326,"{'source_height': 25, 'source_width': 27, 'resized_height': 89, 'resized_width': 96, 'padding_top': 3, 'padding_bottom': 4, 'padding_left': 0, 'padding_right': 0, 'scale': 3.5555555555555554}"
record_000703453:0,artifacts/input_files/record_000703453.npy,0,0,Normal,False,0.9958180785179138,0.027902480214834213,AUTO_ACCEPT,Production-enabled class meets the frozen confidence and probability-margin requirements.,True,0.9441788792610168,0.1,0.004001059103757143,0.9918170194141567,True,0.7762330770492554,Normal,0.9958180785179138,Edge-Loc,0.004001059103757143,Loc,0.0001570137101225555,0.012193358998047188,0.9958180785179138,9.399399658605034e-08,5.947957470452711e-16,0.004001059103757143,2.836115299942321e-06,0.0001570137101225555,9.009616159469605e-17,8.424803145693979e-14,2.0941988623235375e-05,25,27,516,86,0.16666666666666666,"{'source_height': 25, 'source_width': 27, 'resized_height': 89, 'resized_width': 96, 'padding_top': 3, 'padding_bottom': 4, 'padding_left': 0, 'padding_right': 0, 'scale': 3.5555555555555554}"
record_000703461:0,artifacts/input_files/record_000703461.npy,0,0,Normal,False,0.9857746362686157,0.07754198461771011,AUTO_ACCEPT,Production-enabled class meets the frozen confidence and probability-margin requirements.,True,0.9441788792610168,0.1,0.013536160811781883,0.9722384754568338,True,0.7762330770492554,Normal,0.9857746362686157,Edge-Loc,0.013536160811781883,Loc,0.000649807567242533,0.012193358998047188,0.9857746362686157,4.4060877257834363e-07,4.28272902439162e-15,0.013536160811781883,2.9544298740802333e-06,0.000649807567242533,2.9869293395942817e-16,7.491487465094426e-12,3.591240238165483e-05,25,27,516,115,0.22286821705426357,"{'source_height': 25, 'source_width': 27, 'resized_height': 89, 'resized_width': 96, 'padding_top': 3, 'padding_bottom': 4, 'padding_left': 0, 'padding_right': 0, 'scale': 3.5555555555555554}"
record_000703468:0,artifacts/input_files/record_000703468.npy,0,0,Normal,False,0.9992390871047974,0.006507476791739464,AUTO_ACCEPT,Production-enabled class meets the frozen confidence and probability-margin requirements.,True,0.9441788792610168,0.1,0.0006812515784986317,0.9985578355262987,True,0.7762330770492554,Normal,0.9992390871047974,Edge-Loc,0.0006812515784986317,Edge-Ring,7.244710286613554e-05,0.012193358998047188,0.9992390871047974,1.0114038673236792e-07,9.727755838442423e-17,0.0006812515784986317,7.244710286613554e-05,8.463584322271345e-07,1.48755542384996e-16,1.0047206664733077e-14,6.294081686064601e-06,25,27,516,70,0.13565891472868216,"{'source_height': 25, 'source_width': 27, 'resized_height': 89, 'resized_width': 96, 'padding_top': 3, 'padding_bottom': 4, 'padding_left': 0, 'padding_right': 0, 'scale': 3.5555555555555554}"
record_000703531:0,artifacts/input_files/record_000703531.npy,0,0,Normal,False,0.9997513890266418,0.0025840888265520334,AUTO_ACCEPT,Production-enabled class meets the frozen confidence and probability-margin requirements.,True,0.9441788792610168,0.1,0.00012137957673985511,0.999630009449902,True,0.7762330770492554,Normal,0.9997513890266418,Edge-Loc,0.00012137957673985511,Loc,8.139416604535654e-05,0.012193358998047188,0.9997513890266418,5.155235612619435e-06,5.46309781199422e-16,0.00012137957673985511,4.869297498544256e-08,8.139416604535654e-05,2.3172185315663027e-19,3.77437034263569e-14,4.065823304699734e-05,25,27,516,120,0.23255813953488372,"{'source_height': 25, 'source_width': 27, 'resized_height': 89, 'resized_width': 96, 'padding_top': 3, 'padding_bottom': 4, 'padding_left': 0, 'padding_right': 0, 'scale': 3.5555555555555554}"
record_000703542:0,artifacts/input_files/record_000703542.npy,0,0,Normal,False,0.9992175102233887,0.007280712015926838,AUTO_ACCEPT,Production-enabled class meets the frozen confidence and probability-margin requirements.,True,0.9441788792610168,0.1,0.000440919742686674,0.998776590480702,True,0.7762330770492554,Normal,0.9992175102233887,Loc,0.000440919742686674,Edge-Loc,0.00015206169337034225,0.012193358998047188,0.9992175102233887,8.062783308560029e-05,5.00756987958928e-13,0.00015206169337034225,1.664874815787698e-07,0.000440919742686674,3.5811740387678046e-16,3.818223948820476e-12,0.0001087273849407211,25,27,516,86,0.16666666666666666,"{'source_height': 25, 'source_width': 27, 'resized_height': 89, 'resized_width': 96, 'padding_top': 3, 'padding_bottom': 4, 'padding_left': 0, 'padding_right': 0, 'scale': 3.5555555555555554}"
record_000703548:0,artifacts/input_files/record_000703548.npy,0,0,Normal,False,0.9639279246330261,0.1577477753162384,AUTO_ACCEPT,Production-enabled class meets the frozen confidence and probability-margin requirements.,True,0.9441788792610168,0.1,0.035663168877363205,0.9282647557556629,True,0.7762330770492554,Normal,0.9639279246330261,Edge-Loc,0.035663168877363205,Loc,0.00033621754846535623,0.012193358998047188,0.9639279246330261,4.378993980935775e-05,3.701704063717101e-14,0.035663168877363205,6.829339326941408e-06,0.00033621754846535623,5.568778131768287e-14,5.535724309502221e-11,2.2059213733882643e-05,25,27,516,115,0.22286821705426357,"{'source_height': 25, 'source_width': 27, 'resized_height': 89, 'resized_width': 96, 'padding_top': 3, 'padding_bottom': 4, 'padding_left': 0, 'padding_right': 0, 'scale': 3.5555555555555554}"
record_000703665:0,artifacts/input_files/record_000703665.npy,0,0,Normal,False,0.9995691180229187,0.004203468561172485,AUTO_ACCEPT,Production-enabled class meets the frozen confidence and probability-margin requirements.,True,0.9441788792610168,0.1,0.00019554435857571661,0.999373573664343,True,0.7762330770492554,Normal,0.9995691180229187,Scratch,0.00019554435857571661,Loc,0.00019258966494817287,0.012193358998047188,0.9995691180229187,3.162370194331743e-05,6.144398683426144e-14,1.1155779247928876e-05,1.68771627784281e-08,0.00019258966494817287,1.767279443730516e-18,1.243373080276472e-13,0.00019554435857571661,25,27,516,80,0.15503875968992248,"{'source_height': 25, 'source_width': 27, 'resized_height': 89, 'resized_width': 96, 'padding_top': 3, 'padding_bottom': 4, 'padding_left': 0, 'padding_right': 0, 'scale': 3.5555555555555554}"
record_000703742:0,artifacts/input_files/record_000703742.npy,0,0,Normal,False,0.9999995231628418,6.783921435271623e-06,AUTO_ACCEPT,Production-enabled class meets the frozen confidence and probability-margin requirements.,True,0.9441788792610168,0.1,2.412479602753592e-07,0.9999992819148815,True,0.7762330770492554,Normal,0.9999995231628418,Edge-Loc,2.412479602753592e-07,Scratch,7.730436379915773e-08,0.012193358998047188,0.9999995231628418,5.832744065514817e-09,3.300234155410639e-20,2.412479602753592e-07,1.9792594230239047e-09,7.398880796927187e-08,1.4016500758806111e-22,4.246859519169353e-19,7.730436379915773e-08,25,27,516,84,0.16279069767441862,"{'source_height': 25, 'source_width': 27, 'resized_height': 89, 'resized_width': 96, 'padding_top': 3, 'padding_bottom': 4, 'padding_left': 0, 'padding_right': 0, 'scale': 3.5555555555555554}"
record_000703751:0,artifacts/input_files/record_000703751.npy,0,0,Normal,False,0.9998791217803955,0.001321278279647231,AUTO_ACCEPT,Production-enabled class meets the frozen confidence and probability-margin requirements.,True,0.9441788792610168,0.1,6.638042395934463e-05,0.9998127413564362,True,0.7762330770492554,Normal,0.9998791217803955,Loc,6.638042395934463e-05,Edge-Loc,4.5274424337549135e-05,0.012193358998047188,0.9998791217803955,2.942376227110799e-07,6.09658051835591e-17,4.5274424337549135e-05,1.754387035646232e-08,6.638042395934463e-05,1.5111846621262225e-20,1.6426275953250967e-15,8.966845598479267e-06,25,27,516,109,0.21124031007751937,"{'source_height': 25, 'source_width': 27, 'resized_height': 89, 'resized_width': 96, 'padding_top': 3, 'padding_bottom': 4, 'padding_left': 0, 'padding_right': 0, 'scale': 3.5555555555555554}"
record_000704072:0,artifacts/input_files/record_000704072.npy,0,0,Normal,False,0.7857698798179626,0.6918333768844604,ENGINEER_REVIEW,Class is review-only or confidence does not meet its production auto-accept threshold.,True,0.9441788792610168,0.1,0.13411255180835724,0.6516573280096054,True,0.7762330770492554,Normal,0.7857698798179626,Edge-Loc,0.13411255180835724,Loc,0.07161683589220047,0.012193358998047188,0.7857698798179626,0.001044131233356893,3.8556717818494235e-09,0.13411255180835724,7.818685844540596e-05,0.07161683589220047,6.272686259300997e-10,6.98187250236515e-07,0.007377746980637312,25,27,516,110,0.2131782945736434,"{'source_height': 25, 'source_width': 27, 'resized_height': 89, 'resized_width': 96, 'padding_top': 3, 'padding_bottom': 4, 'padding_left': 0, 'padding_right': 0, 'scale': 3.5555555555555554}"
record_000704380:0,artifacts/input_files/record_000704380.npy,0,0,Normal,False,0.9935867786407471,0.040898047387599945,AUTO_ACCEPT,Production-enabled class meets the frozen confidence and probability-margin requirements.,True,0.9441788792610168,0.1,0.005878584925085306,0.9877081937156618,True,0.7762330770492554,Normal,0.9935867786407471,Edge-Loc,0.005878584925085306,Loc,0.0004312247037887573,0.012193358998047188,0.9935867786407471,5.578578452514193e-07,3.396435464757372e-15,0.005878584925085306,3.989810466009658e-06,0.0004312247037887573,1.5364330630245754e-16,3.8807935272451577e-13,9.881512960419059e-05,25,27,516,80,0.15503875968992248,"{'source_height': 25, 'source_width': 27, 'resized_height': 89, 'resized_width': 96, 'padding_top': 3, 'padding_bottom': 4, 'padding_left': 0, 'padding_right': 0, 'scale': 3.5555555555555554}"
record_000704729:0,artifacts/input_files/record_000704729.npy,0,0,Normal,False,0.8534921407699585,0.5774847865104675,ENGINEER_REVIEW,Class is review-only or confidence does not meet its production auto-accept threshold.,True,0.9441788792610168,0.1,0.08473074436187744,0.768761396408081,True,0.7762330770492554,Normal,0.8534921407699585,Loc,0.08473074436187744,Center,0.03114139474928379,0.012193358998047188,0.8534921407699585,0.03114139474928379,1.2126986348448554e-07,0.02222239412367344,3.307484803372063e-05,0.08473074436187744,2.9302771320516285e-09,1.2037573469569907e-05,0.008368176408112049,25,27,516,123,0.23837209302325582,"{'source_height': 25, 'source_width': 27, 'resized_height': 89, 'resized_width': 96, 'padding_top': 3, 'padding_bottom': 4, 'padding_left': 0, 'padding_right': 0, 'scale': 3.5555555555555554}"
record_000705302:0,artifacts/input_files/record_000705302.npy,0,0,Normal,False,0.9988316893577576,0.010128824040293694,AUTO_ACCEPT,Production-enabled class meets the frozen confidence and probability-margin requirements.,True,0.9441788792610168,0.1,0.0005719366017729044,0.9982597527559847,True,0.7762330770492554,Normal,0.9988316893577576,Loc,0.0005719366017729044,Edge-Loc,0.0005056604859419167,0.012193358998047188,0.9988316893577576,1.6430158211733215e-06,1.7093350398113987e-15,0.0005056604859419167,9.535540357319405e-08,0.0005719366017729044,1.2145697661317712e-18,1.3747363707475313e-12,8.894498751033098e-05,25,27,516,132,0.2558139534883721,"{'source_height': 25, 'source_width': 27, 'resized_height': 89, 'resized_width': 96, 'padding_top': 3, 'padding_bottom': 4, 'padding_left': 0, 'padding_right': 0, 'scale': 3.5555555555555554}"
record_000705329:0,artifacts/input_files/record_000705329.npy,0,0,Normal,False,0.9996699094772339,0.0031118392944335938,AUTO_ACCEPT,Production-enabled class meets the frozen confidence and probability-margin requirements.,True,0.9441788792610168,0.1,0.00029525888385251164,0.9993746505933814,True,0.7762330770492554,Normal,0.9996699094772339,Edge-Loc,0.00029525888385251164,Loc,2.224276977358386e-05,0.012193358998047188,0.9996699094772339,4.0689414504413435e-08,6.310029843213789e-18,0.00029525888385251164,4.926521910419979e-07,2.224276977358386e-05,1.62263901017336e-20,1.3870468384358996e-15,1.1993000043730717e-05,25,27,516,102,0.19767441860465115,"{'source_height': 25, 'source_width': 27, 'resized_height': 89, 'resized_width': 96, 'padding_top': 3, 'padding_bottom': 4, 'padding_left': 0, 'padding_right': 0, 'scale': 3.5555555555555554}"
record_000705340:0,artifacts/input_files/record_000705340.npy,0,0,Normal,False,0.9998646974563599,0.001498294877819717,AUTO_ACCEPT,Production-enabled class meets the frozen confidence and probability-margin requirements.,True,0.9441788792610168,0.1,6.489072256954387e-05,0.9997998067337903,True,0.7762330770492554,Normal,0.9998646974563599,Scratch,6.489072256954387e-05,Edge-Loc,4.540981171885505e-05,0.012193358998047188,0.9998646974563599,8.86735779204173e-06,2.659587570248874e-14,4.540981171885505e-05,5.610357902696705e-07,1.552945832372643e-05,1.063964239269884e-16,1.075715308929831e-13,6.489072256954387e-05,25,27,516,71,0.1375968992248062,"{'source_height': 25, 'source_width': 27, 'resized_height': 89, 'resized_width': 96, 'padding_top': 3, 'padding_bottom': 4, 'padding_left': 0, 'padding_right': 0, 'scale': 3.5555555555555554}"
record_000706101:0,artifacts/input_files/record_000706101.npy,0,0,Normal,False,0.9992191791534424,0.0066836243495345116,AUTO_ACCEPT,Production-enabled class meets the frozen confidence and probability-margin requirements.,True,0.9441788792610168,0.1,0.000700836069881916,0.9985183430835605,True,0.7762330770492554,Normal,0.9992191791534424,Edge-Loc,0.000700836069881916,Loc,5.435468483483419e-05,0.012193358998047188,0.9992191791534424,7.255427476593468e-07,8.543775699399424e-16,0.000700836069881916,1.3222473853602423e-06,5.435468483483419e-05,6.899686783643134e-18,1.1209406341507189e-13,2.3539205358247273e-05,25,27,516,101,0.19573643410852712,"{'source_height': 25, 'source_width': 27, 'resized_height': 89, 'resized_width': 96, 'padding_top': 3, 'padding_bottom': 4, 'padding_left': 0, 'padding_right': 0, 'scale': 3.5555555555555554}"
record_000706220:0,artifacts/input_files/record_000706220.npy,0,0,Normal,False,0.9999885559082031,0.00015358661767095327,AUTO_ACCEPT,Production-enabled class meets the frozen confidence and probability-margin requirements.,True,0.9441788792610168,0.1,5.8200980674882885e-06,0.9999827358101356,True,0.7762330770492554,Normal,0.9999885559082031,Scratch,5.8200980674882885e-06,Edge-Loc,3.082740931859007e-06,0.012193358998047188,0.9999885559082031,1.227292329986085e-07,1.3201328767291451e-16,3.082740931859007e-06,3.1861496552210156e-08,2.3420830075338017e-06,1.2007921166021173e-19,3.8103980949537634e-16,5.8200980674882885e-06,25,27,516,82,0.15891472868217055,"{'source_height': 25, 'source_width': 27, 'resized_height': 89, 'resized_width': 96, 'padding_top': 3, 'padding_bottom': 4, 'padding_left': 0, 'padding_right': 0, 'scale': 3.5555555555555554}"
record_000706855:0,artifacts/input_files/record_000706855.npy,0,0,Normal,False,0.998371422290802,0.01336769200861454,AUTO_ACCEPT,Production-enabled class meets the frozen confidence and probability-margin requirements.,True,0.9441788792610168,0.1,0.0011903672711923718,0.9971810550196096,True,0.7762330770492554,Normal,0.998371422290802,Loc,0.0011903672711923718,Scratch,0.00032049501896835864,0.012193358998047188,0.998371422290802,5.224104461376555e-05,3.897273129216394e-13,6.54865289106965e-05,3.309158813635804e-08,0.0011903672711923718,2.219760680481976e-17,1.0606019101161435e-12,0.00032049501896835864,25,27,516,96,0.18604651162790697,"{'source_height': 25, 'source_width': 27, 'resized_height': 89, 'resized_width': 96, 'padding_top': 3, 'padding_bottom': 4, 'padding_left': 0, 'padding_right': 0, 'scale': 3.5555555555555554}"
record_000706866:0,artifacts/input_files/record_000706866.npy,0,0,Normal,False,0.9999935626983643,9.07109206309542e-05,AUTO_ACCEPT,Production-enabled class meets the frozen confidence and probability-margin requirements.,True,0.9441788792610168,0.1,2.894390945584746e-06,0.9999906683074187,True,0.7762330770492554,Normal,0.9999935626983643,Edge-Loc,2.894390945584746e-06,Scratch,2.51249230132089e-06,0.012193358998047188,0.9999935626983643,1.704245704559071e-07,2.5065597498496268e-17,2.894390945584746e-06,2.6684091380957398e-08,8.471299679513322e-07,9.368964272853834e-20,1.7078530762608385e-16,2.51249230132089e-06,25,27,516,76,0.14728682170542637,"{'source_height': 25, 'source_width': 27, 'resized_height': 89, 'resized_width': 96, 'padding_top': 3, 'padding_bottom': 4, 'padding_left': 0, 'padding_right': 0, 'scale': 3.5555555555555554}"
record_000706873:0,artifacts/input_files/record_000706873.npy,0,0,Normal,False,0.9999147653579712,0.0009754140628501773,AUTO_ACCEPT,Production-enabled class meets the frozen confidence and probability-margin requirements.,True,0.9441788792610168,0.1,4.538407301879488e-05,0.9998693812849524,True,0.7762330770492554,Normal,0.9999147653579712,Loc,4.538407301879488e-05,Edge-Loc,2.123978811141569e-05,0.012193358998047188,0.9999147653579712,1.415837914464646e-06,1.8489508981721738e-16,2.123978811141569e-05,1.40308440421677e-08,4.538407301879488e-05,5.931093725862907e-20,2.212736778880878e-15,1.7177717381855473e-05,25,27,516,91,0.17635658914728683,"{'source_height': 25, 'source_width': 27, 'resized_height': 89, 'resized_width': 96, 'padding_top': 3, 'padding_bottom': 4, 'padding_left': 0, 'padding_right': 0, 'scale': 3.5555555555555554}"
record_000706918:0,artifacts/input_files/record_000706918.npy,0,0,Normal,False,0.9995922446250916,0.003929855301976204,AUTO_ACCEPT,Production-enabled class meets the frozen confidence and probability-margin requirements.,True,0.9441788792610168,0.1,0.00026853583403863013,0.9993237087910529,True,0.7762330770492554,Normal,0.9995922446250916,Edge-Loc,0.00026853583403863013,Loc,0.0001092838792828843,0.011470062418084126,0.9995922446250916,4.170120178059733e-07,4.0435584720642905e-16,0.00026853583403863013,5.004964691579517e-07,0.0001092838792828843,2.877673721625841e-19,3.639874724325684e-14,2.909683644247707e-05,25,27,516,114,0.22093023255813954,"{'source_height': 25, 'source_width': 27, 'resized_height': 89, 'resized_width': 96, 'padding_top': 3, 'padding_bottom': 4, 'padding_left': 0, 'padding_right': 0, 'scale': 3.5555555555555554}"
record_000706924:0,artifacts/input_files/record_000706924.npy,0,0,Normal,False,0.8714413046836853,0.45163974165916443,ENGINEER_REVIEW,Class is review-only or confidence does not meet its production auto-accept threshold.,True,0.9441788792610168,0.1,0.10250449925661087,0.7689368054270744,True,0.7762330770492554,Normal,0.8714413046836853,Edge-Loc,0.10250449925661087,Loc,0.02544822357594967,0.011470062418084126,0.8714413046836853,0.00011660192831186578,6.917099705516794e-12,0.10250449925661087,4.245313903084025e-06,0.02544822357594967,2.0716993658770333e-12,4.056305069610744e-09,0.0004851140547543764,25,27,516,103,0.1996124031007752,"{'source_height': 25, 'source_width': 27, 'resized_height': 89, 'resized_width': 96, 'padding_top': 3, 'padding_bottom': 4, 'padding_left': 0, 'padding_right': 0, 'scale': 3.5555555555555554}"
record_000706925:0,artifacts/input_files/record_000706925.npy,0,0,Normal,False,0.9608564972877502,0.1981172114610672,AUTO_ACCEPT,Production-enabled class meets the frozen confidence and probability-margin requirements.,True,0.9441788792610168,0.1,0.022465622052550316,0.9383908752351999,True,0.7762330770492554,Normal,0.9608564972877502,Loc,0.022465622052550316,Edge-Loc,0.014850753359496593,0.011470062418084126,0.9608564972877502,9.779106767382473e-05,3.860534114608072e-11,0.014850753359496593,9.105967365030665e-06,0.022465622052550316,8.12352355522572e-13,4.487023641530641e-09,0.001720229396596551,25,27,516,103,0.1996124031007752,"{'source_height': 25, 'source_width': 27, 'resized_height': 89, 'resized_width': 96, 'padding_top': 3, 'padding_bottom': 4, 'padding_left': 0, 'padding_right': 0, 'scale': 3.5555555555555554}"
record_000707164:0,artifacts/input_files/record_000707164.npy,0,0,Normal,False,0.9930315017700195,0.04756269231438637,AUTO_ACCEPT,Production-enabled class meets the frozen confidence and probability-margin requirements.,True,0.9441788792610168,0.1,0.00439451215788722,0.9886369896121323,True,0.7762330770492554,Normal,0.9930315017700195,Center,0.00439451215788722,Loc,0.002150102751329541,0.011470062418084126,0.9930315017700195,0.00439451215788722,2.0330761813652787e-12,0.00014147053298074752,2.693331957459577e-08,0.002150102751329541,8.417050570765116e-16,2.7062787774645436e-11,0.00028227549046278,25,27,516,103,0.1996124031007752,"{'source_height': 25, 'source_width': 27, 'resized_height': 89, 'resized_width': 96, 'padding_top': 3, 'padding_bottom': 4, 'padding_left': 0, 'padding_right': 0, 'scale': 3.5555555555555554}"
record_000707380:0,artifacts/input_files/record_000707380.npy,0,0,Normal,False,0.9999957084655762,6.304487760644406e-05,AUTO_ACCEPT,Production-enabled class meets the frozen confidence and probability-margin requirements.,True,0.9441788792610168,0.1,1.7510661791675375e-06,0.999993957399397,True,0.7762330770492554,Normal,0.9999957084655762,Edge-Loc,1.7510661791675375e-06,Scratch,1.4619045032304712e-06,0.011470062418084126,0.9999957084655762,6.8476118997296e-08,7.66669869202936e-18,1.7510661791675375e-06,1.1020572898701175e-08,1.0589279781925143e-06,1.4219654782441358e-20,5.171191067780177e-17,1.4619045032304712e-06,25,27,516,76,0.14728682170542637,"{'source_height': 25, 'source_width': 27, 'resized_height': 89, 'resized_width': 96, 'padding_top': 3, 'padding_bottom': 4, 'padding_left': 0, 'padding_right': 0, 'scale': 3.5555555555555554}"
record_000707388:0,artifacts/input_files/record_000707388.npy,0,0,Normal,False,0.9987080097198486,0.01118570938706398,AUTO_ACCEPT,Production-enabled class meets the frozen confidence and probability-margin requirements.,True,0.9441788792610168,0.1,0.0007872455753386021,0.99792076414451,True,0.7762330770492554,Normal,0.9987080097198486,Scratch,0.0007872455753386021,Loc,0.00024459679843857884,0.011470062418084126,0.9987080097198486,2.2671600163448602e-05,6.625487376614447e-13,0.0002361137594562024,1.4744877034900128e-06,0.00024459679843857884,1.1055485277219459e-16,1.966202547998286e-11,0.0007872455753386021,25,27,516,120,0.23255813953488372,"{'source_height': 25, 'source_width': 27, 'resized_height': 89, 'resized_width': 96, 'padding_top': 3, 'padding_bottom': 4, 'padding_left': 0, 'padding_right': 0, 'scale': 3.5555555555555554}"
record_000708187:0,artifacts/input_files/record_000708187.npy,0,0,Normal,False,0.9958459734916687,0.027250705286860466,AUTO_ACCEPT,Production-enabled class meets the frozen confidence and probability-margin requirements.,True,0.9441788792610168,0.1,0.00410392927005887,0.9917420442216098,True,0.7762330770492554,Normal,0.9958459734916687,Edge-Loc,0.00410392927005887,Loc,1.9627779693109915e-05,0.011470062418084126,0.9958459734916687,1.5931949803871248e-07,4.540221336119423e-17,0.00410392927005887,1.3286278772284277e-05,1.9627779693109915e-05,9.794489296104628e-18,2.3804378674924416e-14,1.697829611657653e-05,25,27,516,104,0.20155038759689922,"{'source_height': 25, 'source_width': 27, 'resized_height': 89, 'resized_width': 96, 'padding_top': 3, 'padding_bottom': 4, 'padding_left': 0, 'padding_right': 0, 'scale': 3.5555555555555554}"
record_000708256:0,artifacts/input_files/record_000708256.npy,0,0,Normal,False,0.9999946355819702,7.752713281661272e-05,AUTO_ACCEPT,Production-enabled class meets the frozen confidence and probability-margin requirements.,True,0.9441788792610168,0.1,1.947393229784211e-06,0.9999926881887404,True,0.7762330770492554,Normal,0.9999946355819702,Scratch,1.947393229784211e-06,Loc,1.756654228302068e-06,0.011470062418084126,0.9999946355819702,8.0147962933097e-08,1.1459823899216812e-17,1.6378643294956419e-06,7.911783228564673e-09,1.756654228302068e-06,1.167108465797777e-20,6.313913290753603e-17,1.947393229784211e-06,25,27,516,81,0.1569767441860465,"{'source_height': 25, 'source_width': 27, 'resized_height': 89, 'resized_width': 96, 'padding_top': 3, 'padding_bottom': 4, 'padding_left': 0, 'padding_right': 0, 'scale': 3.5555555555555554}"
record_000708387:0,artifacts/input_files/record_000708387.npy,0,0,Normal,False,0.9999089241027832,0.001029820879921317,AUTO_ACCEPT,Production-enabled class meets the frozen confidence and probability-margin requirements.,True,0.9441788792610168,0.1,5.013330883230083e-05,0.9998587907939509,True,0.7762330770492554,Normal,0.9999089241027832,Edge-Loc,5.013330883230083e-05,Scratch,3.130026743747294e-05,0.011470062418084126,0.9999089241027832,2.1552710904870764e-07,1.4294432726657006e-15,5.013330883230083e-05,3.554412160156062e-06,5.7913316595659126e-06,4.747816538346141e-18,1.1242326954628585e-14,3.130026743747294e-05,25,27,516,82,0.15891472868217055,"{'source_height': 25, 'source_width': 27, 'resized_height': 89, 'resized_width': 96, 'padding_top': 3, 'padding_bottom': 4, 'padding_left': 0, 'padding_right': 0, 'scale': 3.5555555555555554}"
record_000708786:0,artifacts/input_files/record_000708786.npy,0,5,Loc,True,0.6769152879714966,0.7264935374259949,ABSTAIN,Confidence is below the frozen abstain threshold.,False,,,0.29614001512527466,0.3807752728462219,True,0.7762330770492554,Loc,0.6769152879714966,Center,0.29614001512527466,Normal,0.02600795216858387,0.011470062418084126,0.02600795216858387,0.29614001512527466,1.3123563746830769e-07,0.0007054560701362789,6.060506763105877e-09,0.6769152879714966,1.8952804603511453e-10,1.021150751512323e-06,0.0002301181375514716,25,27,516,97,0.187984496124031,"{'source_height': 25, 'source_width': 27, 'resized_height': 89, 'resized_width': 96, 'padding_top': 3, 'padding_bottom': 4, 'padding_left': 0, 'padding_right': 0, 'scale': 3.5555555555555554}"
record_000708788:0,artifacts/input_files/record_000708788.npy,0,0,Normal,False,0.9999909400939941,0.00012093524856027216,AUTO_ACCEPT,Production-enabled class meets the frozen confidence and probability-margin requirements.,True,0.9441788792610168,0.1,6.6828279159381054e-06,0.9999842572660782,True,0.7762330770492554,Normal,0.9999909400939941,Edge-Loc,6.6828279159381054e-06,Scratch,1.6241347111645155e-06,0.011470062418084126,0.9999909400939941,5.2064923039552014e-08,6.998572503561092e-18,6.6828279159381054e-06,1.559747033752501e-07,5.014922521695553e-07,1.7137326305599318e-19,1.2451967983278432e-16,1.6241347111645155e-06,25,27,516,71,0.1375968992248062,"{'source_height': 25, 'source_width': 27, 'resized_height': 89, 'resized_width': 96, 'padding_top': 3, 'padding_bottom': 4, 'padding_left': 0, 'padding_right': 0, 'scale': 3.5555555555555554}"
record_000708794:0,artifacts/input_files/record_000708794.npy,0,0,Normal,False,0.9999988079071045,1.836366755014751e-05,AUTO_ACCEPT,Production-enabled class meets the frozen confidence and probability-margin requirements.,True,0.9441788792610168,0.1,5.726599852096115e-07,0.9999982352471193,True,0.7762330770492554,Normal,0.9999988079071045,Edge-Loc,5.726599852096115e-07,Scratch,4.290825472708093e-07,0.011470062418084126,0.9999988079071045,2.735493609407058e-08,1.3017322688183214e-18,5.726599852096115e-07,1.3589879443998143e-08,1.209907907195884e-07,1.4832530992857796e-20,8.710630403573333e-18,4.290825472708093e-07,25,27,516,68,0.13178294573643412,"{'source_height': 25, 'source_width': 27, 'resized_height': 89, 'resized_width': 96, 'padding_top': 3, 'padding_bottom': 4, 'padding_left': 0, 'padding_right': 0, 'scale': 3.5555555555555554}"
record_000709103:0,artifacts/input_files/record_000709103.npy,0,0,Normal,False,0.9999932050704956,9.221347136190161e-05,AUTO_ACCEPT,Production-enabled class meets the frozen confidence and probability-margin requirements.,True,0.9441788792610168,0.1,5.475265425047837e-06,0.9999877298050706,True,0.7762330770492554,Normal,0.9999932050704956,Edge-Loc,5.475265425047837e-06,Loc,7.69660516652948e-07,0.011470062418084126,0.9999932050704956,1.8939868340339672e-08,2.26666280349071e-19,5.475265425047837e-06,2.262856924062362e-08,7.69660516652948e-07,1.07330773933688e-21,1.1243686568240381e-17,5.192696903577598e-07,25,27,516,92,0.17829457364341086,"{'source_height': 25, 'source_width': 27, 'resized_height': 89, 'resized_width': 96, 'padding_top': 3, 'padding_bottom': 4, 'padding_left': 0, 'padding_right': 0, 'scale': 3.5555555555555554}"
record_000709638:0,artifacts/input_files/record_000709638.npy,0,0,Normal,False,0.9999923706054688,0.00010562482930254191,AUTO_ACCEPT,Production-enabled class meets the frozen confidence and probability-margin requirements.,True,0.9441788792610168,0.1,4.304242793295998e-06,0.9999880663626755,True,0.7762330770492554,Normal,0.9999923706054688,Edge-Loc,4.304242793295998e-06,Scratch,2.3987308850337286e-06,0.011470062418084126,0.9999923706054688,1.4820930260839305e-08,9.92110914119057e-18,4.304242793295998e-06,1.1207720973516189e-07,8.36862113828829e-07,2.880087473427362e-20,1.0181097136235785e-16,2.3987308850337286e-06,25,27,516,77,0.14922480620155038,"{'source_height': 25, 'source_width': 27, 'resized_height': 89, 'resized_width': 96, 'padding_top': 3, 'padding_bottom': 4, 'padding_left': 0, 'padding_right': 0, 'scale': 3.5555555555555554}"
record_000710162:0,artifacts/input_files/record_000710162.npy,0,0,Normal,False,0.9991112351417542,0.0078107756562530994,AUTO_ACCEPT,Production-enabled class meets the frozen confidence and probability-margin requirements.,True,0.9441788792610168,0.1,0.000663378625176847,0.9984478565165773,True,0.7762330770492554,Normal,0.9991112351417542,Scratch,0.000663378625176847,Loc,0.0001241803402081132,0.011470062418084126,0.9991112351417542,4.186001660855254e-06,8.254701311600013e-14,9.634481102693826e-05,5.589362217506277e-07,0.0001241803402081132,1.1081861916284182e-17,1.9319318551608983e-13,0.000663378625176847,25,27,516,78,0.1511627906976744,"{'source_height': 25, 'source_width': 27, 'resized_height': 89, 'resized_width': 96, 'padding_top': 3, 'padding_bottom': 4, 'padding_left': 0, 'padding_right': 0, 'scale': 3.5555555555555554}"
record_000710487:0,artifacts/input_files/record_000710487.npy,0,0,Normal,False,0.9999858140945435,0.00018615025328472257,AUTO_ACCEPT,Production-enabled class meets the frozen confidence and probability-margin requirements.,True,0.9441788792610168,0.1,8.619424988864921e-06,0.9999771946695546,True,0.7762330770492554,Normal,0.9999858140945435,Edge-Loc,8.619424988864921e-06,Scratch,3.636044311861042e-06,0.011470062418084126,0.9999858140945435,7.881174468593599e-08,8.70125265696882e-18,8.619424988864921e-06,5.138442915608721e-08,1.7957117961486802e-06,2.6364950614927128e-20,1.143222104761204e-16,3.636044311861042e-06,25,27,516,77,0.14922480620155038,"{'source_height': 25, 'source_width': 27, 'resized_height': 89, 'resized_width': 96, 'padding_top': 3, 'padding_bottom': 4, 'padding_left': 0, 'padding_right': 0, 'scale': 3.5555555555555554}"
record_000710732:0,artifacts/input_files/record_000710732.npy,0,0,Normal,False,0.9526056051254272,0.19825111329555511,AUTO_ACCEPT,Production-enabled class meets the frozen confidence and probability-margin requirements.,True,0.9441788792610168,0.1,0.045899562537670135,0.9067060425877571,True,0.7762330770492554,Normal,0.9526056051254272,Edge-Loc,0.045899562537670135,Loc,0.0011867351131513715,0.011470062418084126,0.9526056051254272,4.828267265111208e-06,1.655875415083885e-13,0.045899562537670135,1.4381067558133509e-05,0.0011867351131513715,1.1079765577237666e-13,2.244178280708109e-11,0.000288811803329736,25,27,516,81,0.1569767441860465,"{'source_height': 25, 'source_width': 27, 'resized_height': 89, 'resized_width': 96, 'padding_top': 3, 'padding_bottom': 4, 'padding_left': 0, 'padding_right': 0, 'scale': 3.5555555555555554}"
record_000710802:0,artifacts/input_files/record_000710802.npy,0,0,Normal,False,0.9997712969779968,0.00235209078527987,AUTO_ACCEPT,Production-enabled class meets the frozen confidence and probability-margin requirements.,True,0.9441788792610168,0.1,0.00013276470417622477,0.9996385322738206,True,0.7762330770492554,Normal,0.9997712969779968,Edge-Loc,0.00013276470417622477,Loc,7.778307190164924e-05,0.011470062418084126,0.9997712969779968,5.390887167777692e-07,3.7120636578268475e-16,0.00013276470417622477,1.6556012383261987e-07,7.778307190164924e-05,4.737174963163223e-19,1.94487201137742e-14,1.752332718751859e-05,25,27,516,98,0.18992248062015504,"{'source_height': 25, 'source_width': 27, 'resized_height': 89, 'resized_width': 96, 'padding_top': 3, 'padding_bottom': 4, 'padding_left': 0, 'padding_right': 0, 'scale': 3.5555555555555554}"
record_000711161:0,artifacts/input_files/record_000711161.npy,0,0,Normal,False,0.7902576327323914,0.6294050216674805,ENGINEER_REVIEW,Class is review-only or confidence does not meet its production auto-accept threshold.,True,0.9441788792610168,0.1,0.16486039757728577,0.6253972351551056,True,0.7762330770492554,Normal,0.7902576327323914,Center,0.16486039757728577,Loc,0.04355223849415779,0.011470062418084126,0.7902576327323914,0.16486039757728577,1.0242297981966075e-10,0.0007731297519057989,2.356835260286516e-08,0.04355223849415779,2.563814232529188e-13,2.6755118121002397e-09,0.0005566016188822687,25,27,516,107,0.20736434108527133,"{'source_height': 25, 'source_width': 27, 'resized_height': 89, 'resized_width': 96, 'padding_top': 3, 'padding_bottom': 4, 'padding_left': 0, 'padding_right': 0, 'scale': 3.5555555555555554}"
record_000711242:0,artifacts/input_files/record_000711242.npy,0,0,Normal,False,0.9998002648353577,0.0019379759905859828,AUTO_ACCEPT,Production-enabled class meets the frozen confidence and probability-margin requirements.,True,0.9441788792610168,0.1,0.00019297051767352968,0.9996072943176841,True,0.7762330770492554,Normal,0.9998002648353577,Edge-Loc,0.00019297051767352968,Loc,3.5041218779952032e-06,0.011470062418084126,0.9998002648353577,1.6575923211803456e-07,9.754735823045942e-18,0.00019297051767352968,8.773138802098401e-07,3.5041218779952032e-06,6.970938984235109e-19,2.015788066117097e-15,2.2240421913011232e-06,25,27,516,92,0.17829457364341086,"{'source_height': 25, 'source_width': 27, 'resized_height': 89, 'resized_width': 96, 'padding_top': 3, 'padding_bottom': 4, 'padding_left': 0, 'padding_right': 0, 'scale': 3.5555555555555554}"
record_000711588:0,artifacts/input_files/record_000711588.npy,0,0,Normal,False,0.9999303817749023,0.0007967182900756598,AUTO_ACCEPT,Production-enabled class meets the frozen confidence and probability-margin requirements.,True,0.9441788792610168,0.1,4.741072189062834e-05,0.9998829710530117,True,0.7762330770492554,Normal,0.9999303817749023,Edge-Loc,4.741072189062834e-05,Scratch,1.3084484635328408e-05,0.011470062418084126,0.9999303817749023,2.956958269351162e-07,2.1952738182446914e-16,4.741072189062834e-05,2.99421174076997e-07,8.475868526147678e-06,4.2191965315340483e-19,3.778696563413791e-15,1.3084484635328408e-05,25,27,516,88,0.17054263565891473,"{'source_height': 25, 'source_width': 27, 'resized_height': 89, 'resized_width': 96, 'padding_top': 3, 'padding_bottom': 4, 'padding_left': 0, 'padding_right': 0, 'scale': 3.5555555555555554}"
record_000711818:0,artifacts/input_files/record_000711818.npy,0,0,Normal,False,0.9817849397659302,0.09416408836841583,AUTO_ACCEPT,Production-enabled class meets the frozen confidence and probability-margin requirements.,True,0.9441788792610168,0.1,0.017572343349456787,0.9642125964164734,True,0.7762330770492554,Normal,0.9817849397659302,Edge-Loc,0.017572343349456787,Loc,0.0005219247541390359,0.011470062418084126,0.9817849397659302,3.9509559428552166e-06,8.062437707474085e-14,0.017572343349456787,1.6036294255172834e-05,0.0005219247541390359,2.8676205561604245e-14,1.1019888994379112e-11,0.00010080661013489589,25,27,516,85,0.16472868217054262,"{'source_height': 25, 'source_width': 27, 'resized_height': 89, 'resized_width': 96, 'padding_top': 3, 'padding_bottom': 4, 'padding_left': 0, 'padding_right': 0, 'scale': 3.5555555555555554}"
record_000712094:0,artifacts/input_files/record_000712094.npy,0,0,Normal,False,0.9999812841415405,0.00024050340289250016,AUTO_ACCEPT,Production-enabled class meets the frozen confidence and probability-margin requirements.,True,0.9441788792610168,0.1,1.1467568583611865e-05,0.9999698165729569,True,0.7762330770492554,Normal,0.9999812841415405,Scratch,1.1467568583611865e-05,Loc,3.6698720577987842e-06,0.011470062418084126,0.9999812841415405,7.933850554309174e-08,4.0124566133811947e-17,3.4822276120394235e-06,1.9235070425338563e-08,3.6698720577987842e-06,1.899922391522066e-20,1.4868159905567866e-16,1.1467568583611865e-05,25,27,516,80,0.15503875968992248,"{'source_height': 25, 'source_width': 27, 'resized_height': 89, 'resized_width': 96, 'padding_top': 3, 'padding_bottom': 4, 'padding_left': 0, 'padding_right': 0, 'scale': 3.5555555555555554}"
record_000712100:0,artifacts/input_files/record_000712100.npy,0,0,Normal,False,0.9999821186065674,0.00023387171677313745,AUTO_ACCEPT,Production-enabled class meets the frozen confidence and probability-margin requirements.,True,0.9441788792610168,0.1,9.043433237820864e-06,0.9999730751733296,True,0.7762330770492554,Normal,0.9999821186065674,Edge-Loc,9.043433237820864e-06,Loc,5.0299927352170926e-06,0.011470062418084126,0.9999821186065674,3.6434954608921544e-07,3.715904753719299e-17,9.043433237820864e-06,2.3407478622061717e-08,5.0299927352170926e-06,1.4937731564668348e-19,4.1548609836136697e-16,3.484084345473093e-06,25,27,516,72,0.13953488372093023,"{'source_height': 25, 'source_width': 27, 'resized_height': 89, 'resized_width': 96, 'padding_top': 3, 'padding_bottom': 4, 'padding_left': 0, 'padding_right': 0, 'scale': 3.5555555555555554}"
record_000712595:0,artifacts/input_files/record_000712595.npy,0,0,Normal,False,0.9997510313987732,0.0024320329539477825,AUTO_ACCEPT,Production-enabled class meets the frozen confidence and probability-margin requirements.,True,0.9441788792610168,0.1,0.0002187145728385076,0.9995323168259347,True,0.7762330770492554,Normal,0.9997510313987732,Edge-Loc,0.0002187145728385076,Loc,1.6012025298550725e-05,0.011470062418084126,0.9997510313987732,5.961188662695349e-07,3.1038850019731953e-16,0.0002187145728385076,5.752381753154623e-07,1.6012025298550725e-05,5.149100051469091e-18,1.623289515501926e-14,1.29952204588335e-05,25,27,516,88,0.17054263565891473,"{'source_height': 25, 'source_width': 27, 'resized_height': 89, 'resized_width': 96, 'padding_top': 3, 'padding_bottom': 4, 'padding_left': 0, 'padding_right': 0, 'scale': 3.5555555555555554}"
record_000712899:0,artifacts/input_files/record_000712899.npy,0,0,Normal,False,0.9527539610862732,0.21932438015937805,AUTO_ACCEPT,Production-enabled class meets the frozen confidence and probability-margin requirements.,True,0.9441788792610168,0.1,0.03741611912846565,0.9153378419578075,True,0.7762330770492554,Normal,0.9527539610862732,Edge-Loc,0.03741611912846565,Loc,0.008066512644290924,0.011470062418084126,0.9527539610862732,1.3517395927920006e-05,8.818866643889312e-12,0.03741611912846565,2.6003010134445503e-05,0.008066512644290924,3.115026411728422e-13,1.3307864810130354e-09,0.0017238280270248652,25,27,516,94,0.1821705426356589,"{'source_height': 25, 'source_width': 27, 'resized_height': 89, 'resized_width': 96, 'padding_top': 3, 'padding_bottom': 4, 'padding_left': 0, 'padding_right': 0, 'scale': 3.5555555555555554}"
record_000712913:0,artifacts/input_files/record_000712913.npy,0,0,Normal,False,0.9998964071273804,0.0011628038482740521,AUTO_ACCEPT,Production-enabled class meets the frozen confidence and probability-margin requirements.,True,0.9441788792610168,0.1,4.846890806220472e-05,0.9998479382193182,True,0.7762330770492554,Normal,0.9998964071273804,Loc,4.846890806220472e-05,Edge-Loc,4.05002647312358e-05,0.011470062418084126,0.9998964071273804,1.2709824659395963e-06,2.2046151358150282e-16,4.05002647312358e-05,2.954133293542327e-08,4.846890806220472e-05,1.1326701742431955e-19,5.567749156143963e-15,1.339526534138713e-05,25,27,516,92,0.17829457364341086,"{'source_height': 25, 'source_width': 27, 'resized_height': 89, 'resized_width': 96, 'padding_top': 3, 'padding_bottom': 4, 'padding_left': 0, 'padding_right': 0, 'scale': 3.5555555555555554}"
record_000713006:0,artifacts/input_files/record_000713006.npy,0,0,Normal,False,0.7477532625198364,0.5845606327056885,ABSTAIN,Confidence is below the frozen abstain threshold.,True,0.9441788792610168,0.1,0.24901562929153442,0.498737633228302,True,0.7762330770492554,Normal,0.7477532625198364,Edge-Loc,0.24901562929153442,Edge-Ring,0.002236920176073909,0.011470062418084126,0.7477532625198364,6.220173531801265e-07,3.1086491345498624e-13,0.24901562929153442,0.002236920176073909,0.0008060423424467444,1.8134330842523028e-12,8.254433803145389e-10,0.00018746720161288977,25,27,516,106,0.2054263565891473,"{'source_height': 25, 'source_width': 27, 'resized_height': 89, 'resized_width': 96, 'padding_top': 3, 'padding_bottom': 4, 'padding_left': 0, 'padding_right': 0, 'scale': 3.5555555555555554}"
record_000713213:0,artifacts/input_files/record_000713213.npy,0,0,Normal,False,0.9975953698158264,0.018863387405872345,AUTO_ACCEPT,Production-enabled class meets the frozen confidence and probability-margin requirements.,True,0.9441788792610168,0.1,0.001711775898002088,0.9958835939178243,True,0.7762330770492554,Normal,0.9975953698158264,Loc,0.001711775898002088,Edge-Loc,0.00042569523793645203,0.011470062418084126,0.9975953698158264,1.2926121598866303e-05,6.500655591080984e-13,0.00042569523793645203,3.818074674200034e-07,0.001711775898002088,1.9580599914348584e-16,1.8873314369671768e-11,0.00025390347582288086,25,27,516,111,0.21511627906976744,"{'source_height': 25, 'source_width': 27, 'resized_height': 89, 'resized_width': 96, 'padding_top': 3, 'padding_bottom': 4, 'padding_left': 0, 'padding_right': 0, 'scale': 3.5555555555555554}"
record_000713436:0,artifacts/input_files/record_000713436.npy,0,0,Normal,False,0.8444697856903076,0.4641087055206299,ENGINEER_REVIEW,Class is review-only or confidence does not meet its production auto-accept threshold.,True,0.9441788792610168,0.1,0.14949439465999603,0.6949753910303116,True,0.7762330770492554,Normal,0.8444697856903076,Edge-Loc,0.14949439465999603,Loc,0.0037178113125264645,0.011470062418084126,0.8444697856903076,0.0003787403693422675,3.043915397515917e-10,0.14949439465999603,0.0009576824377290905,0.0037178113125264645,3.0248109572639237e-10,1.186981819500943e-07,0.0009814801160246134,25,27,516,117,0.22674418604651161,"{'source_height': 25, 'source_width': 27, 'resized_height': 89, 'resized_width': 96, 'padding_top': 3, 'padding_bottom': 4, 'padding_left': 0, 'padding_right': 0, 'scale': 3.5555555555555554}"
record_000713585:0,artifacts/input_files/record_000713585.npy,0,0,Normal,False,0.9968736171722412,0.02382611483335495,AUTO_ACCEPT,Production-enabled class meets the frozen confidence and probability-margin requirements.,True,0.9441788792610168,0.1,0.0019498961046338081,0.9949237210676074,True,0.7762330770492554,Normal,0.9968736171722412,Loc,0.0019498961046338081,Scratch,0.000960846315138042,0.011470062418084126,0.9968736171722412,9.647421393310651e-06,4.097172633717866e-13,0.00020583040895871818,1.973006789057763e-07,0.0019498961046338081,2.250853241654987e-17,3.028018374234831e-12,0.000960846315138042,25,27,516,93,0.18023255813953487,"{'source_height': 25, 'source_width': 27, 'resized_height': 89, 'resized_width': 96, 'padding_top': 3, 'padding_bottom': 4, 'padding_left': 0, 'padding_right': 0, 'scale': 3.5555555555555554}"
record_000713589:0,artifacts/input_files/record_000713589.npy,0,0,Normal,False,0.9999569654464722,0.0005063884891569614,AUTO_ACCEPT,Production-enabled class meets the frozen confidence and probability-margin requirements.,True,0.9441788792610168,0.1,3.271755849709734e-05,0.9999242478879751,True,0.7762330770492554,Normal,0.9999569654464722,Edge-Loc,3.271755849709734e-05,Loc,6.611942808376625e-06,0.011470062418084126,0.9999569654464722,1.4202015563569148e-07,1.4563322012273904e-17,3.271755849709734e-05,7.61223759582208e-08,6.611942808376625e-06,4.24857217077825e-20,5.4093027495141e-16,3.4262225199199747e-06,25,27,516,101,0.19573643410852712,"{'source_height': 25, 'source_width': 27, 'resized_height': 89, 'resized_width': 96, 'padding_top': 3, 'padding_bottom': 4, 'padding_left': 0, 'padding_right': 0, 'scale': 3.5555555555555554}"
record_000713844:0,artifacts/input_files/record_000713844.npy,0,0,Normal,False,0.9981850981712341,0.015188943594694138,AUTO_ACCEPT,Production-enabled class meets the frozen confidence and probability-margin requirements.,True,0.9441788792610168,0.1,0.0011015128111466765,0.9970835853600875,True,0.7762330770492554,Normal,0.9981850981712341,Loc,0.0011015128111466765,Scratch,0.00040037313010543585,0.011470062418084126,0.9981850981712341,0.00013643350393977016,1.2955123085411913e-12,0.00017632586241234094,1.8127626333352964e-07,0.0011015128111466765,3.879757652537478e-16,6.743311204565616e-12,0.00040037313010543585,25,27,516,75,0.14534883720930233,"{'source_height': 25, 'source_width': 27, 'resized_height': 89, 'resized_width': 96, 'padding_top': 3, 'padding_bottom': 4, 'padding_left': 0, 'padding_right': 0, 'scale': 3.5555555555555554}"
record_000714011:0,artifacts/input_files/record_000714011.npy,0,0,Normal,False,0.9992802739143372,0.006261181551963091,AUTO_ACCEPT,Production-enabled class meets the frozen confidence and probability-margin requirements.,True,0.9441788792610168,0.1,0.0006306875729933381,0.9986495863413438,True,0.7762330770492554,Normal,0.9992802739143372,Edge-Loc,0.0006306875729933381,Loc,5.943937867414206e-05,0.011470062418084126,0.9992802739143372,2.748948304542864e-07,1.977896708966166e-16,0.0006306875729933381,1.543674784443283e-06,5.943937867414206e-05,7.546377000127397e-19,3.35746784107388e-14,2.775197208393365e-05,25,27,516,109,0.21124031007751937,"{'source_height': 25, 'source_width': 27, 'resized_height': 89, 'resized_width': 96, 'padding_top': 3, 'padding_bottom': 4, 'padding_left': 0, 'padding_right': 0, 'scale': 3.5555555555555554}"
record_000714096:0,artifacts/input_files/record_000714096.npy,0,0,Normal,False,0.9997833371162415,0.002267844043672085,AUTO_ACCEPT,Production-enabled class meets the frozen confidence and probability-margin requirements.,True,0.9441788792610168,0.1,0.00011848616122733802,0.9996648509550141,True,0.7762330770492554,Normal,0.9997833371162415,Scratch,0.00011848616122733802,Loc,5.466111906571314e-05,0.011470062418084126,0.9997833371162415,9.381234917782422e-07,1.5030591178698087e-14,4.211374471196905e-05,4.238042095039418e-07,5.466111906571314e-05,6.2486546961235795e-18,5.5385363450458774e-14,0.00011848616122733802,25,27,516,69,0.13372093023255813,"{'source_height': 25, 'source_width': 27, 'resized_height': 89, 'resized_width': 96, 'padding_top': 3, 'padding_bottom': 4, 'padding_left': 0, 'padding_right': 0, 'scale': 3.5555555555555554}"
record_000714098:0,artifacts/input_files/record_000714098.npy,0,0,Normal,False,0.9997362494468689,0.0026821736246347427,AUTO_ACCEPT,Production-enabled class meets the frozen confidence and probability-margin requirements.,True,0.9441788792610168,0.1,0.0001762156025506556,0.9995600338443182,True,0.7762330770492554,Normal,0.9997362494468689,Edge-Loc,0.0001762156025506556,Scratch,4.651981362258084e-05,0.011470062418084126,0.9997362494468689,2.1425923932838487e-06,1.7217523522357336e-14,0.0001762156025506556,2.0990221401007148e-06,3.680876761791296e-05,1.0567735912921851e-16,2.657736227276719e-13,4.651981362258084e-05,25,27,516,78,0.1511627906976744,"{'source_height': 25, 'source_width': 27, 'resized_height': 89, 'resized_width': 96, 'padding_top': 3, 'padding_bottom': 4, 'padding_left': 0, 'padding_right': 0, 'scale': 3.5555555555555554}"
record_000714458:0,artifacts/input_files/record_000714458.npy,0,0,Normal,False,0.9977710247039795,0.018436593934893608,AUTO_ACCEPT,Production-enabled class meets the frozen confidence and probability-margin requirements.,True,0.9441788792610168,0.1,0.0012268678983673453,0.9965441568056121,True,0.7762330770492554,Normal,0.9977710247039795,Center,0.0012268678983673453,Scratch,0.0004801391623914242,0.011470062418084126,0.9977710247039795,0.0012268678983673453,9.05477082202566e-10,0.00026341190095990896,1.601234089321224e-06,0.00025703260325826705,3.1222798652086325e-11,7.379625244219312e-10,0.0004801391623914242,41,41,1297,56,0.04317656129529684,"{'source_height': 41, 'source_width': 41, 'resized_height': 96, 'resized_width': 96, 'padding_top': 0, 'padding_bottom': 0, 'padding_left': 0, 'padding_right': 0, 'scale': 2.341463414634146}"
record_000714461:0,artifacts/input_files/record_000714461.npy,0,0,Normal,False,0.9992076754570007,0.007414156571030617,AUTO_ACCEPT,Production-enabled class meets the frozen confidence and probability-margin requirements.,True,0.9441788792610168,0.1,0.00039593761903233826,0.9988117378379684,True,0.7762330770492554,Normal,0.9992076754570007,Scratch,0.00039593761903233826,Center,0.0001805625215638429,0.011470062418084126,0.9992076754570007,0.0001805625215638429,3.732496256514395e-10,7.051299326121807e-05,9.547379704599734e-07,0.00014435843331739306,3.917995268498675e-12,1.968497309601247e-10,0.00039593761903233826,41,41,1299,38,0.029253271747498075,"{'source_height': 41, 'source_width': 41, 'resized_height': 96, 'resized_width': 96, 'padding_top': 0, 'padding_bottom': 0, 'padding_left': 0, 'padding_right': 0, 'scale': 2.341463414634146}"
record_000714503:0,artifacts/input_files/record_000714503.npy,0,0,Normal,False,0.9996452331542969,0.0036276942119002342,AUTO_ACCEPT,Production-enabled class meets the frozen confidence and probability-margin requirements.,True,0.9441788792610168,0.1,0.0001686710602371022,0.9994765620940598,True,0.7762330770492554,Normal,0.9996452331542969,Scratch,0.0001686710602371022,Edge-Loc,7.343466131715104e-05,0.011470062418084126,0.9996452331542969,5.9983482060488313e-05,8.053719496858847e-11,7.343466131715104e-05,1.3706596746487776e-06,5.1328323024790734e-05,2.7881035154220246e-12,7.740814933487883e-11,0.0001686710602371022,41,41,1298,72,0.05546995377503852,"{'source_height': 41, 'source_width': 41, 'resized_height': 96, 'resized_width': 96, 'padding_top': 0, 'padding_bottom': 0, 'padding_left': 0, 'padding_right': 0, 'scale': 2.341463414634146}"
record_000714504:0,artifacts/input_files/record_000714504.npy,0,0,Normal,False,0.9992761015892029,0.006789835169911385,AUTO_ACCEPT,Production-enabled class meets the frozen confidence and probability-margin requirements.,True,0.9441788792610168,0.1,0.000421527394792065,0.9988545741944108,True,0.7762330770492554,Normal,0.9992761015892029,Scratch,0.000421527394792065,Loc,0.0001142925611929968,0.011470062418084126,0.9992761015892029,9.229830902768299e-05,3.105599388764091e-10,9.382827556692064e-05,1.9111998881271575e-06,0.0001142925611929968,4.4508862741265975e-12,1.9464430067728244e-10,0.000421527394792065,41,41,1296,51,0.03935185185185185,"{'source_height': 41, 'source_width': 41, 'resized_height': 96, 'resized_width': 96, 'padding_top': 0, 'padding_bottom': 0, 'padding_left': 0, 'padding_right': 0, 'scale': 2.341463414634146}"
record_000714508:0,artifacts/input_files/record_000714508.npy,0,0,Normal,False,0.9991171956062317,0.008211894892156124,AUTO_ACCEPT,Production-enabled class meets the frozen confidence and probability-margin requirements.,True,0.9441788792610168,0.1,0.0003429068310651928,0.9987742887751665,True,0.7762330770492554,Normal,0.9991171956062317,Scratch,0.0003429068310651928,Edge-Loc,0.0003113126731477678,0.011470062418084126,0.9991171956062317,8.209089719457552e-05,1.5142459508510342e-10,0.0003113126731477678,3.0581961709685856e-06,0.00014337373431771994,9.320207799978775e-12,2.1989032816804865e-10,0.0003429068310651928,41,41,1297,62,0.047802621434078645,"{'source_height': 41, 'source_width': 41, 'resized_height': 96, 'resized_width': 96, 'padding_top': 0, 'padding_bottom': 0, 'padding_left': 0, 'padding_right': 0, 'scale': 2.341463414634146}"
record_000714510:0,artifacts/input_files/record_000714510.npy,0,0,Normal,False,0.9996613264083862,0.003474269760772586,AUTO_ACCEPT,Production-enabled class meets the frozen confidence and probability-margin requirements.,True,0.9441788792610168,0.1,0.00016532822337467223,0.9994959981850116,True,0.7762330770492554,Normal,0.9996613264083862,Scratch,0.00016532822337467223,Loc,6.341859261738136e-05,0.011470062418084126,0.9996613264083862,5.1195002015447244e-05,8.491662234488828e-11,5.781568688689731e-05,9.422183779861371e-07,6.341859261738136e-05,1.4343619608031544e-12,5.77689979186502e-11,0.00016532822337467223,41,41,1297,57,0.04394757131842714,"{'source_height': 41, 'source_width': 41, 'resized_height': 96, 'resized_width': 96, 'padding_top': 0, 'padding_bottom': 0, 'padding_left': 0, 'padding_right': 0, 'scale': 2.341463414634146}"
record_000714534:0,artifacts/input_files/record_000714534.npy,0,0,Normal,False,0.999508261680603,0.004805753938853741,AUTO_ACCEPT,Production-enabled class meets the frozen confidence and probability-margin requirements.,True,0.9441788792610168,0.1,0.000276765349553898,0.9992314963310491,True,0.7762330770492554,Normal,0.999508261680603,Scratch,0.000276765349553898,Loc,8.547355537302792e-05,0.011470062418084126,0.999508261680603,8.434179471805692e-05,1.4726689312460906e-10,4.441080818651244e-05,6.948916961846408e-07,8.547355537302792e-05,1.197162920012207e-12,6.969728960637411e-11,0.000276765349553898,41,41,1299,44,0.03387220939183987,"{'source_height': 41, 'source_width': 41, 'resized_height': 96, 'resized_width': 96, 'padding_top': 0, 'padding_bottom': 0, 'padding_left': 0, 'padding_right': 0, 'scale': 2.341463414634146}"
record_000714544:0,artifacts/input_files/record_000714544.npy,0,1,Center,True,0.4130478501319885,1.1478524208068848,ABSTAIN,Confidence is below the frozen abstain threshold.,False,,,0.3151421546936035,0.09790569543838501,True,0.7762330770492554,Center,0.4130478501319885,Normal,0.3151421546936035,Loc,0.2577398419380188,0.011470062418084126,0.3151421546936035,0.4130478501319885,8.974403499451e-06,0.005015682429075241,2.877589395211544e-06,0.2577398419380188,2.165640111684297e-08,4.166386588622117e-06,0.009038479998707771,41,41,1294,81,0.062596599690881,"{'source_height': 41, 'source_width': 41, 'resized_height': 96, 'resized_width': 96, 'padding_top': 0, 'padding_bottom': 0, 'padding_left': 0, 'padding_right': 0, 'scale': 2.341463414634146}"
record_000714962:0,artifacts/input_files/record_000714962.npy,0,0,Normal,False,0.9984720349311829,0.013304226100444794,AUTO_ACCEPT,Production-enabled class meets the frozen confidence and probability-margin requirements.,True,0.9441788792610168,0.1,0.0007836076547391713,0.9976884272764437,True,0.7762330770492554,Normal,0.9984720349311829,Scratch,0.0007836076547391713,Edge-Loc,0.0003550269757397473,0.011470062418084126,0.9984720349311829,0.0001633640204090625,9.23933540786237e-10,0.0003550269757397473,7.064938017720124e-06,0.00021894719975534827,3.272465978754191e-11,8.724216904454352e-10,0.0007836076547391713,41,41,1298,54,0.04160246533127889,"{'source_height': 41, 'source_width': 41, 'resized_height': 96, 'resized_width': 96, 'padding_top': 0, 'padding_bottom': 0, 'padding_left': 0, 'padding_right': 0, 'scale': 2.341463414634146}"
record_000714973:0,artifacts/input_files/record_000714973.npy,0,0,Normal,False,0.9996941089630127,0.00312053388915956,AUTO_ACCEPT,Production-enabled class meets the frozen confidence and probability-margin requirements.,True,0.9441788792610168,0.1,0.00018379261018708348,0.9995103163528256,True,0.7762330770492554,Normal,0.9996941089630127,Scratch,0.00018379261018708348,Edge-Loc,5.480530671775341e-05,0.011470062418084126,0.9996941089630127,2.079696969303768e-05,7.543315277969143e-11,5.480530671775341e-05,1.6496194348292192e-06,4.493940286920406e-05,1.0767413436557627e-12,4.574919956756851e-11,0.00018379261018708348,41,41,1297,73,0.05628373168851195,"{'source_height': 41, 'source_width': 41, 'resized_height': 96, 'resized_width': 96, 'padding_top': 0, 'padding_bottom': 0, 'padding_left': 0, 'padding_right': 0, 'scale': 2.341463414634146}"
record_000715007:0,artifacts/input_files/record_000715007.npy,0,0,Normal,False,0.9989311099052429,0.00968724675476551,AUTO_ACCEPT,Production-enabled class meets the frozen confidence and probability-margin requirements.,True,0.9441788792610168,0.1,0.0005462536355480552,0.9983848562696949,True,0.7762330770492554,Normal,0.9989311099052429,Scratch,0.0005462536355480552,Center,0.0002294516161782667,0.011470062418084126,0.9989311099052429,0.0002294516161782667,7.705632243393268e-10,0.00011448345321696252,1.957664835572359e-06,0.0001768172805896029,1.1565084827303007e-11,4.707914613710784e-10,0.0005462536355480552,41,41,1298,56,0.04314329738058552,"{'source_height': 41, 'source_width': 41, 'resized_height': 96, 'resized_width': 96, 'padding_top': 0, 'padding_bottom': 0, 'padding_left': 0, 'padding_right': 0, 'scale': 2.341463414634146}"
record_000715009:0,artifacts/input_files/record_000715009.npy,0,0,Normal,False,0.9993118047714233,0.006566978991031647,AUTO_ACCEPT,Production-enabled class meets the frozen confidence and probability-margin requirements.,True,0.9441788792610168,0.1,0.0003347589517943561,0.998977045819629,True,0.7762330770492554,Normal,0.9993118047714233,Scratch,0.0003347589517943561,Loc,0.00014461531827691942,0.011470062418084126,0.9993118047714233,7.627344166394323e-05,4.3261691451412787e-10,0.00012962936307303607,3.001621280418476e-06,0.00014461531827691942,8.152553285234454e-12,3.0553512497810686e-10,0.0003347589517943561,41,41,1298,63,0.0485362095531587,"{'source_height': 41, 'source_width': 41, 'resized_height': 96, 'resized_width': 96, 'padding_top': 0, 'padding_bottom': 0, 'padding_left': 0, 'padding_right': 0, 'scale': 2.341463414634146}"
record_000715370:0,artifacts/input_files/record_000715370.npy,0,0,Normal,False,0.9996784925460815,0.003268376924097538,AUTO_ACCEPT,Production-enabled class meets the frozen confidence and probability-margin requirements.,True,0.9441788792610168,0.1,0.00017450368613936007,0.9995039888599422,True,0.7762330770492554,Normal,0.9996784925460815,Edge-Loc,0.00017450368613936007,Scratch,9.612153371563181e-05,0.011470062418084126,0.9996784925460815,1.7136244423454627e-05,2.730651989246713e-11,0.00017450368613936007,4.5925203266961034e-06,2.9023462047916837e-05,3.851128183712804e-12,6.762271298477174e-11,9.612153371563181e-05,45,42,1485,115,0.07744107744107744,"{'source_height': 45, 'source_width': 42, 'resized_height': 96, 'resized_width': 90, 'padding_top': 0, 'padding_bottom': 0, 'padding_left': 3, 'padding_right': 3, 'scale': 2.1333333333333333}"
record_000715435:0,artifacts/input_files/record_000715435.npy,0,0,Normal,False,0.9990639090538025,0.008506574667990208,AUTO_ACCEPT,Production-enabled class meets the frozen confidence and probability-margin requirements.,True,0.9441788792610168,0.1,0.0005539419362321496,0.9985099671175703,True,0.7762330770492554,Normal,0.9990639090538025,Edge-Loc,0.0005539419362321496,Scratch,0.00023463217075914145,0.011470062418084126,0.9990639090538025,5.0823935453081504e-05,1.2924517012180559e-10,0.0005539419362321496,2.9288308724062517e-05,6.747830775566399e-05,3.489964220393382e-11,4.449122736893685e-10,0.00023463217075914145,45,42,1485,104,0.07003367003367003,"{'source_height': 45, 'source_width': 42, 'resized_height': 96, 'resized_width': 90, 'padding_top': 0, 'padding_bottom': 0, 'padding_left': 3, 'padding_right': 3, 'scale': 2.1333333333333333}"
record_000715440:0,artifacts/input_files/record_000715440.npy,0,0,Normal,False,0.9998294115066528,0.0018659650813788176,AUTO_ACCEPT,Production-enabled class meets the frozen confidence and probability-margin requirements.,True,0.9441788792610168,0.1,6.652059528278187e-05,0.99976289091137,True,0.7762330770492554,Normal,0.9998294115066528,Edge-Loc,6.652059528278187e-05,Scratch,6.581901106983423e-05,0.011470062418084126,0.9998294115066528,1.863269972091075e-05,1.826007921257311e-11,6.652059528278187e-05,1.7979532458411995e-06,1.7848062270786613e-05,1.6191261656070544e-12,2.957979000628441e-11,6.581901106983423e-05,45,42,1485,100,0.06734006734006734,"{'source_height': 45, 'source_width': 42, 'resized_height': 96, 'resized_width': 90, 'padding_top': 0, 'padding_bottom': 0, 'padding_left': 3, 'padding_right': 3, 'scale': 2.1333333333333333}"
record_000715675:0,artifacts/input_files/record_000715675.npy,0,0,Normal,False,0.9995275735855103,0.004659705795347691,AUTO_ACCEPT,Production-enabled class meets the frozen confidence and probability-margin requirements.,True,0.9441788792610168,0.1,0.00019697664538398385,0.9993305969401263,True,0.7762330770492554,Normal,0.9995275735855103,Scratch,0.00019697664538398385,Edge-Loc,0.00018366127915214747,0.011470062418084126,0.9995275735855103,2.992089321196545e-05,7.102046728491018e-11,0.00018366127915214747,4.0812133192957845e-06,5.78452309127897e-05,3.622107822010001e-12,1.0317288690053772e-10,0.00019697664538398385,45,42,1485,103,0.06936026936026936,"{'source_height': 45, 'source_width': 42, 'resized_height': 96, 'resized_width': 90, 'padding_top': 0, 'padding_bottom': 0, 'padding_left': 3, 'padding_right': 3, 'scale': 2.1333333333333333}"
record_000716006:0,artifacts/input_files/record_000716006.npy,0,0,Normal,False,0.999592125415802,0.0041138227097690105,AUTO_ACCEPT,Production-enabled class meets the frozen confidence and probability-margin requirements.,True,0.9441788792610168,0.1,0.00016726819740142673,0.9994248572184006,True,0.7762330770492554,Normal,0.999592125415802,Edge-Loc,0.00016726819740142673,Scratch,0.00014533357170876116,0.011470062418084126,0.999592125415802,4.616130536305718e-05,1.0674149758527207e-10,0.00016726819740142673,6.999594916123897e-06,4.200442344881594e-05,1.343270460141266e-11,1.931958065748418e-10,0.00014533357170876116,45,42,1485,88,0.05925925925925926,"{'source_height': 45, 'source_width': 42, 'resized_height': 96, 'resized_width': 90, 'padding_top': 0, 'padding_bottom': 0, 'padding_left': 3, 'padding_right': 3, 'scale': 2.1333333333333333}"
record_000716007:0,artifacts/input_files/record_000716007.npy,0,0,Normal,False,0.9997559189796448,0.002566804876551032,AUTO_ACCEPT,Production-enabled class meets the frozen confidence and probability-margin requirements.,True,0.9441788792610168,0.1,0.00011524712317623198,0.9996406718564685,True,0.7762330770492554,Normal,0.9997559189796448,Edge-Loc,0.00011524712317623198,Scratch,8.498511306243017e-05,0.011470062418084126,0.9997559189796448,1.7178575944853947e-05,2.873379312262614e-11,0.00011524712317623198,4.023229848826304e-06,2.2687099772156216e-05,3.6048410350514315e-12,5.791181770242737e-11,8.498511306243017e-05,45,42,1485,107,0.07205387205387205,"{'source_height': 45, 'source_width': 42, 'resized_height': 96, 'resized_width': 90, 'padding_top': 0, 'padding_bottom': 0, 'padding_left': 3, 'padding_right': 3, 'scale': 2.1333333333333333}"
record_000716170:0,artifacts/input_files/record_000716170.npy,0,0,Normal,False,0.9996384382247925,0.0036932481452822685,AUTO_ACCEPT,Production-enabled class meets the frozen confidence and probability-margin requirements.,True,0.9441788792610168,0.1,0.0001428358955308795,0.9994956023292616,True,0.7762330770492554,Normal,0.9996384382247925,Scratch,0.0001428358955308795,Edge-Loc,0.00012839333794545382,0.011470062418084126,0.9996384382247925,4.2442472476977855e-05,8.06482450266266e-11,0.00012839333794545382,4.029625870316522e-06,4.3770865886472166e-05,7.0664147276688904e-12,1.3498675788259362e-10,0.0001428358955308795,45,42,1485,80,0.05387205387205387,"{'source_height': 45, 'source_width': 42, 'resized_height': 96, 'resized_width': 90, 'padding_top': 0, 'padding_bottom': 0, 'padding_left': 3, 'padding_right': 3, 'scale': 2.1333333333333333}"
record_000716174:0,artifacts/input_files/record_000716174.npy,0,0,Normal,False,0.9994682669639587,0.005197584629058838,AUTO_ACCEPT,Production-enabled class meets the frozen confidence and probability-margin requirements.,True,0.9441788792610168,0.1,0.000254507118370384,0.9992137598455884,True,0.7762330770492554,Normal,0.9994682669639587,Scratch,0.000254507118370384,Edge-Loc,0.0001520875230198726,0.011470062418084126,0.9994682669639587,4.140371675021015e-05,1.6728124441200976e-10,0.0001520875230198726,4.86220778839197e-06,7.888782420195639e-05,7.0391839059047445e-12,1.8432939896673162e-10,0.000254507118370384,45,42,1485,94,0.0632996632996633,"{'source_height': 45, 'source_width': 42, 'resized_height': 96, 'resized_width': 90, 'padding_top': 0, 'padding_bottom': 0, 'padding_left': 3, 'padding_right': 3, 'scale': 2.1333333333333333}"
record_000716547:0,artifacts/input_files/record_000716547.npy,0,0,Normal,False,0.9985217452049255,0.012815665453672409,AUTO_ACCEPT,Production-enabled class meets the frozen confidence and probability-margin requirements.,True,0.9441788792610168,0.1,0.0008551326463930309,0.9976666125585325,True,0.7762330770492554,Normal,0.9985217452049255,Scratch,0.0008551326463930309,Edge-Loc,0.00023618545674253255,0.011470062418084126,0.9985217452049255,0.00015119719319045544,1.6756881437984816e-09,0.00023618545674253255,5.570841494773049e-06,0.00023012685414869338,3.0066518719173985e-11,1.2032385088289743e-09,0.0008551326463930309,45,42,1485,55,0.037037037037037035,"{'source_height': 45, 'source_width': 42, 'resized_height': 96, 'resized_width': 90, 'padding_top': 0, 'padding_bottom': 0, 'padding_left': 3, 'padding_right': 3, 'scale': 2.1333333333333333}"
record_000716571:0,artifacts/input_files/record_000716571.npy,0,0,Normal,False,0.9998470544815063,0.001699608052149415,AUTO_ACCEPT,Production-enabled class meets the frozen confidence and probability-margin requirements.,True,0.9441788792610168,0.1,5.461806358653121e-05,0.9997924364179198,True,0.7762330770492554,Normal,0.9998470544815063,Scratch,5.461806358653121e-05,Edge-Loc,5.1106500905007124e-05,0.011470062418084126,0.9998470544815063,3.176632526447065e-05,1.5922966070669453e-11,5.1106500905007124e-05,2.111290996253956e-06,1.3265610505186487e-05,1.5027895377758838e-12,2.4220370500871446e-11,5.461806358653121e-05,45,42,1485,100,0.06734006734006734,"{'source_height': 45, 'source_width': 42, 'resized_height': 96, 'resized_width': 90, 'padding_top': 0, 'padding_bottom': 0, 'padding_left': 3, 'padding_right': 3, 'scale': 2.1333333333333333}"
record_000716659:0,artifacts/input_files/record_000716659.npy,0,0,Normal,False,0.9995478987693787,0.004507376812398434,AUTO_ACCEPT,Production-enabled class meets the frozen confidence and probability-margin requirements.,True,0.9441788792610168,0.1,0.00020639714784920216,0.9993415016215295,True,0.7762330770492554,Normal,0.9995478987693787,Scratch,0.00020639714784920216,Edge-Loc,0.0001291902008233592,0.011470062418084126,0.9995478987693787,5.312559369485825e-05,1.6094302279778816e-10,0.0001291902008233592,2.9522450404328993e-06,6.038743958924897e-05,8.084618911829988e-12,1.9460219546907354e-10,0.00020639714784920216,45,42,1483,67,0.045178691840863115,"{'source_height': 45, 'source_width': 42, 'resized_height': 96, 'resized_width': 90, 'padding_top': 0, 'padding_bottom': 0, 'padding_left': 3, 'padding_right': 3, 'scale': 2.1333333333333333}"
record_000717052:0,artifacts/input_files/record_000717052.npy,0,0,Normal,False,0.9737417697906494,0.13507235050201416,AUTO_ACCEPT,Production-enabled class meets the frozen confidence and probability-margin requirements.,True,0.9441788792610168,0.1,0.02304759807884693,0.9506941717118025,True,0.7762330770492554,Normal,0.9737417697906494,Edge-Loc,0.02304759807884693,Scratch,0.0015327211003750563,0.011470062418084126,0.9737417697906494,0.0001852636632975191,3.924850222603027e-09,0.02304759807884693,0.0006847085314802825,0.0008078882819972932,4.464512759483341e-09,2.525231046490717e-08,0.0015327211003750563,45,42,1483,100,0.06743088334457181,"{'source_height': 45, 'source_width': 42, 'resized_height': 96, 'resized_width': 90, 'padding_top': 0, 'padding_bottom': 0, 'padding_left': 3, 'padding_right': 3, 'scale': 2.1333333333333333}"
record_000717185:0,artifacts/input_files/record_000717185.npy,0,0,Normal,False,0.9992153644561768,0.0073737818747758865,AUTO_ACCEPT,Production-enabled class meets the frozen confidence and probability-margin requirements.,True,0.9441788792610168,0.1,0.0003865483740810305,0.9988288160820957,True,0.7762330770492554,Normal,0.9992153644561768,Scratch,0.0003865483740810305,Edge-Loc,0.00016266171587631106,0.011470062418084126,0.9992153644561768,7.811929390300065e-05,5.376332712359044e-10,0.00016266171587631106,3.4406691611366114e-06,0.00015384911966975778,1.2511116274926959e-11,4.5797404757408344e-10,0.0003865483740810305,45,42,1483,55,0.037086985839514496,"{'source_height': 45, 'source_width': 42, 'resized_height': 96, 'resized_width': 90, 'padding_top': 0, 'padding_bottom': 0, 'padding_left': 3, 'padding_right': 3, 'scale': 2.1333333333333333}"
record_000717500:0,artifacts/input_files/record_000717500.npy,0,0,Normal,False,0.9996566772460938,0.0035256745759397745,AUTO_ACCEPT,Production-enabled class meets the frozen confidence and probability-margin requirements.,True,0.9441788792610168,0.1,0.0001456460013287142,0.999511031244765,True,0.7762330770492554,Normal,0.9996566772460938,Scratch,0.0001456460013287142,Edge-Loc,0.00010762300371425226,0.011470062418084126,0.9996566772460938,4.4606644223676994e-05,9.532940409284762e-11,0.00010762300371425226,2.6773532226798125e-06,4.287214687792584e-05,6.147592851446504e-12,1.2556891637593992e-10,0.0001456460013287142,45,42,1483,78,0.052596089008766014,"{'source_height': 45, 'source_width': 42, 'resized_height': 96, 'resized_width': 90, 'padding_top': 0, 'padding_bottom': 0, 'padding_left': 3, 'padding_right': 3, 'scale': 2.1333333333333333}"
record_000717808:0,artifacts/input_files/record_000717808.npy,0,0,Normal,False,0.9992351531982422,0.007274460978806019,AUTO_ACCEPT,Production-enabled class meets the frozen confidence and probability-margin requirements.,True,0.9441788792610168,0.1,0.0003095336724072695,0.9989256195258349,True,0.7762330770492554,Normal,0.9992351531982422,Scratch,0.0003095336724072695,Edge-Loc,0.00019477041496429592,0.011470062418084126,0.9992351531982422,0.00011963373253820464,4.5914899660104425e-10,0.00019477041496429592,3.28020769302384e-06,0.00013752288941759616,2.1552237425281895e-11,5.41969247258578e-10,0.0003095336724072695,45,42,1483,58,0.03910991233985165,"{'source_height': 45, 'source_width': 42, 'resized_height': 96, 'resized_width': 90, 'padding_top': 0, 'padding_bottom': 0, 'padding_left': 3, 'padding_right': 3, 'scale': 2.1333333333333333}"
record_000717810:0,artifacts/input_files/record_000717810.npy,0,0,Normal,False,0.9991641044616699,0.007734423968940973,AUTO_ACCEPT,Production-enabled class meets the frozen confidence and probability-margin requirements.,True,0.9441788792610168,0.1,0.0004626378940884024,0.9987014665675815,True,0.7762330770492554,Normal,0.9991641044616699,Edge-Loc,0.0004626378940884024,Scratch,0.00021841051056981087,0.011470062418084126,0.9991641044616699,4.8130343202501535e-05,2.6723384616289536e-10,0.0004626378940884024,1.9912567950086668e-05,8.676094876136631e-05,6.33821328754891e-11,7.273707192112511e-10,0.00021841051056981087,45,42,1483,84,0.056641942009440324,"{'source_height': 45, 'source_width': 42, 'resized_height': 96, 'resized_width': 90, 'padding_top': 0, 'padding_bottom': 0, 'padding_left': 3, 'padding_right': 3, 'scale': 2.1333333333333333}"
record_000717818:0,artifacts/input_files/record_000717818.npy,0,0,Normal,False,0.9996616840362549,0.0034404252655804157,AUTO_ACCEPT,Production-enabled class meets the frozen confidence and probability-margin requirements.,True,0.9441788792610168,0.1,0.0001714881364023313,0.9994901958998526,True,0.7762330770492554,Normal,0.9996616840362549,Scratch,0.0001714881364023313,Edge-Loc,9.95410155155696e-05,0.011045578503399156,0.9996616840362549,1.925607466546353e-05,8.353096686564143e-11,9.95410155155696e-05,3.0718565540155396e-06,4.493991582421586e-05,2.4760833574472008e-12,8.428475972710459e-11,0.0001714881364023313,45,42,1483,88,0.05933917734322319,"{'source_height': 45, 'source_width': 42, 'resized_height': 96, 'resized_width': 90, 'padding_top': 0, 'padding_bottom': 0, 'padding_left': 3, 'padding_right': 3, 'scale': 2.1333333333333333}"
record_000717881:0,artifacts/input_files/record_000717881.npy,0,0,Normal,False,0.9992629885673523,0.006974444258958101,AUTO_ACCEPT,Production-enabled class meets the frozen confidence and probability-margin requirements.,True,0.9441788792610168,0.1,0.000363513216143474,0.9988994753512088,True,0.7762330770492554,Normal,0.9992629885673523,Scratch,0.000363513216143474,Edge-Loc,0.00017941367696039379,0.011045578503399156,0.9992629885673523,8.235836867243052e-05,3.973676387936109e-10,0.00017941367696039379,4.876136245002272e-06,0.00010684557491913438,1.4365695265305956e-11,4.0116387989286295e-10,0.000363513216143474,45,42,1483,70,0.04720161834120027,"{'source_height': 45, 'source_width': 42, 'resized_height': 96, 'resized_width': 90, 'padding_top': 0, 'padding_bottom': 0, 'padding_left': 3, 'padding_right': 3, 'scale': 2.1333333333333333}"
record_000717883:0,artifacts/input_files/record_000717883.npy,0,0,Normal,False,0.9993526339530945,0.006267658434808254,AUTO_ACCEPT,Production-enabled class meets the frozen confidence and probability-margin requirements.,True,0.9441788792610168,0.1,0.00026896095369011164,0.9990836729994044,True,0.7762330770492554,Normal,0.9993526339530945,Scratch,0.00026896095369011164,Edge-Loc,0.00014991631906013936,0.011045578503399156,0.9993526339530945,0.00011404912947909907,4.08196948464834e-10,0.00014991631906013936,3.4897166187874973e-06,0.00011090640327893198,1.1102579793031975e-11,3.456725461425947e-10,0.00026896095369011164,45,42,1483,110,0.07417397167902899,"{'source_height': 45, 'source_width': 42, 'resized_height': 96, 'resized_width': 90, 'padding_top': 0, 'padding_bottom': 0, 'padding_left': 3, 'padding_right': 3, 'scale': 2.1333333333333333}"
record_000718099:0,artifacts/input_files/record_000718099.npy,0,0,Normal,False,0.9998517036437988,0.001644422416575253,AUTO_ACCEPT,Production-enabled class meets the frozen confidence and probability-margin requirements.,True,0.9441788792610168,0.1,7.361026655416936e-05,0.9997780933772447,True,0.7762330770492554,Normal,0.9998517036437988,Edge-Loc,7.361026655416936e-05,Center,3.110912803094834e-05,0.011045578503399156,0.9998517036437988,3.110912803094834e-05,8.035859304367232e-12,7.361026655416936e-05,3.0215312563086627e-06,1.1470643585198559e-05,1.1015747775761087e-12,1.8099213100475353e-11,2.909195791289676e-05,41,40,1256,143,0.11385350318471338,"{'source_height': 41, 'source_width': 40, 'resized_height': 96, 'resized_width': 94, 'padding_top': 0, 'padding_bottom': 0, 'padding_left': 1, 'padding_right': 1, 'scale': 2.341463414634146}"
record_000718109:0,artifacts/input_files/record_000718109.npy,0,0,Normal,False,0.9998979568481445,0.00117670395411551,AUTO_ACCEPT,Production-enabled class meets the frozen confidence and probability-margin requirements.,True,0.9441788792610168,0.1,3.722698238561861e-05,0.9998607298657589,True,0.7762330770492554,Normal,0.9998979568481445,Edge-Loc,3.722698238561861e-05,Scratch,3.482590545900166e-05,0.011045578503399156,0.9998979568481445,1.643351606617216e-05,7.672921326085103e-12,3.722698238561861e-05,1.3014823707635514e-06,1.2278532267373521e-05,3.4630227830310945e-13,8.572816935503713e-12,3.482590545900166e-05,41,40,1256,112,0.08917197452229299,"{'source_height': 41, 'source_width': 40, 'resized_height': 96, 'resized_width': 94, 'padding_top': 0, 'padding_bottom': 0, 'padding_left': 1, 'padding_right': 1, 'scale': 2.341463414634146}"
record_000718113:0,artifacts/input_files/record_000718113.npy,0,0,Normal,False,0.9998824596405029,0.0013089545536786318,AUTO_ACCEPT,Production-enabled class meets the frozen confidence and probability-margin requirements.,True,0.9441788792610168,0.1,6.239703361643478e-05,0.9998200626068865,True,0.7762330770492554,Normal,0.9998824596405029,Scratch,6.239703361643478e-05,Edge-Loc,4.1262461309088394e-05,0.011045578503399156,0.9998824596405029,3.4152803891629446e-06,3.1903659401810724e-12,4.1262461309088394e-05,3.14311887450458e-06,7.44519502404728e-06,9.173417640740908e-14,3.9962764000756046e-12,6.239703361643478e-05,41,40,1256,128,0.10191082802547771,"{'source_height': 41, 'source_width': 40, 'resized_height': 96, 'resized_width': 94, 'padding_top': 0, 'padding_bottom': 0, 'padding_left': 1, 'padding_right': 1, 'scale': 2.341463414634146}"
record_000718300:0,artifacts/input_files/record_000718300.npy,0,0,Normal,False,0.9998990297317505,0.0011496029328554869,AUTO_ACCEPT,Production-enabled class meets the frozen confidence and probability-margin requirements.,True,0.9441788792610168,0.1,4.756715497933328e-05,0.9998514625767712,True,0.7762330770492554,Normal,0.9998990297317505,Edge-Loc,4.756715497933328e-05,Scratch,3.64404077117797e-05,0.011045578503399156,0.9998990297317505,7.312901743716793e-06,3.705718457786e-12,4.756715497933328e-05,2.4851538000802975e-06,7.103959887899691e-06,3.835092779371635e-13,6.782620905892989e-12,3.64404077117797e-05,41,40,1256,113,0.08996815286624203,"{'source_height': 41, 'source_width': 40, 'resized_height': 96, 'resized_width': 94, 'padding_top': 0, 'padding_bottom': 0, 'padding_left': 1, 'padding_right': 1, 'scale': 2.341463414634146}"
record_000718383:0,artifacts/input_files/record_000718383.npy,0,0,Normal,False,0.9970901012420654,0.021684102714061737,AUTO_ACCEPT,Production-enabled class meets the frozen confidence and probability-margin requirements.,True,0.9441788792610168,0.1,0.0024432216305285692,0.9946468796115369,True,0.7762330770492554,Normal,0.9970901012420654,Edge-Loc,0.0024432216305285692,Scratch,0.00022721326968166977,0.011045578503399156,0.9970901012420654,1.1642980098258704e-05,5.037766731552651e-11,0.0024432216305285692,0.00016391566896345466,6.383639993146062e-05,1.6359509233399017e-11,2.9295510461935237e-10,0.00022721326968166977,41,40,1256,162,0.12898089171974522,"{'source_height': 41, 'source_width': 40, 'resized_height': 96, 'resized_width': 94, 'padding_top': 0, 'padding_bottom': 0, 'padding_left': 1, 'padding_right': 1, 'scale': 2.341463414634146}"
record_000718384:0,artifacts/input_files/record_000718384.npy,0,0,Normal,False,0.8409658074378967,0.450764924287796,ENGINEER_REVIEW,Class is review-only or confidence does not meet its production auto-accept threshold.,True,0.9441788792610168,0.1,0.15691637992858887,0.6840494275093079,True,0.7762330770492554,Normal,0.8409658074378967,Edge-Loc,0.15691637992858887,Edge-Ring,0.0016611701576039195,0.011045578503399156,0.8409658074378967,6.604615464311792e-06,2.6631400210086476e-11,0.15691637992858887,0.0016611701576039195,0.00021665316307917237,3.424847905275641e-10,2.090747353022948e-09,0.00023336689628195018,41,40,1256,183,0.14570063694267515,"{'source_height': 41, 'source_width': 40, 'resized_height': 96, 'resized_width': 94, 'padding_top': 0, 'padding_bottom': 0, 'padding_left': 1, 'padding_right': 1, 'scale': 2.341463414634146}"
record_000718828:0,artifacts/input_files/record_000718828.npy,0,0,Normal,False,0.9999872446060181,0.00017118468531407416,AUTO_ACCEPT,Production-enabled class meets the frozen confidence and probability-margin requirements.,True,0.9441788792610168,0.1,5.697099823009921e-06,0.9999815475061951,True,0.7762330770492554,Normal,0.9999872446060181,Scratch,5.697099823009921e-06,Edge-Loc,4.961839749739738e-06,0.011045578503399156,0.9999872446060181,8.329515139848809e-07,6.823647956356524e-14,4.961839749739738e-06,2.629545861054794e-07,9.666140385888866e-07,2.8140605029715196e-15,8.979169269012974e-14,5.697099823009921e-06,41,40,1256,137,0.10907643312101911,"{'source_height': 41, 'source_width': 40, 'resized_height': 96, 'resized_width': 94, 'padding_top': 0, 'padding_bottom': 0, 'padding_left': 1, 'padding_right': 1, 'scale': 2.341463414634146}"
record_000718916:0,artifacts/input_files/record_000718916.npy,0,0,Normal,False,0.6156299114227295,0.7711480259895325,ABSTAIN,Confidence is below the frozen abstain threshold.,True,0.9441788792610168,0.1,0.3570345640182495,0.25859534740448,True,0.7762330770492554,Normal,0.6156299114227295,Edge-Loc,0.3570345640182495,Edge-Ring,0.02593129873275757,0.011045578503399156,0.6156299114227295,3.913933596777497e-06,3.373364643177723e-10,0.3570345640182495,0.02593129873275757,0.00038362518534995615,5.67092817149728e-09,3.156914374358166e-08,0.0010167163563892245,41,40,1256,159,0.1265923566878981,"{'source_height': 41, 'source_width': 40, 'resized_height': 96, 'resized_width': 94, 'padding_top': 0, 'padding_bottom': 0, 'padding_left': 1, 'padding_right': 1, 'scale': 2.341463414634146}"
record_000719031:0,artifacts/input_files/record_000719031.npy,0,0,Normal,False,0.6406314969062805,0.7385329604148865,ABSTAIN,Confidence is below the frozen abstain threshold.,True,0.9441788792610168,0.1,0.3427364230155945,0.29789507389068604,True,0.7762330770492554,Normal,0.6406314969062805,Edge-Loc,0.3427364230155945,Edge-Ring,0.006292544770985842,0.011045578503399156,0.6406314969062805,1.8079319488606416e-05,3.5893756855642778e-09,0.3427364230155945,0.006292544770985842,0.0061559537425637245,4.287358024157584e-09,1.1971108904162975e-07,0.00416549714282155,41,40,1256,159,0.1265923566878981,"{'source_height': 41, 'source_width': 40, 'resized_height': 96, 'resized_width': 94, 'padding_top': 0, 'padding_bottom': 0, 'padding_left': 1, 'padding_right': 1, 'scale': 2.341463414634146}"
record_000719040:0,artifacts/input_files/record_000719040.npy,0,3,Edge-Loc,True,0.4642024338245392,0.9904965162277222,ABSTAIN,Confidence is below the frozen abstain threshold.,False,,,0.45162150263786316,0.012580931186676025,True,0.7762330770492554,Edge-Loc,0.4642024338245392,Normal,0.45162150263786316,Center,0.04715278372168541,0.011045578503399156,0.45162150263786316,0.04715278372168541,2.097152247415579e-07,0.4642024338245392,0.0004242129798512906,0.03491862863302231,9.93118646874791e-07,7.538122645200929e-06,0.0016716108657419682,41,40,1256,175,0.1393312101910828,"{'source_height': 41, 'source_width': 40, 'resized_height': 96, 'resized_width': 94, 'padding_top': 0, 'padding_bottom': 0, 'padding_left': 1, 'padding_right': 1, 'scale': 2.341463414634146}"
record_000719090:0,artifacts/input_files/record_000719090.npy,0,0,Normal,False,0.5683891177177429,1.018237829208374,ABSTAIN,Confidence is below the frozen abstain threshold.,True,0.9441788792610168,0.1,0.28525352478027344,0.2831355929374695,True,0.7762330770492554,Normal,0.5683891177177429,Center,0.28525352478027344,Loc,0.13042442500591278,0.011045578503399156,0.5683891177177429,0.28525352478027344,1.362206376143149e-06,0.01304873451590538,1.8414357327856123e-05,0.13042442500591278,3.46140360818481e-08,4.121867732465034e-06,0.0028602159582078457,41,40,1256,171,0.13614649681528662,"{'source_height': 41, 'source_width': 40, 'resized_height': 96, 'resized_width': 94, 'padding_top': 0, 'padding_bottom': 0, 'padding_left': 1, 'padding_right': 1, 'scale': 2.341463414634146}"
record_000719094:0,artifacts/input_files/record_000719094.npy,0,0,Normal,False,0.9956032037734985,0.03256575018167496,AUTO_ACCEPT,Production-enabled class meets the frozen confidence and probability-margin requirements.,True,0.9441788792610168,0.1,0.0029558998066931963,0.9926473039668053,True,0.7762330770492554,Normal,0.9956032037734985,Scratch,0.0029558998066931963,Edge-Loc,0.0007419001194648445,0.011045578503399156,0.9956032037734985,0.00023627100745216012,2.716422864423862e-09,0.0007419001194648445,2.2666064978693612e-05,0.000440170377260074,1.0031344678529397e-11,1.3426637579527778e-09,0.0029558998066931963,41,40,1256,156,0.12420382165605096,"{'source_height': 41, 'source_width': 40, 'resized_height': 96, 'resized_width': 94, 'padding_top': 0, 'padding_bottom': 0, 'padding_left': 1, 'padding_right': 1, 'scale': 2.341463414634146}"
record_000719102:0,artifacts/input_files/record_000719102.npy,0,0,Normal,False,0.9999868869781494,0.0001772011601133272,AUTO_ACCEPT,Production-enabled class meets the frozen confidence and probability-margin requirements.,True,0.9441788792610168,0.1,5.710032837669132e-06,0.9999811769453117,True,0.7762330770492554,Normal,0.9999868869781494,Edge-Loc,5.710032837669132e-06,Scratch,4.992805770598352e-06,0.011045578503399156,0.9999868869781494,1.2642992714972934e-06,6.632981517555939e-14,5.710032837669132e-06,1.6486907838952902e-07,1.049929778673686e-06,4.531086707823106e-15,1.074780252318698e-13,4.992805770598352e-06,41,40,1256,118,0.09394904458598727,"{'source_height': 41, 'source_width': 40, 'resized_height': 96, 'resized_width': 94, 'padding_top': 0, 'padding_bottom': 0, 'padding_left': 1, 'padding_right': 1, 'scale': 2.341463414634146}"
record_000719330:0,artifacts/input_files/record_000719330.npy,0,0,Normal,False,0.9999768733978271,0.0002969919587485492,AUTO_ACCEPT,Production-enabled class meets the frozen confidence and probability-margin requirements.,True,0.9441788792610168,0.1,1.1172171980433632e-05,0.9999657012258467,True,0.7762330770492554,Normal,0.9999768733978271,Edge-Loc,1.1172171980433632e-05,Scratch,8.150663234118838e-06,0.011045578503399156,0.9999768733978271,1.456341578887077e-06,2.020465500636448e-13,1.1172171980433632e-05,5.749490128437174e-07,1.7453446616855217e-06,1.304865859596627e-14,3.538939703350702e-13,8.150663234118838e-06,41,40,1256,146,0.11624203821656051,"{'source_height': 41, 'source_width': 40, 'resized_height': 96, 'resized_width': 94, 'padding_top': 0, 'padding_bottom': 0, 'padding_left': 1, 'padding_right': 1, 'scale': 2.341463414634146}"
record_000719336:0,artifacts/input_files/record_000719336.npy,0,0,Normal,False,0.9834421277046204,0.10284178704023361,AUTO_ACCEPT,Production-enabled class meets the frozen confidence and probability-margin requirements.,True,0.9441788792610168,0.1,0.009503818117082119,0.9739383095875382,True,0.7762330770492554,Normal,0.9834421277046204,Edge-Loc,0.009503818117082119,Center,0.0039021559059619904,0.011045578503399156,0.9834421277046204,0.0039021559059619904,9.244116583317918e-09,0.009503818117082119,5.348901322577149e-05,0.001811042195186019,9.714260507109884e-10,1.882285083354418e-08,0.0012874082894995809,41,40,1256,168,0.1337579617834395,"{'source_height': 41, 'source_width': 40, 'resized_height': 96, 'resized_width': 94, 'padding_top': 0, 'padding_bottom': 0, 'padding_left': 1, 'padding_right': 1, 'scale': 2.341463414634146}"
record_000719343:0,artifacts/input_files/record_000719343.npy,0,0,Normal,False,0.997648298740387,0.01848413422703743,AUTO_ACCEPT,Production-enabled class meets the frozen confidence and probability-margin requirements.,True,0.9441788792610168,0.1,0.001777554047293961,0.995870744693093,True,0.7762330770492554,Normal,0.997648298740387,Center,0.001777554047293961,Loc,0.00027813459746539593,0.011045578503399156,0.997648298740387,0.001777554047293961,5.608712383420311e-10,0.00010515731264604256,4.7310950890278036e-07,0.00027813459746539593,3.63585658975929e-12,1.8300325144160468e-10,0.0001904550736071542,41,40,1256,154,0.12261146496815287,"{'source_height': 41, 'source_width': 40, 'resized_height': 96, 'resized_width': 94, 'padding_top': 0, 'padding_bottom': 0, 'padding_left': 1, 'padding_right': 1, 'scale': 2.341463414634146}"
record_000719408:0,artifacts/input_files/record_000719408.npy,0,0,Normal,False,0.9559043049812317,0.19539906084537506,AUTO_ACCEPT,Production-enabled class meets the frozen confidence and probability-margin requirements.,True,0.9441788792610168,0.1,0.04079659655690193,0.9151077084243298,True,0.7762330770492554,Normal,0.9559043049812317,Edge-Loc,0.04079659655690193,Loc,0.0017193736275658011,0.011045578503399156,0.9559043049812317,1.1808744602603838e-05,2.810150168119918e-10,0.04079659655690193,0.00018578693561721593,0.0017193736275658011,6.026391191626956e-11,2.1149761941785528e-09,0.001382143353112042,41,40,1256,139,0.1106687898089172,"{'source_height': 41, 'source_width': 40, 'resized_height': 96, 'resized_width': 94, 'padding_top': 0, 'padding_bottom': 0, 'padding_left': 1, 'padding_right': 1, 'scale': 2.341463414634146}"
record_000719430:0,artifacts/input_files/record_000719430.npy,0,0,Normal,False,0.9939343333244324,0.04226880893111229,AUTO_ACCEPT,Production-enabled class meets the frozen confidence and probability-margin requirements.,True,0.9441788792610168,0.1,0.004243644420057535,0.9896906889043748,True,0.7762330770492554,Normal,0.9939343333244324,Edge-Loc,0.004243644420057535,Loc,0.000982613186351955,0.011045578503399156,0.9939343333244324,1.828001950343605e-05,4.4474779414827026e-10,0.004243644420057535,5.5544809583807364e-05,0.000982613186351955,1.717554744262717e-11,9.35115096467598e-10,0.0007655551889911294,41,40,1256,158,0.12579617834394904,"{'source_height': 41, 'source_width': 40, 'resized_height': 96, 'resized_width': 94, 'padding_top': 0, 'padding_bottom': 0, 'padding_left': 1, 'padding_right': 1, 'scale': 2.341463414634146}"
record_000719445:0,artifacts/input_files/record_000719445.npy,0,0,Normal,False,0.9999408721923828,0.0007004427607171237,AUTO_ACCEPT,Production-enabled class meets the frozen confidence and probability-margin requirements.,True,0.9441788792610168,0.1,3.066843419219367e-05,0.9999102037581906,True,0.7762330770492554,Normal,0.9999408721923828,Edge-Loc,3.066843419219367e-05,Scratch,2.0542933270917274e-05,0.011045578503399156,0.9999408721923828,2.003950839934987e-06,7.367798862331632e-13,3.066843419219367e-05,1.5221254443531507e-06,4.393885774334194e-06,6.006347220803565e-14,1.4865716079989766e-12,2.0542933270917274e-05,41,40,1256,123,0.09792993630573249,"{'source_height': 41, 'source_width': 40, 'resized_height': 96, 'resized_width': 94, 'padding_top': 0, 'padding_bottom': 0, 'padding_left': 1, 'padding_right': 1, 'scale': 2.341463414634146}"
record_000719614:0,artifacts/input_files/record_000719614.npy,0,3,Edge-Loc,True,0.823850154876709,0.548007607460022,ENGINEER_REVIEW,Class is review-only or confidence does not meet its production auto-accept threshold.,False,,,0.1541246622800827,0.6697254925966263,True,0.7762330770492554,Edge-Loc,0.823850154876709,Normal,0.1541246622800827,Loc,0.01682269759476185,0.011045578503399156,0.1541246622800827,0.00011469276796560735,3.390149743154325e-07,0.823850154876709,0.0031119114719331264,0.01682269759476185,4.114911462238524e-06,1.7305550500168465e-05,0.0019541580695658922,41,40,1256,188,0.14968152866242038,"{'source_height': 41, 'source_width': 40, 'resized_height': 96, 'resized_width': 94, 'padding_top': 0, 'padding_bottom': 0, 'padding_left': 1, 'padding_right': 1, 'scale': 2.341463414634146}"
record_000719695:0,artifacts/input_files/record_000719695.npy,0,0,Normal,False,0.7112551927566528,0.8241254091262817,ABSTAIN,Confidence is below the frozen abstain threshold.,True,0.9441788792610168,0.1,0.1881425678730011,0.5231126248836517,True,0.7762330770492554,Normal,0.7112551927566528,Center,0.1881425678730011,Loc,0.0916471779346466,0.011045578503399156,0.7112551927566528,0.1881425678730011,6.580531817235169e-07,0.004421618767082691,2.0966704141756054e-06,0.0916471779346466,1.569154584046828e-09,2.80460227486401e-07,0.004530354868620634,41,40,1256,154,0.12261146496815287,"{'source_height': 41, 'source_width': 40, 'resized_height': 96, 'resized_width': 94, 'padding_top': 0, 'padding_bottom': 0, 'padding_left': 1, 'padding_right': 1, 'scale': 2.341463414634146}"
record_000719858:0,artifacts/input_files/record_000719858.npy,0,0,Normal,False,0.9999239444732666,0.0009020380675792694,AUTO_ACCEPT,Production-enabled class meets the frozen confidence and probability-margin requirements.,True,0.9441788792610168,0.1,2.6095718567376025e-05,0.9998978487546992,True,0.7762330770492554,Normal,0.9999239444732666,Scratch,2.6095718567376025e-05,Edge-Loc,2.2754797100787982e-05,0.011045578503399156,0.9999239444732666,1.1417783753131516e-05,5.46390580349887e-12,2.2754797100787982e-05,7.762270683997485e-07,1.4984309927967843e-05,6.000885552359669e-14,3.887035658622917e-12,2.6095718567376025e-05,41,40,1256,160,0.12738853503184713,"{'source_height': 41, 'source_width': 40, 'resized_height': 96, 'resized_width': 94, 'padding_top': 0, 'padding_bottom': 0, 'padding_left': 1, 'padding_right': 1, 'scale': 2.341463414634146}"
record_000720031:0,artifacts/input_files/record_000720031.npy,0,0,Normal,False,0.9999674558639526,0.00040559424087405205,AUTO_ACCEPT,Production-enabled class meets the frozen confidence and probability-margin requirements.,True,0.9441788792610168,0.1,1.8251685105497018e-05,0.9999492041788471,True,0.7762330770492554,Normal,0.9999674558639526,Edge-Loc,1.8251685105497018e-05,Scratch,9.682644304120913e-06,0.011045578503399156,0.9999674558639526,1.1090448879258474e-06,3.2313626600888323e-13,1.8251685105497018e-05,9.636320328354486e-07,2.6102889023604803e-06,2.566740900768541e-14,6.213165832519296e-13,9.682644304120913e-06,41,40,1256,134,0.10668789808917198,"{'source_height': 41, 'source_width': 40, 'resized_height': 96, 'resized_width': 94, 'padding_top': 0, 'padding_bottom': 0, 'padding_left': 1, 'padding_right': 1, 'scale': 2.341463414634146}"
record_000720039:0,artifacts/input_files/record_000720039.npy,0,0,Normal,False,0.9152169823646545,0.32809463143348694,ENGINEER_REVIEW,Class is review-only or confidence does not meet its production auto-accept threshold.,True,0.9441788792610168,0.1,0.07566051930189133,0.8395564630627632,True,0.7762330770492554,Normal,0.9152169823646545,Edge-Loc,0.07566051930189133,Center,0.006060572806745768,0.011045578503399156,0.9152169823646545,0.006060572806745768,6.89321666413889e-09,0.07566051930189133,0.0015049336943775415,0.0011441188398748636,3.8224989395985176e-08,1.800840720989072e-07,0.00041266498737968504,41,40,1256,157,0.125,"{'source_height': 41, 'source_width': 40, 'resized_height': 96, 'resized_width': 94, 'padding_top': 0, 'padding_bottom': 0, 'padding_left': 1, 'padding_right': 1, 'scale': 2.341463414634146}"
record_000720411:0,artifacts/input_files/record_000720411.npy,0,0,Normal,False,0.9999617338180542,0.0004741777083836496,AUTO_ACCEPT,Production-enabled class meets the frozen confidence and probability-margin requirements.,True,0.9441788792610168,0.1,1.6349911675206386e-05,0.999945383906379,True,0.7762330770492554,Normal,0.9999617338180542,Edge-Loc,1.6349911675206386e-05,Scratch,1.4127018403087277e-05,0.011045578503399156,0.9999617338180542,2.673054041224532e-06,1.114227633769449e-12,1.6349911675206386e-05,8.370064961127355e-07,4.194810117041925e-06,3.951059721367042e-14,1.2904551559278499e-12,1.4127018403087277e-05,41,40,1256,147,0.11703821656050956,"{'source_height': 41, 'source_width': 40, 'resized_height': 96, 'resized_width': 94, 'padding_top': 0, 'padding_bottom': 0, 'padding_left': 1, 'padding_right': 1, 'scale': 2.341463414634146}"
record_000720718:0,artifacts/input_files/record_000720718.npy,0,0,Normal,False,0.9999082088470459,0.001039035152643919,AUTO_ACCEPT,Production-enabled class meets the frozen confidence and probability-margin requirements.,True,0.9441788792610168,0.1,4.322648237575777e-05,0.9998649823646701,True,0.7762330770492554,Normal,0.9999082088470459,Scratch,4.322648237575777e-05,Edge-Loc,4.059141792822629e-05,0.011045578503399156,0.9999082088470459,2.1018208826717455e-06,2.874641713904169e-13,4.059141792822629e-05,3.2597258723399136e-06,2.6260540835210122e-06,2.0901949130389987e-14,6.729370207771146e-13,4.322648237575777e-05,34,31,811,86,0.1060419235511714,"{'source_height': 34, 'source_width': 31, 'resized_height': 96, 'resized_width': 88, 'padding_top': 0, 'padding_bottom': 0, 'padding_left': 4, 'padding_right': 4, 'scale': 2.823529411764706}"
record_000721397:0,artifacts/input_files/record_000721397.npy,0,0,Normal,False,0.9980461597442627,0.015628637745976448,AUTO_ACCEPT,Production-enabled class meets the frozen confidence and probability-margin requirements.,True,0.9441788792610168,0.1,0.0014729972463101149,0.9965731624979526,True,0.7762330770492554,Normal,0.9980461597442627,Scratch,0.0014729972463101149,Loc,0.00031977094477042556,0.011045578503399156,0.9980461597442627,3.7576941394945607e-05,5.65050664678296e-13,0.00012257587513886392,8.374075832762173e-07,0.00031977094477042556,5.972621216992184e-17,2.0734080685008704e-12,0.0014729972463101149,25,26,518,84,0.16216216216216217,"{'source_height': 25, 'source_width': 26, 'resized_height': 92, 'resized_width': 96, 'padding_top': 2, 'padding_bottom': 2, 'padding_left': 0, 'padding_right': 0, 'scale': 3.6923076923076925}"
record_000721400:0,artifacts/input_files/record_000721400.npy,0,3,Edge-Loc,True,0.5635539889335632,0.7680976986885071,ABSTAIN,Confidence is below the frozen abstain threshold.,False,,,0.4183031916618347,0.14525079727172852,True,0.7762330770492554,Edge-Loc,0.5635539889335632,Normal,0.4183031916618347,Loc,0.016160549595952034,0.011045578503399156,0.4183031916618347,9.114184649661183e-06,7.281162478500747e-11,0.5635539889335632,0.0006819909904152155,0.016160549595952034,4.3897216417398965e-10,1.954292905281818e-08,0.0012911256635561585,25,26,518,67,0.12934362934362933,"{'source_height': 25, 'source_width': 26, 'resized_height': 92, 'resized_width': 96, 'padding_top': 2, 'padding_bottom': 2, 'padding_left': 0, 'padding_right': 0, 'scale': 3.6923076923076925}"
record_000721405:0,artifacts/input_files/record_000721405.npy,0,0,Normal,False,0.9151231646537781,0.35877031087875366,ENGINEER_REVIEW,Class is review-only or confidence does not meet its production auto-accept threshold.,True,0.9441788792610168,0.1,0.05916896462440491,0.8559542000293732,True,0.7762330770492554,Normal,0.9151231646537781,Loc,0.05916896462440491,Scratch,0.019054202362895012,0.011045578503399156,0.9151231646537781,0.006262943614274263,4.026422217862091e-08,0.00038982334081083536,9.174728461402992e-07,0.05916896462440491,2.0822885516552647e-12,3.223150457642987e-08,0.019054202362895012,25,26,518,75,0.14478764478764478,"{'source_height': 25, 'source_width': 26, 'resized_height': 92, 'resized_width': 96, 'padding_top': 2, 'padding_bottom': 2, 'padding_left': 0, 'padding_right': 0, 'scale': 3.6923076923076925}"
record_000721498:0,artifacts/input_files/record_000721498.npy,0,0,Normal,False,0.9989516735076904,0.00856716837733984,AUTO_ACCEPT,Production-enabled class meets the frozen confidence and probability-margin requirements.,True,0.9441788792610168,0.1,0.000963664089795202,0.9979880094178952,True,0.7762330770492554,Normal,0.9989516735076904,Edge-Loc,0.000963664089795202,Edge-Ring,7.670118793612346e-05,0.011045578503399156,0.9989516735076904,2.7934555646424997e-07,7.80981251852961e-17,0.000963664089795202,7.670118793612346e-05,3.7340751077863388e-06,2.737958893999906e-17,2.6721826113613664e-14,3.96306950278813e-06,25,26,518,95,0.1833976833976834,"{'source_height': 25, 'source_width': 26, 'resized_height': 92, 'resized_width': 96, 'padding_top': 2, 'padding_bottom': 2, 'padding_left': 0, 'padding_right': 0, 'scale': 3.6923076923076925}"
record_000721501:0,artifacts/input_files/record_000721501.npy,0,0,Normal,False,0.9985802173614502,0.01209862157702446,AUTO_ACCEPT,Production-enabled class meets the frozen confidence and probability-margin requirements.,True,0.9441788792610168,0.1,0.0006407952751033008,0.9979394220863469,True,0.7762330770492554,Normal,0.9985802173614502,Loc,0.0006407952751033008,Scratch,0.0006278847577050328,0.011045578503399156,0.9985802173614502,8.930152830544102e-07,4.8074845699404983e-14,0.00014952527999412268,6.49447713385598e-07,0.0006407952751033008,1.8183326175469826e-18,3.9379640499014046e-13,0.0006278847577050328,25,26,518,78,0.15057915057915058,"{'source_height': 25, 'source_width': 26, 'resized_height': 92, 'resized_width': 96, 'padding_top': 2, 'padding_bottom': 2, 'padding_left': 0, 'padding_right': 0, 'scale': 3.6923076923076925}"
record_000721503:0,artifacts/input_files/record_000721503.npy,0,0,Normal,False,0.9993867874145508,0.005790877155959606,AUTO_ACCEPT,Production-enabled class meets the frozen confidence and probability-margin requirements.,True,0.9441788792610168,0.1,0.000319909566314891,0.9990668778482359,True,0.7762330770492554,Normal,0.9993867874145508,Loc,0.000319909566314891,Scratch,0.00017151457723230124,0.011045578503399156,0.9993867874145508,4.070789145771414e-06,1.4433234745174148e-14,0.00011749548866646364,1.5692187105287303e-07,0.000319909566314891,1.086881100296834e-18,2.5534091442798446e-13,0.00017151457723230124,25,26,518,102,0.1969111969111969,"{'source_height': 25, 'source_width': 26, 'resized_height': 92, 'resized_width': 96, 'padding_top': 2, 'padding_bottom': 2, 'padding_left': 0, 'padding_right': 0, 'scale': 3.6923076923076925}"
record_000721509:0,artifacts/input_files/record_000721509.npy,0,0,Normal,False,0.9997530579566956,0.002529676305130124,AUTO_ACCEPT,Production-enabled class meets the frozen confidence and probability-margin requirements.,True,0.9441788792610168,0.1,0.00015366349543910474,0.9995993944612565,True,0.7762330770492554,Normal,0.9997530579566956,Edge-Loc,0.00015366349543910474,Scratch,5.992482329020277e-05,0.011045578503399156,0.9997530579566956,3.275052620210772e-07,2.666369297189418e-15,0.00015366349543910474,1.5139762581384275e-06,3.1412215321324766e-05,8.735573207764257e-18,2.2355532206777724e-14,5.992482329020277e-05,25,26,518,74,0.14285714285714285,"{'source_height': 25, 'source_width': 26, 'resized_height': 92, 'resized_width': 96, 'padding_top': 2, 'padding_bottom': 2, 'padding_left': 0, 'padding_right': 0, 'scale': 3.6923076923076925}"
record_000721554:0,artifacts/input_files/record_000721554.npy,0,0,Normal,False,0.9983580708503723,0.013446920551359653,AUTO_ACCEPT,Production-enabled class meets the frozen confidence and probability-margin requirements.,True,0.9441788792610168,0.1,0.0011975954985246062,0.9971604753518477,True,0.7762330770492554,Normal,0.9983580708503723,Edge-Loc,0.0011975954985246062,Edge-Ring,0.00031445015338249505,0.011045578503399156,0.9983580708503723,1.7098975035878539e-07,3.465946164782612e-15,0.0011975954985246062,0.00031445015338249505,1.6859394236234948e-05,4.335458069437841e-17,1.846536703924151e-13,0.00011284301581326872,25,26,518,87,0.16795366795366795,"{'source_height': 25, 'source_width': 26, 'resized_height': 92, 'resized_width': 96, 'padding_top': 2, 'padding_bottom': 2, 'padding_left': 0, 'padding_right': 0, 'scale': 3.6923076923076925}"
record_000721556:0,artifacts/input_files/record_000721556.npy,0,0,Normal,False,0.9998120665550232,0.0019917807076126337,AUTO_ACCEPT,Production-enabled class meets the frozen confidence and probability-margin requirements.,True,0.9441788792610168,0.1,0.00010353774268878624,0.9997085288123344,True,0.7762330770492554,Normal,0.9998120665550232,Scratch,0.00010353774268878624,Edge-Loc,5.187025453778915e-05,0.011045578503399156,0.9998120665550232,2.0363731323413958e-07,3.0495354505499783e-15,5.187025453778915e-05,1.2920784229208948e-06,3.095424472121522e-05,1.0100151350801907e-18,1.5753039131938436e-14,0.00010353774268878624,25,26,518,77,0.14864864864864866,"{'source_height': 25, 'source_width': 26, 'resized_height': 92, 'resized_width': 96, 'padding_top': 2, 'padding_bottom': 2, 'padding_left': 0, 'padding_right': 0, 'scale': 3.6923076923076925}"
record_000721591:0,artifacts/input_files/record_000721591.npy,0,0,Normal,False,0.9999959468841553,5.916364170843735e-05,AUTO_ACCEPT,Production-enabled class meets the frozen confidence and probability-margin requirements.,True,0.9441788792610168,0.1,1.6547915038245264e-06,0.9999942920926514,True,0.7762330770492554,Normal,0.9999959468841553,Edge-Loc,1.6547915038245264e-06,Scratch,1.36295579977741e-06,0.011045578503399156,0.9999959468841553,2.6707526856739605e-08,4.333698490838818e-18,1.6547915038245264e-06,1.9939742301744445e-08,1.003079887595959e-06,5.8922187412329726e-21,2.76808762432317e-17,1.36295579977741e-06,25,26,518,76,0.14671814671814673,"{'source_height': 25, 'source_width': 26, 'resized_height': 92, 'resized_width': 96, 'padding_top': 2, 'padding_bottom': 2, 'padding_left': 0, 'padding_right': 0, 'scale': 3.6923076923076925}"
record_000721612:0,artifacts/input_files/record_000721612.npy,0,0,Normal,False,0.9999816417694092,0.0002390336012467742,AUTO_ACCEPT,Production-enabled class meets the frozen confidence and probability-margin requirements.,True,0.9441788792610168,0.1,8.698049896338489e-06,0.9999729437195128,True,0.7762330770492554,Normal,0.9999816417694092,Scratch,8.698049896338489e-06,Loc,4.742958935821662e-06,0.011045578503399156,0.9999816417694092,1.4785047142140684e-07,2.7380141496648246e-16,4.7266939873225056e-06,5.336543651424108e-08,4.742958935821662e-06,1.1491532989119631e-19,6.069107004711717e-16,8.698049896338489e-06,25,26,518,69,0.13320463320463322,"{'source_height': 25, 'source_width': 26, 'resized_height': 92, 'resized_width': 96, 'padding_top': 2, 'padding_bottom': 2, 'padding_left': 0, 'padding_right': 0, 'scale': 3.6923076923076925}"
record_000722179:0,artifacts/input_files/record_000722179.npy,0,0,Normal,False,0.9929085969924927,0.047964442521333694,AUTO_ACCEPT,Production-enabled class meets the frozen confidence and probability-margin requirements.,True,0.9441788792610168,0.1,0.004177156835794449,0.9887314401566982,True,0.7762330770492554,Normal,0.9929085969924927,Scratch,0.004177156835794449,Loc,0.002632104093208909,0.011045578503399156,0.9929085969924927,1.2801555385522079e-05,3.794559805259112e-11,0.0002648357185535133,4.4746875573764555e-06,0.002632104093208909,3.5083964914836823e-15,3.77466530254722e-11,0.004177156835794449,25,26,518,57,0.11003861003861004,"{'source_height': 25, 'source_width': 26, 'resized_height': 92, 'resized_width': 96, 'padding_top': 2, 'padding_bottom': 2, 'padding_left': 0, 'padding_right': 0, 'scale': 3.6923076923076925}"
record_000722333:0,artifacts/input_files/record_000722333.npy,0,0,Normal,False,0.9999024868011475,0.0010907766409218311,AUTO_ACCEPT,Production-enabled class meets the frozen confidence and probability-margin requirements.,True,0.9441788792610168,0.1,5.209774826653302e-05,0.9998503890528809,True,0.7762330770492554,Normal,0.9999024868011475,Scratch,5.209774826653302e-05,Loc,3.542087142704986e-05,0.011045578503399156,0.9999024868011475,3.202057712314854e-07,4.3563190350908365e-16,9.624201084079687e-06,2.877342275553474e-08,3.542087142704986e-05,1.8718468798679932e-20,8.474772160351352e-16,5.209774826653302e-05,25,26,518,80,0.15444015444015444,"{'source_height': 25, 'source_width': 26, 'resized_height': 92, 'resized_width': 96, 'padding_top': 2, 'padding_bottom': 2, 'padding_left': 0, 'padding_right': 0, 'scale': 3.6923076923076925}"
record_000722594:0,artifacts/input_files/record_000722594.npy,0,0,Normal,False,0.9999850988388062,0.00019547608098946512,AUTO_ACCEPT,Production-enabled class meets the frozen confidence and probability-margin requirements.,True,0.9441788792610168,0.1,8.732930837140884e-06,0.999976365907969,True,0.7762330770492554,Normal,0.9999850988388062,Scratch,8.732930837140884e-06,Loc,3.2382090466853697e-06,0.011045578503399156,0.9999850988388062,4.2060886329409186e-08,1.5386356795596816e-17,2.8788183499273146e-06,2.72671520917811e-08,3.2382090466853697e-06,2.5856357322829192e-21,4.8808847526153016e-17,8.732930837140884e-06,25,26,518,76,0.14671814671814673,"{'source_height': 25, 'source_width': 26, 'resized_height': 92, 'resized_width': 96, 'padding_top': 2, 'padding_bottom': 2, 'padding_left': 0, 'padding_right': 0, 'scale': 3.6923076923076925}"
record_000722676:0,artifacts/input_files/record_000722676.npy,0,0,Normal,False,0.9990562796592712,0.008588667958974838,AUTO_ACCEPT,Production-enabled class meets the frozen confidence and probability-margin requirements.,True,0.9441788792610168,0.1,0.00033497734693810344,0.9987213023123331,True,0.7762330770492554,Normal,0.9990562796592712,Edge-Loc,0.00033497734693810344,Scratch,0.0003285885031800717,0.011045578503399156,0.9990562796592712,2.5280808131356025e-06,6.328569395960826e-14,0.00033497734693810344,4.554066435957793e-06,0.0002731019048951566,3.137259158886199e-17,8.667738293603733e-13,0.0003285885031800717,25,26,518,82,0.1583011583011583,"{'source_height': 25, 'source_width': 26, 'resized_height': 92, 'resized_width': 96, 'padding_top': 2, 'padding_bottom': 2, 'padding_left': 0, 'padding_right': 0, 'scale': 3.6923076923076925}"
record_000722820:0,artifacts/input_files/record_000722820.npy,0,0,Normal,False,0.9993404746055603,0.006073419936001301,AUTO_ACCEPT,Production-enabled class meets the frozen confidence and probability-margin requirements.,True,0.9441788792610168,0.1,0.0004162397817708552,0.9989242348237894,True,0.7762330770492554,Normal,0.9993404746055603,Loc,0.0004162397817708552,Scratch,0.00018487288616597652,0.011045578503399156,0.9993404746055603,4.4777034418075345e-06,4.855718352902126e-14,5.373328167479485e-05,8.824400765661267e-08,0.0004162397817708552,1.4592640601905233e-18,2.654475760293512e-13,0.00018487288616597652,25,26,518,84,0.16216216216216217,"{'source_height': 25, 'source_width': 26, 'resized_height': 92, 'resized_width': 96, 'padding_top': 2, 'padding_bottom': 2, 'padding_left': 0, 'padding_right': 0, 'scale': 3.6923076923076925}"
record_000722830:0,artifacts/input_files/record_000722830.npy,0,0,Normal,False,0.9957398176193237,0.03093660995364189,AUTO_ACCEPT,Production-enabled class meets the frozen confidence and probability-margin requirements.,True,0.9441788792610168,0.1,0.002961590653285384,0.9927782269660383,True,0.7762330770492554,Normal,0.9957398176193237,Loc,0.002961590653285384,Scratch,0.0009088111110031605,0.011045578503399156,0.9957398176193237,1.7022567817548406e-06,1.8044609860143335e-13,0.0003870380169246346,1.0724855883381679e-06,0.002961590653285384,1.842487738999603e-17,2.277888381391202e-12,0.0009088111110031605,25,26,518,82,0.1583011583011583,"{'source_height': 25, 'source_width': 26, 'resized_height': 92, 'resized_width': 96, 'padding_top': 2, 'padding_bottom': 2, 'padding_left': 0, 'padding_right': 0, 'scale': 3.6923076923076925}"
record_000722836:0,artifacts/input_files/record_000722836.npy,0,0,Normal,False,0.9993564486503601,0.006087813060730696,AUTO_ACCEPT,Production-enabled class meets the frozen confidence and probability-margin requirements.,True,0.9441788792610168,0.1,0.00028532781288959086,0.9990711208374705,True,0.7762330770492554,Normal,0.9993564486503601,Loc,0.00028532781288959086,Edge-Loc,0.00018402621208224446,0.011045578503399156,0.9993564486503601,4.344074568507494e-06,4.825070329178213e-14,0.00018402621208224446,6.340359277601237e-07,0.00028532781288959086,1.5746559210777932e-17,4.898963179567062e-13,0.00016931263962760568,25,26,518,78,0.15057915057915058,"{'source_height': 25, 'source_width': 26, 'resized_height': 92, 'resized_width': 96, 'padding_top': 2, 'padding_bottom': 2, 'padding_left': 0, 'padding_right': 0, 'scale': 3.6923076923076925}"
record_000722916:0,artifacts/input_files/record_000722916.npy,0,0,Normal,False,0.9985461235046387,0.011686714366078377,AUTO_ACCEPT,Production-enabled class meets the frozen confidence and probability-margin requirements.,True,0.9441788792610168,0.1,0.0012613460421562195,0.9972847774624825,True,0.7762330770492554,Normal,0.9985461235046387,Edge-Loc,0.0012613460421562195,Loc,0.00010787162318592891,0.011045578503399156,0.9985461235046387,3.982673661084846e-06,7.461304523444928e-14,0.0012613460421562195,5.067752226750599e-06,0.00010787162318592891,4.022966889358302e-15,1.0301408163992942e-12,7.554901094408706e-05,25,26,518,63,0.12162162162162163,"{'source_height': 25, 'source_width': 26, 'resized_height': 92, 'resized_width': 96, 'padding_top': 2, 'padding_bottom': 2, 'padding_left': 0, 'padding_right': 0, 'scale': 3.6923076923076925}"
record_000723003:0,artifacts/input_files/record_000723003.npy,0,0,Normal,False,0.9999954700469971,6.569916877197102e-05,AUTO_ACCEPT,Production-enabled class meets the frozen confidence and probability-margin requirements.,True,0.9441788792610168,0.1,2.2445008198701544e-06,0.9999932255461772,True,0.7762330770492554,Normal,0.9999954700469971,Edge-Loc,2.2445008198701544e-06,Scratch,1.6848348423081916e-06,0.011045578503399156,0.9999954700469971,7.848843353031043e-09,4.2998564640277426e-18,2.2445008198701544e-06,1.0874434508423292e-07,5.320897571436944e-07,1.3213131881122744e-20,2.513985846516883e-17,1.6848348423081916e-06,25,26,518,65,0.12548262548262548,"{'source_height': 25, 'source_width': 26, 'resized_height': 92, 'resized_width': 96, 'padding_top': 2, 'padding_bottom': 2, 'padding_left': 0, 'padding_right': 0, 'scale': 3.6923076923076925}"
record_000723042:0,artifacts/input_files/record_000723042.npy,0,0,Normal,False,0.9823474884033203,0.09337908774614334,AUTO_ACCEPT,Production-enabled class meets the frozen confidence and probability-margin requirements.,True,0.9441788792610168,0.1,0.016539111733436584,0.9658083766698837,True,0.7762330770492554,Normal,0.9823474884033203,Scratch,0.016539111733436584,Loc,0.0009738456574268639,0.011045578503399156,0.9823474884033203,6.61011381453136e-06,3.050884891941941e-11,0.00012800867261830717,4.933434865961317e-06,0.0009738456574268639,1.3775899008682625e-16,8.525543118698131e-12,0.016539111733436584,25,26,518,80,0.15444015444015444,"{'source_height': 25, 'source_width': 26, 'resized_height': 92, 'resized_width': 96, 'padding_top': 2, 'padding_bottom': 2, 'padding_left': 0, 'padding_right': 0, 'scale': 3.6923076923076925}"
record_000723048:0,artifacts/input_files/record_000723048.npy,0,0,Normal,False,0.9999264478683472,0.000839502434246242,AUTO_ACCEPT,Production-enabled class meets the frozen confidence and probability-margin requirements.,True,0.9441788792610168,0.1,4.994616028852761e-05,0.9998765017080586,True,0.7762330770492554,Normal,0.9999264478683472,Edge-Loc,4.994616028852761e-05,Scratch,1.3954391761217266e-05,0.011045578503399156,0.9999264478683472,1.0085307167173596e-07,1.2161295392538318e-16,4.994616028852761e-05,1.0814998177011148e-06,8.455901479464956e-06,4.749600249939535e-19,1.5580731666401467e-15,1.3954391761217266e-05,25,26,518,74,0.14285714285714285,"{'source_height': 25, 'source_width': 26, 'resized_height': 92, 'resized_width': 96, 'padding_top': 2, 'padding_bottom': 2, 'padding_left': 0, 'padding_right': 0, 'scale': 3.6923076923076925}"
record_000723293:0,artifacts/input_files/record_000723293.npy,0,0,Normal,False,0.9999133348464966,0.0009836400859057903,AUTO_ACCEPT,Production-enabled class meets the frozen confidence and probability-margin requirements.,True,0.9441788792610168,0.1,4.617922240868211e-05,0.9998671556240879,True,0.7762330770492554,Normal,0.9999133348464966,Edge-Loc,4.617922240868211e-05,Loc,2.9489157896023244e-05,0.011045578503399156,0.9999133348464966,4.2240941411364474e-07,2.734955070323481e-17,4.617922240868211e-05,3.291904349111974e-08,2.9489157896023244e-05,1.2659601032895584e-20,9.14510979964367e-16,1.0616277904773597e-05,25,26,518,96,0.18532818532818532,"{'source_height': 25, 'source_width': 26, 'resized_height': 92, 'resized_width': 96, 'padding_top': 2, 'padding_bottom': 2, 'padding_left': 0, 'padding_right': 0, 'scale': 3.6923076923076925}"
record_000723767:0,artifacts/input_files/record_000723767.npy,0,0,Normal,False,0.9999431371688843,0.0006723019760102034,AUTO_ACCEPT,Production-enabled class meets the frozen confidence and probability-margin requirements.,True,0.9441788792610168,0.1,2.8884311177534983e-05,0.9999142528577067,True,0.7762330770492554,Normal,0.9999431371688843,Edge-Loc,2.8884311177534983e-05,Scratch,1.8807770175044425e-05,0.011045578503399156,0.9999431371688843,2.0687639334937558e-07,2.115417404862128e-16,2.8884311177534983e-05,2.845315805188875e-07,8.703490493644495e-06,2.351755390091923e-19,1.8376060035744457e-15,1.8807770175044425e-05,25,26,518,73,0.14092664092664092,"{'source_height': 25, 'source_width': 26, 'resized_height': 92, 'resized_width': 96, 'padding_top': 2, 'padding_bottom': 2, 'padding_left': 0, 'padding_right': 0, 'scale': 3.6923076923076925}"
record_000723768:0,artifacts/input_files/record_000723768.npy,0,0,Normal,False,0.9999783039093018,0.00027525180485099554,AUTO_ACCEPT,Production-enabled class meets the frozen confidence and probability-margin requirements.,True,0.9441788792610168,0.1,1.3307649169291835e-05,0.9999649962601325,True,0.7762330770492554,Normal,0.9999783039093018,Scratch,1.3307649169291835e-05,Edge-Loc,4.1574544411560055e-06,0.011045578503399156,0.9999783039093018,8.893399439102723e-08,1.1144718477677025e-15,4.1574544411560055e-06,2.4483537686137424e-07,3.803342679020716e-06,6.823205043821021e-19,1.8376358614858364e-15,1.3307649169291835e-05,25,26,518,64,0.12355212355212356,"{'source_height': 25, 'source_width': 26, 'resized_height': 92, 'resized_width': 96, 'padding_top': 2, 'padding_bottom': 2, 'padding_left': 0, 'padding_right': 0, 'scale': 3.6923076923076925}"
record_000723863:0,artifacts/input_files/record_000723863.npy,0,0,Normal,False,0.999921441078186,0.0009167373646050692,AUTO_ACCEPT,Production-enabled class meets the frozen confidence and probability-margin requirements.,True,0.9441788792610168,0.1,3.5073739127255976e-05,0.9998863673390588,True,0.7762330770492554,Normal,0.999921441078186,Scratch,3.5073739127255976e-05,Loc,2.146385668311268e-05,0.011045578503399156,0.999921441078186,4.880703727394575e-06,3.6434262487702266e-15,1.698914093140047e-05,8.555117148034697e-08,2.146385668311268e-05,1.2189693330147876e-18,1.8714168059717588e-14,3.5073739127255976e-05,25,26,518,80,0.15444015444015444,"{'source_height': 25, 'source_width': 26, 'resized_height': 92, 'resized_width': 96, 'padding_top': 2, 'padding_bottom': 2, 'padding_left': 0, 'padding_right': 0, 'scale': 3.6923076923076925}"
record_000723888:0,artifacts/input_files/record_000723888.npy,0,0,Normal,False,0.9991291165351868,0.007840247824788094,AUTO_ACCEPT,Production-enabled class meets the frozen confidence and probability-margin requirements.,True,0.9441788792610168,0.1,0.0005160123691894114,0.9986131041659974,True,0.7762330770492554,Normal,0.9991291165351868,Scratch,0.0005160123691894114,Loc,0.0002397483040113002,0.011045578503399156,0.9991291165351868,3.194296141373343e-06,2.5066296152446987e-13,0.0001108654250856489,1.111092728933727e-06,0.0002397483040113002,9.465587891610886e-17,4.040041684440915e-13,0.0005160123691894114,25,26,518,56,0.10810810810810811,"{'source_height': 25, 'source_width': 26, 'resized_height': 92, 'resized_width': 96, 'padding_top': 2, 'padding_bottom': 2, 'padding_left': 0, 'padding_right': 0, 'scale': 3.6923076923076925}"
record_000724037:0,artifacts/input_files/record_000724037.npy,0,0,Normal,False,0.9994044303894043,0.005396870896220207,AUTO_ACCEPT,Production-enabled class meets the frozen confidence and probability-margin requirements.,True,0.9441788792610168,0.1,0.0004901302745565772,0.9989143001148477,True,0.7762330770492554,Normal,0.9994044303894043,Edge-Loc,0.0004901302745565772,Scratch,6.320403190329671e-05,0.011045578503399156,0.9994044303894043,1.1851525414385833e-06,1.333749598394704e-14,0.0004901302745565772,1.1127591278636828e-05,2.9959863240947016e-05,3.4401086423364814e-16,3.32167886946122e-13,6.320403190329671e-05,25,26,518,67,0.12934362934362933,"{'source_height': 25, 'source_width': 26, 'resized_height': 92, 'resized_width': 96, 'padding_top': 2, 'padding_bottom': 2, 'padding_left': 0, 'padding_right': 0, 'scale': 3.6923076923076925}"
record_000724043:0,artifacts/input_files/record_000724043.npy,0,0,Normal,False,0.9941962957382202,0.04157122224569321,AUTO_ACCEPT,Production-enabled class meets the frozen confidence and probability-margin requirements.,True,0.9441788792610168,0.1,0.003114829072728753,0.9910814666654915,True,0.7762330770492554,Normal,0.9941962957382202,Loc,0.003114829072728753,Edge-Loc,0.0017419466748833656,0.011045578503399156,0.9941962957382202,3.049206679861527e-05,5.728791573067493e-12,0.0017419466748833656,1.8704483863984933e-06,0.003114829072728753,1.0534674125877927e-14,4.468002356983192e-11,0.00091452308697626,25,26,518,73,0.14092664092664092,"{'source_height': 25, 'source_width': 26, 'resized_height': 92, 'resized_width': 96, 'padding_top': 2, 'padding_bottom': 2, 'padding_left': 0, 'padding_right': 0, 'scale': 3.6923076923076925}"
record_000724159:0,artifacts/input_files/record_000724159.npy,0,5,Loc,True,0.8324649930000305,0.57877516746521,ENGINEER_REVIEW,Class is review-only or confidence does not meet its production auto-accept threshold.,False,,,0.11760152131319046,0.7148634716868401,True,0.7762330770492554,Loc,0.8324649930000305,Normal,0.11760152131319046,Edge-Loc,0.0406431145966053,0.011045578503399156,0.11760152131319046,0.00012902423623017967,1.610579545285873e-07,0.0406431145966053,6.845080861239694e-06,0.8324649930000305,1.6691743542907034e-09,3.1054341889102943e-06,0.009151235222816467,25,26,518,106,0.20463320463320464,"{'source_height': 25, 'source_width': 26, 'resized_height': 92, 'resized_width': 96, 'padding_top': 2, 'padding_bottom': 2, 'padding_left': 0, 'padding_right': 0, 'scale': 3.6923076923076925}"
record_000724163:0,artifacts/input_files/record_000724163.npy,0,0,Normal,False,0.9978598952293396,0.017150485888123512,AUTO_ACCEPT,Production-enabled class meets the frozen confidence and probability-margin requirements.,True,0.9441788792610168,0.1,0.0014610372018069029,0.9963988580275327,True,0.7762330770492554,Normal,0.9978598952293396,Scratch,0.0014610372018069029,Loc,0.0003465641930233687,0.011045578503399156,0.9978598952293396,4.516039552981965e-06,5.324201908345205e-13,0.00032314876443706453,4.911970336252125e-06,0.0003465641930233687,1.0797584920604206e-16,4.1787129312353954e-12,0.0014610372018069029,25,26,518,76,0.14671814671814673,"{'source_height': 25, 'source_width': 26, 'resized_height': 92, 'resized_width': 96, 'padding_top': 2, 'padding_bottom': 2, 'padding_left': 0, 'padding_right': 0, 'scale': 3.6923076923076925}"
record_000724638:0,artifacts/input_files/record_000724638.npy,0,0,Normal,False,0.8936958312988281,0.35135364532470703,ENGINEER_REVIEW,Class is review-only or confidence does not meet its production auto-accept threshold.,True,0.9441788792610168,0.1,0.10413602739572525,0.7895598039031029,True,0.7762330770492554,Normal,0.8936958312988281,Edge-Loc,0.10413602739572525,Edge-Ring,0.001202588900923729,0.011045578503399156,0.8936958312988281,5.474698809848633e-07,3.3635317838245915e-13,0.10413602739572525,0.001202588900923729,0.0007110349251888692,2.2932350463023e-13,9.600168576762158e-11,0.0002539568522479385,25,26,518,85,0.1640926640926641,"{'source_height': 25, 'source_width': 26, 'resized_height': 92, 'resized_width': 96, 'padding_top': 2, 'padding_bottom': 2, 'padding_left': 0, 'padding_right': 0, 'scale': 3.6923076923076925}"
record_000724653:0,artifacts/input_files/record_000724653.npy,0,0,Normal,False,0.999828577041626,0.001843083300627768,AUTO_ACCEPT,Production-enabled class meets the frozen confidence and probability-margin requirements.,True,0.9441788792610168,0.1,7.281972648343071e-05,0.9997557573151425,True,0.7762330770492554,Normal,0.999828577041626,Edge-Loc,7.281972648343071e-05,Loc,5.343485463527031e-05,0.011045578503399156,0.999828577041626,3.0479508694725155e-08,1.014295418382974e-16,7.281972648343071e-05,2.0063366434897034e-07,5.343485463527031e-05,7.600619336483819e-21,2.2809953524518395e-15,4.480272764340043e-05,25,26,518,90,0.17374517374517376,"{'source_height': 25, 'source_width': 26, 'resized_height': 92, 'resized_width': 96, 'padding_top': 2, 'padding_bottom': 2, 'padding_left': 0, 'padding_right': 0, 'scale': 3.6923076923076925}"
record_000725029:0,artifacts/input_files/record_000725029.npy,0,0,Normal,False,0.9999291896820068,0.0008411406306549907,AUTO_ACCEPT,Production-enabled class meets the frozen confidence and probability-margin requirements.,True,0.9441788792610168,0.1,2.8726968594128266e-05,0.9999004627134127,True,0.7762330770492554,Normal,0.9999291896820068,Scratch,2.8726968594128266e-05,Loc,1.6486254025949165e-05,0.011045578503399156,0.9999291896820068,1.3568972462962847e-05,8.21196663593855e-15,1.1927448213100433e-05,6.385270978626068e-08,1.6486254025949165e-05,1.0688164476558956e-17,1.7882237709912832e-14,2.8726968594128266e-05,25,26,518,71,0.13706563706563707,"{'source_height': 25, 'source_width': 26, 'resized_height': 92, 'resized_width': 96, 'padding_top': 2, 'padding_bottom': 2, 'padding_left': 0, 'padding_right': 0, 'scale': 3.6923076923076925}"
record_000725097:0,artifacts/input_files/record_000725097.npy,0,0,Normal,False,0.9915971159934998,0.05218694731593132,AUTO_ACCEPT,Production-enabled class meets the frozen confidence and probability-margin requirements.,True,0.9441788792610168,0.1,0.007381992880254984,0.9842151231132448,True,0.7762330770492554,Normal,0.9915971159934998,Edge-Loc,0.007381992880254984,Edge-Ring,0.0008394970209337771,0.011045578503399156,0.9915971159934998,9.11733835096129e-08,2.6978475826082296e-15,0.007381992880254984,0.0008394970209337771,2.5211835236405022e-05,3.274233915577876e-16,4.0766909704774423e-13,0.00015620794147253036,25,26,518,82,0.1583011583011583,"{'source_height': 25, 'source_width': 26, 'resized_height': 92, 'resized_width': 96, 'padding_top': 2, 'padding_bottom': 2, 'padding_left': 0, 'padding_right': 0, 'scale': 3.6923076923076925}"
record_000725110:0,artifacts/input_files/record_000725110.npy,0,0,Normal,False,0.9993545413017273,0.005797382444143295,AUTO_ACCEPT,Production-enabled class meets the frozen confidence and probability-margin requirements.,True,0.9441788792610168,0.1,0.0004999167867936194,0.9988546245149337,True,0.7762330770492554,Normal,0.9993545413017273,Scratch,0.0004999167867936194,Loc,0.00012376091035548598,0.010776702765724622,0.9993545413017273,9.112677048506157e-07,7.98861336511001e-15,2.084024526993744e-05,8.800136441777795e-08,0.00012376091035548598,2.502824128532564e-20,1.911006787113246e-14,0.0004999167867936194,25,26,518,106,0.20463320463320464,"{'source_height': 25, 'source_width': 26, 'resized_height': 92, 'resized_width': 96, 'padding_top': 2, 'padding_bottom': 2, 'padding_left': 0, 'padding_right': 0, 'scale': 3.6923076923076925}"
record_000725120:0,artifacts/input_files/record_000725120.npy,0,0,Normal,False,0.9958535432815552,0.030504930764436722,AUTO_ACCEPT,Production-enabled class meets the frozen confidence and probability-margin requirements.,True,0.9441788792610168,0.1,0.002129111671820283,0.9937244316097349,True,0.7762330770492554,Normal,0.9958535432815552,Scratch,0.002129111671820283,Loc,0.001805211533792317,0.010776702765724622,0.9958535432815552,1.9560542568797246e-05,7.677079458257019e-12,0.0001916366018122062,9.017340971695376e-07,0.001805211533792317,2.499966921844232e-16,3.544324903015372e-11,0.002129111671820283,25,26,518,93,0.17953667953667954,"{'source_height': 25, 'source_width': 26, 'resized_height': 92, 'resized_width': 96, 'padding_top': 2, 'padding_bottom': 2, 'padding_left': 0, 'padding_right': 0, 'scale': 3.6923076923076925}"
record_000725228:0,artifacts/input_files/record_000725228.npy,0,0,Normal,False,0.7777368426322937,0.6394540071487427,ENGINEER_REVIEW,Class is review-only or confidence does not meet its production auto-accept threshold.,True,0.9441788792610168,0.1,0.1927269697189331,0.5850098729133606,True,0.7762330770492554,Normal,0.7777368426322937,Scratch,0.1927269697189331,Loc,0.021512988954782486,0.010776702765724622,0.7777368426322937,0.0004123108519706875,7.889626090218371e-07,0.006168573163449764,0.001441235071979463,0.021512988954782486,5.498559385586077e-10,2.6061951530209626e-07,0.1927269697189331,86,89,6052,180,0.029742233972240583,"{'source_height': 86, 'source_width': 89, 'resized_height': 93, 'resized_width': 96, 'padding_top': 1, 'padding_bottom': 2, 'padding_left': 0, 'padding_right': 0, 'scale': 1.0786516853932584}"
record_000725233:0,artifacts/input_files/record_000725233.npy,0,0,Normal,False,0.8026143312454224,0.5799729824066162,ENGINEER_REVIEW,Class is review-only or confidence does not meet its production auto-accept threshold.,True,0.9441788792610168,0.1,0.17672842741012573,0.6258859038352966,True,0.7762330770492554,Normal,0.8026143312454224,Scratch,0.17672842741012573,Loc,0.014318050816655159,0.010776702765724622,0.8026143312454224,0.00042088262853212655,3.960914227718604e-07,0.004869360011070967,0.0010484064696356654,0.014318050816655159,2.511035268604189e-10,1.226166972401188e-07,0.17672842741012573,86,89,6052,209,0.0345340383344349,"{'source_height': 86, 'source_width': 89, 'resized_height': 93, 'resized_width': 96, 'padding_top': 1, 'padding_bottom': 2, 'padding_left': 0, 'padding_right': 0, 'scale': 1.0786516853932584}"
record_000725779:0,artifacts/input_files/record_000725779.npy,0,0,Normal,False,0.99972003698349,0.002844919916242361,AUTO_ACCEPT,Production-enabled class meets the frozen confidence and probability-margin requirements.,True,0.9441788792610168,0.1,0.00019293422519695014,0.999527102758293,True,0.7762330770492554,Normal,0.99972003698349,Edge-Loc,0.00019293422519695014,Scratch,4.7507233830401674e-05,0.010776702765724622,0.99972003698349,8.953362339525484e-06,9.150304645932916e-12,0.00019293422519695014,1.2295587112021167e-05,1.821587466110941e-05,3.146455101674106e-12,4.264006162046918e-11,4.7507233830401674e-05,30,34,776,78,0.10051546391752578,"{'source_height': 30, 'source_width': 34, 'resized_height': 85, 'resized_width': 96, 'padding_top': 5, 'padding_bottom': 6, 'padding_left': 0, 'padding_right': 0, 'scale': 2.823529411764706}"
record_000726227:0,artifacts/input_files/record_000726227.npy,0,0,Normal,False,0.9999722242355347,0.00035034253960475326,AUTO_ACCEPT,Production-enabled class meets the frozen confidence and probability-margin requirements.,True,0.9441788792610168,0.1,1.2887021512142383e-05,0.9999593372140225,True,0.7762330770492554,Normal,0.9999722242355347,Scratch,1.2887021512142383e-05,Edge-Loc,1.0810879757627845e-05,0.010776702765724622,0.9999722242355347,1.7714138493829523e-06,2.900248671864475e-13,1.0810879757627845e-05,5.607543016594718e-07,1.6780752503109397e-06,2.961479599419316e-14,5.268667446767239e-13,1.2887021512142383e-05,30,34,776,69,0.08891752577319588,"{'source_height': 30, 'source_width': 34, 'resized_height': 85, 'resized_width': 96, 'padding_top': 5, 'padding_bottom': 6, 'padding_left': 0, 'padding_right': 0, 'scale': 2.823529411764706}"
record_000726494:0,artifacts/input_files/record_000726494.npy,0,0,Normal,False,0.9999661445617676,0.00042259780457243323,AUTO_ACCEPT,Production-enabled class meets the frozen confidence and probability-margin requirements.,True,0.9441788792610168,0.1,1.4766134881938342e-05,0.9999513784268856,True,0.7762330770492554,Normal,0.9999661445617676,Scratch,1.4766134881938342e-05,Edge-Loc,1.381653783028014e-05,0.010776702765724622,0.9999661445617676,1.481024128224817e-06,2.837611601854556e-13,1.381653783028014e-05,1.3447149740386521e-06,2.4653354557813145e-06,1.7205886983727957e-14,5.464884187539321e-13,1.4766134881938342e-05,30,34,776,75,0.09664948453608248,"{'source_height': 30, 'source_width': 34, 'resized_height': 85, 'resized_width': 96, 'padding_top': 5, 'padding_bottom': 6, 'padding_left': 0, 'padding_right': 0, 'scale': 2.823529411764706}"
record_000726659:0,artifacts/input_files/record_000726659.npy,0,0,Normal,False,0.9999487400054932,0.0006165829254314303,AUTO_ACCEPT,Production-enabled class meets the frozen confidence and probability-margin requirements.,True,0.9441788792610168,0.1,2.2586158593185246e-05,0.9999261538469,True,0.7762330770492554,Normal,0.9999487400054932,Edge-Loc,2.2586158593185246e-05,Scratch,2.1481439034687355e-05,0.010776702765724622,0.9999487400054932,1.0586187499939115e-06,6.353743486203767e-13,2.2586158593185246e-05,1.943079951161053e-06,4.260431524016894e-06,4.3666991273979064e-14,1.3336530230861898e-12,2.1481439034687355e-05,30,34,776,65,0.08376288659793814,"{'source_height': 30, 'source_width': 34, 'resized_height': 85, 'resized_width': 96, 'padding_top': 5, 'padding_bottom': 6, 'padding_left': 0, 'padding_right': 0, 'scale': 2.823529411764706}"
record_000726664:0,artifacts/input_files/record_000726664.npy,0,0,Normal,False,0.9999672174453735,0.0004092126328032464,AUTO_ACCEPT,Production-enabled class meets the frozen confidence and probability-margin requirements.,True,0.9441788792610168,0.1,1.5909292415017262e-05,0.9999513081529585,True,0.7762330770492554,Normal,0.9999672174453735,Scratch,1.5909292415017262e-05,Edge-Loc,1.2574285392474849e-05,0.010776702765724622,0.9999672174453735,1.0775606824608985e-06,4.956723508205141e-13,1.2574285392474849e-05,8.685751708981115e-07,2.4657140329509275e-06,4.642157968789973e-14,9.508340295671935e-13,1.5909292415017262e-05,30,34,776,58,0.07474226804123711,"{'source_height': 30, 'source_width': 34, 'resized_height': 85, 'resized_width': 96, 'padding_top': 5, 'padding_bottom': 6, 'padding_left': 0, 'padding_right': 0, 'scale': 2.823529411764706}"
record_000726669:0,artifacts/input_files/record_000726669.npy,0,0,Normal,False,0.4709198772907257,1.2353177070617676,ABSTAIN,Confidence is below the frozen abstain threshold.,True,0.9441788792610168,0.1,0.28354412317276,0.1873757541179657,True,0.7762330770492554,Normal,0.4709198772907257,Scratch,0.28354412317276,Loc,0.142815500497818,0.010776702765724622,0.4709198772907257,0.10038405656814575,7.58796013542451e-05,0.002243760507553816,9.508393304713536e-06,0.142815500497818,8.34051672171654e-09,7.276556516444543e-06,0.28354412317276,30,34,776,78,0.10051546391752578,"{'source_height': 30, 'source_width': 34, 'resized_height': 85, 'resized_width': 96, 'padding_top': 5, 'padding_bottom': 6, 'padding_left': 0, 'padding_right': 0, 'scale': 2.823529411764706}"
record_000727034:0,artifacts/input_files/record_000727034.npy,0,5,Loc,True,0.8093565702438354,0.7409518361091614,ENGINEER_REVIEW,Class is review-only or confidence does not meet its production auto-accept threshold.,False,,,0.07824480533599854,0.7311117649078369,True,0.7762330770492554,Loc,0.8093565702438354,Random,0.07824480533599854,Donut,0.05146753787994385,0.010776702765724622,0.0036336497869342566,0.0007307601626962423,0.05146753787994385,0.011244505643844604,0.00020402774680405855,0.8093565702438354,1.9147539660480106e-06,0.07824480533599854,0.045116160064935684,30,34,776,234,0.3015463917525773,"{'source_height': 30, 'source_width': 34, 'resized_height': 85, 'resized_width': 96, 'padding_top': 5, 'padding_bottom': 6, 'padding_left': 0, 'padding_right': 0, 'scale': 2.823529411764706}"
record_000727036:0,artifacts/input_files/record_000727036.npy,0,0,Normal,False,0.9622906446456909,0.18838781118392944,AUTO_ACCEPT,Production-enabled class meets the frozen confidence and probability-margin requirements.,True,0.9441788792610168,0.1,0.029292281717061996,0.9329983629286289,True,0.7762330770492554,Normal,0.9622906446456909,Center,0.029292281717061996,Loc,0.005044574849307537,0.010776702765724622,0.9622906446456909,0.029292281717061996,6.244473382821525e-09,0.0023286135401576757,2.5291953988926252e-06,0.005044574849307537,2.590412884195814e-10,1.180204023398801e-08,0.0010413305135443807,30,34,776,101,0.13015463917525774,"{'source_height': 30, 'source_width': 34, 'resized_height': 85, 'resized_width': 96, 'padding_top': 5, 'padding_bottom': 6, 'padding_left': 0, 'padding_right': 0, 'scale': 2.823529411764706}"
record_000727400:0,artifacts/input_files/record_000727400.npy,0,5,Loc,True,0.5836297273635864,0.6968604326248169,ABSTAIN,Confidence is below the frozen abstain threshold.,False,,,0.41399359703063965,0.16963613033294678,True,0.7762330770492554,Loc,0.5836297273635864,Edge-Loc,0.41399359703063965,Center,0.0009076816495507956,0.010776702765724622,0.0007401047041639686,0.0009076816495507956,4.8082383727887645e-05,0.41399359703063965,2.4426530217169784e-05,0.5836297273635864,2.3978063836693764e-06,6.998881872277707e-05,0.0005840188823640347,30,34,776,119,0.15335051546391754,"{'source_height': 30, 'source_width': 34, 'resized_height': 85, 'resized_width': 96, 'padding_top': 5, 'padding_bottom': 6, 'padding_left': 0, 'padding_right': 0, 'scale': 2.823529411764706}"
record_000727669:0,artifacts/input_files/record_000727669.npy,0,0,Normal,False,0.99993896484375,0.0007134535117074847,AUTO_ACCEPT,Production-enabled class meets the frozen confidence and probability-margin requirements.,True,0.9441788792610168,0.1,3.962054688599892e-05,0.999899344296864,True,0.7762330770492554,Normal,0.99993896484375,Edge-Loc,3.962054688599892e-05,Scratch,1.4101875422056764e-05,0.010776702765724622,0.99993896484375,2.0329534891061485e-06,2.372183124845634e-13,3.962054688599892e-05,3.3999294828390703e-06,1.803936697797326e-06,8.708217659339837e-14,1.0864752023401203e-12,1.4101875422056764e-05,30,34,776,73,0.09407216494845361,"{'source_height': 30, 'source_width': 34, 'resized_height': 85, 'resized_width': 96, 'padding_top': 5, 'padding_bottom': 6, 'padding_left': 0, 'padding_right': 0, 'scale': 2.823529411764706}"
record_000727842:0,artifacts/input_files/record_000727842.npy,0,0,Normal,False,0.9998237490653992,0.0019057422177866101,AUTO_ACCEPT,Production-enabled class meets the frozen confidence and probability-margin requirements.,True,0.9441788792610168,0.1,9.507068898528814e-05,0.9997286783764139,True,0.7762330770492554,Normal,0.9998237490653992,Scratch,9.507068898528814e-05,Edge-Loc,4.290299693820998e-05,0.010776702765724622,0.9998237490653992,1.2003119991277345e-05,2.420295387717264e-11,4.290299693820998e-05,1.0775808050311753e-06,2.5196750357281417e-05,5.749644467131776e-13,1.9644648754924e-11,9.507068898528814e-05,42,43,1434,83,0.05788005578800558,"{'source_height': 42, 'source_width': 43, 'resized_height': 94, 'resized_width': 96, 'padding_top': 1, 'padding_bottom': 1, 'padding_left': 0, 'padding_right': 0, 'scale': 2.2325581395348837}"
record_000728646:0,artifacts/input_files/record_000728646.npy,0,0,Normal,False,0.9999959468841553,5.872575275134295e-05,AUTO_ACCEPT,Production-enabled class meets the frozen confidence and probability-margin requirements.,True,0.9441788792610168,0.1,1.8579877405500156e-06,0.9999940888964147,True,0.7762330770492554,Normal,0.9999959468841553,Scratch,1.8579877405500156e-06,Edge-Loc,1.2700438674073666e-06,0.010776702765724622,0.9999959468841553,4.5636889467459696e-07,4.312316308755686e-15,1.2700438674073666e-06,4.388201801930336e-08,3.7186910617492686e-07,2.690426250501302e-16,7.884713762700956e-15,1.8579877405500156e-06,33,29,741,73,0.09851551956815115,"{'source_height': 33, 'source_width': 29, 'resized_height': 96, 'resized_width': 84, 'padding_top': 0, 'padding_bottom': 0, 'padding_left': 6, 'padding_right': 6, 'scale': 2.909090909090909}"
record_000728668:0,artifacts/input_files/record_000728668.npy,0,0,Normal,False,0.9955028891563416,0.029857322573661804,AUTO_ACCEPT,Production-enabled class meets the frozen confidence and probability-margin requirements.,True,0.9441788792610168,0.1,0.004286409355700016,0.9912164798006415,True,0.7762330770492554,Normal,0.9955028891563416,Edge-Loc,0.004286409355700016,Loc,0.00010478847980266437,0.010776702765724622,0.9955028891563416,3.224607780794031e-06,4.4967886836042026e-13,0.004286409355700016,2.3296977815334685e-05,0.00010478847980266437,2.943395852571251e-13,1.240432062621366e-11,7.94453444541432e-05,33,29,741,103,0.13900134952766532,"{'source_height': 33, 'source_width': 29, 'resized_height': 96, 'resized_width': 84, 'padding_top': 0, 'padding_bottom': 0, 'padding_left': 6, 'padding_right': 6, 'scale': 2.909090909090909}"
record_000729322:0,artifacts/input_files/record_000729322.npy,0,0,Normal,False,0.9818485975265503,0.11368128657341003,AUTO_ACCEPT,Production-enabled class meets the frozen confidence and probability-margin requirements.,True,0.9441788792610168,0.1,0.00861283391714096,0.9732357636094093,True,0.7762330770492554,Normal,0.9818485975265503,Edge-Loc,0.00861283391714096,Loc,0.004550263751298189,0.010776702765724622,0.9818485975265503,0.0026273250114172697,6.804711016883402e-09,0.00861283391714096,7.028795516816899e-05,0.004550263751298189,4.4823675326988166e-10,2.9920492750079575e-08,0.0022906060330569744,33,29,741,97,0.13090418353576247,"{'source_height': 33, 'source_width': 29, 'resized_height': 96, 'resized_width': 84, 'padding_top': 0, 'padding_bottom': 0, 'padding_left': 6, 'padding_right': 6, 'scale': 2.909090909090909}"
record_000729335:0,artifacts/input_files/record_000729335.npy,0,0,Normal,False,0.9999904632568359,0.0001294624962611124,AUTO_ACCEPT,Production-enabled class meets the frozen confidence and probability-margin requirements.,True,0.9441788792610168,0.1,5.304138994688401e-06,0.9999851591178412,True,0.7762330770492554,Normal,0.9999904632568359,Edge-Loc,5.304138994688401e-06,Scratch,2.937005547209992e-06,0.010776702765724622,0.9999904632568359,3.132348638246185e-07,8.675817971481002e-15,5.304138994688401e-06,2.063649873207396e-07,7.224942919492605e-07,1.307995159292787e-15,3.2142975889444536e-14,2.937005547209992e-06,33,29,741,79,0.10661268556005399,"{'source_height': 33, 'source_width': 29, 'resized_height': 96, 'resized_width': 84, 'padding_top': 0, 'padding_bottom': 0, 'padding_left': 6, 'padding_right': 6, 'scale': 2.909090909090909}"
record_000729424:0,artifacts/input_files/record_000729424.npy,0,0,Normal,False,0.9999761581420898,0.0003072000981774181,AUTO_ACCEPT,Production-enabled class meets the frozen confidence and probability-margin requirements.,True,0.9441788792610168,0.1,9.528756891086232e-06,0.9999666293851988,True,0.7762330770492554,Normal,0.9999761581420898,Scratch,9.528756891086232e-06,Edge-Loc,9.441402653465047e-06,0.010776702765724622,0.9999761581420898,2.3425609469995834e-06,3.737784008087802e-13,9.441402653465047e-06,3.2444503972328675e-07,2.2064093627705006e-06,5.985092792464702e-14,8.262323659448401e-13,9.528756891086232e-06,33,29,741,61,0.08232118758434548,"{'source_height': 33, 'source_width': 29, 'resized_height': 96, 'resized_width': 84, 'padding_top': 0, 'padding_bottom': 0, 'padding_left': 6, 'padding_right': 6, 'scale': 2.909090909090909}"
record_000729435:0,artifacts/input_files/record_000729435.npy,0,0,Normal,False,0.9999774694442749,0.0002932916395366192,AUTO_ACCEPT,Production-enabled class meets the frozen confidence and probability-margin requirements.,True,0.9441788792610168,0.1,8.030450771912001e-06,0.999969438993503,True,0.7762330770492554,Normal,0.9999774694442749,Center,8.030450771912001e-06,Edge-Loc,6.719035354763037e-06,0.010776702765724622,0.9999774694442749,8.030450771912001e-06,1.0238993219903111e-13,6.719035354763037e-06,1.192836407426512e-07,2.4114385723805754e-06,7.18925820839076e-15,1.890581061928659e-13,5.214010343479458e-06,33,29,741,87,0.11740890688259109,"{'source_height': 33, 'source_width': 29, 'resized_height': 96, 'resized_width': 84, 'padding_top': 0, 'padding_bottom': 0, 'padding_left': 6, 'padding_right': 6, 'scale': 2.909090909090909}"
record_000730051:0,artifacts/input_files/record_000730051.npy,0,0,Normal,False,0.9999951124191284,7.129597361199558e-05,AUTO_ACCEPT,Production-enabled class meets the frozen confidence and probability-margin requirements.,True,0.9441788792610168,0.1,2.5601138986530714e-06,0.9999925523052298,True,0.7762330770492554,Normal,0.9999951124191284,Scratch,2.5601138986530714e-06,Edge-Loc,1.732606733639841e-06,0.010776702765724622,0.9999951124191284,1.6375722111661162e-07,7.459283841645958e-15,1.732606733639841e-06,1.3816989508086408e-07,3.874416165672301e-07,4.557818644121978e-16,1.3577999130858637e-14,2.5601138986530714e-06,33,29,741,66,0.08906882591093117,"{'source_height': 33, 'source_width': 29, 'resized_height': 96, 'resized_width': 84, 'padding_top': 0, 'padding_bottom': 0, 'padding_left': 6, 'padding_right': 6, 'scale': 2.909090909090909}"
record_000730738:0,artifacts/input_files/record_000730738.npy,0,0,Normal,False,0.9999933242797852,9.370043699163944e-05,AUTO_ACCEPT,Production-enabled class meets the frozen confidence and probability-margin requirements.,True,0.9441788792610168,0.1,2.7884791506949114e-06,0.9999905358006345,True,0.7762330770492554,Normal,0.9999933242797852,Edge-Loc,2.7884791506949114e-06,Scratch,2.7469106953503797e-06,0.010776702765724622,0.9999933242797852,1.0308201581210596e-07,3.412836775473294e-15,2.7884791506949114e-06,8.323971201207314e-08,9.497614428255474e-07,1.0897387239358934e-16,7.858088976069912e-15,2.7469106953503797e-06,33,29,741,95,0.1282051282051282,"{'source_height': 33, 'source_width': 29, 'resized_height': 96, 'resized_width': 84, 'padding_top': 0, 'padding_bottom': 0, 'padding_left': 6, 'padding_right': 6, 'scale': 2.909090909090909}"
record_000730831:0,artifacts/input_files/record_000730831.npy,0,0,Normal,False,0.9999656677246094,0.00043284313869662583,AUTO_ACCEPT,Production-enabled class meets the frozen confidence and probability-margin requirements.,True,0.9441788792610168,0.1,1.4456350072578061e-05,0.9999512113745368,True,0.7762330770492554,Normal,0.9999656677246094,Edge-Loc,1.4456350072578061e-05,Scratch,9.665244760981295e-06,0.010776702765724622,0.9999656677246094,6.957446657906985e-06,2.9452834485535484e-13,1.4456350072578061e-05,5.329711711965501e-07,2.7725477593776304e-06,4.7818042250456425e-14,7.266699178151703e-13,9.665244760981295e-06,33,29,741,77,0.1039136302294197,"{'source_height': 33, 'source_width': 29, 'resized_height': 96, 'resized_width': 84, 'padding_top': 0, 'padding_bottom': 0, 'padding_left': 6, 'padding_right': 6, 'scale': 2.909090909090909}"
record_000730836:0,artifacts/input_files/record_000730836.npy,0,0,Normal,False,0.9999959468841553,5.743851579609327e-05,AUTO_ACCEPT,Production-enabled class meets the frozen confidence and probability-margin requirements.,True,0.9441788792610168,0.1,2.230027575933491e-06,0.9999937168565793,True,0.7762330770492554,Normal,0.9999959468841553,Edge-Loc,2.230027575933491e-06,Scratch,1.1362667464709375e-06,0.010776702765724622,0.9999959468841553,1.6678744430009829e-07,2.9201753082958807e-15,2.230027575933491e-06,1.8825487302365218e-07,2.1450640019793354e-07,7.281379500030888e-16,1.1325265032691937e-14,1.1362667464709375e-06,33,29,741,83,0.11201079622132254,"{'source_height': 33, 'source_width': 29, 'resized_height': 96, 'resized_width': 84, 'padding_top': 0, 'padding_bottom': 0, 'padding_left': 6, 'padding_right': 6, 'scale': 2.909090909090909}"
record_000731005:0,artifacts/input_files/record_000731005.npy,0,0,Normal,False,0.9999945163726807,7.805111818015575e-05,AUTO_ACCEPT,Production-enabled class meets the frozen confidence and probability-margin requirements.,True,0.9441788792610168,0.1,2.616937536004116e-06,0.9999918994351447,True,0.7762330770492554,Normal,0.9999945163726807,Scratch,2.616937536004116e-06,Edge-Loc,1.5468184528799611e-06,0.010776702765724622,0.9999945163726807,5.418830255621288e-07,2.2066175587600288e-14,1.5468184528799611e-06,1.0478236589506196e-07,6.102893621573457e-07,1.2615343433447046e-15,3.48351549158115e-14,2.616937536004116e-06,33,29,741,82,0.1106612685560054,"{'source_height': 33, 'source_width': 29, 'resized_height': 96, 'resized_width': 84, 'padding_top': 0, 'padding_bottom': 0, 'padding_left': 6, 'padding_right': 6, 'scale': 2.909090909090909}"
record_000731011:0,artifacts/input_files/record_000731011.npy,0,0,Normal,False,0.9999746084213257,0.0003243613173253834,AUTO_ACCEPT,Production-enabled class meets the frozen confidence and probability-margin requirements.,True,0.9441788792610168,0.1,1.3485655472322833e-05,0.9999611227658534,True,0.7762330770492554,Normal,0.9999746084213257,Scratch,1.3485655472322833e-05,Edge-Loc,6.757508799637435e-06,0.010776702765724622,0.9999746084213257,1.3520508446163149e-06,3.2933725191419683e-13,6.757508799637435e-06,4.982234145245457e-07,3.3123212688224157e-06,6.486169616676382e-15,3.586635112171055e-13,1.3485655472322833e-05,33,29,741,80,0.10796221322537113,"{'source_height': 33, 'source_width': 29, 'resized_height': 96, 'resized_width': 84, 'padding_top': 0, 'padding_bottom': 0, 'padding_left': 6, 'padding_right': 6, 'scale': 2.909090909090909}"
record_000731091:0,artifacts/input_files/record_000731091.npy,0,0,Normal,False,0.999748170375824,0.002425860846415162,AUTO_ACCEPT,Production-enabled class meets the frozen confidence and probability-margin requirements.,True,0.9441788792610168,0.1,0.00023305570357479155,0.9995151146722492,True,0.7762330770492554,Normal,0.999748170375824,Edge-Loc,0.00023305570357479155,Scratch,8.951890777098015e-06,0.010776702765724622,0.999748170375824,3.807211612638639e-07,1.673951064296974e-14,0.00023305570357479155,5.429285465652356e-06,3.957109584007412e-06,1.3910587464630985e-14,2.4902405441548647e-13,8.951890777098015e-06,33,29,741,95,0.1282051282051282,"{'source_height': 33, 'source_width': 29, 'resized_height': 96, 'resized_width': 84, 'padding_top': 0, 'padding_bottom': 0, 'padding_left': 6, 'padding_right': 6, 'scale': 2.909090909090909}"
record_000731093:0,artifacts/input_files/record_000731093.npy,0,0,Normal,False,0.9994257688522339,0.005529632791876793,AUTO_ACCEPT,Production-enabled class meets the frozen confidence and probability-margin requirements.,True,0.9441788792610168,0.1,0.0002086327876895666,0.9992171360645443,True,0.7762330770492554,Normal,0.9994257688522339,Loc,0.0002086327876895666,Scratch,0.00018361961701884866,0.010776702765724622,0.9994257688522339,4.593979156197747e-06,1.054797135052743e-11,0.0001734525867504999,3.9642095543968026e-06,0.0002086327876895666,4.9574398947906106e-14,1.5310194084738882e-11,0.00018361961701884866,33,29,741,119,0.16059379217273953,"{'source_height': 33, 'source_width': 29, 'resized_height': 96, 'resized_width': 84, 'padding_top': 0, 'padding_bottom': 0, 'padding_left': 6, 'padding_right': 6, 'scale': 2.909090909090909}"
record_000731210:0,artifacts/input_files/record_000731210.npy,0,5,Loc,True,0.7931056022644043,0.6595986485481262,ENGINEER_REVIEW,Class is review-only or confidence does not meet its production auto-accept threshold.,False,,,0.15289047360420227,0.640215128660202,True,0.7762330770492554,Loc,0.7931056022644043,Normal,0.15289047360420227,Scratch,0.04211271554231644,0.010776702765724622,0.15289047360420227,0.00050698546692729,2.9354057915043086e-05,0.01132404338568449,1.5120439456950407e-05,0.7931056022644043,1.695186746530908e-08,1.574137422721833e-05,0.04211271554231644,33,29,741,126,0.1700404858299595,"{'source_height': 33, 'source_width': 29, 'resized_height': 96, 'resized_width': 84, 'padding_top': 0, 'padding_bottom': 0, 'padding_left': 6, 'padding_right': 6, 'scale': 2.909090909090909}"
record_000731215:0,artifacts/input_files/record_000731215.npy,0,0,Normal,False,0.9991415739059448,0.007203655317425728,AUTO_ACCEPT,Production-enabled class meets the frozen confidence and probability-margin requirements.,True,0.9441788792610168,0.1,0.0007899836055003107,0.9983515903004445,True,0.7762330770492554,Normal,0.9991415739059448,Edge-Loc,0.0007899836055003107,Edge-Ring,5.254351344774477e-05,0.010776702765724622,0.9991415739059448,6.286757638918061e-07,1.9146234483914323e-14,0.0007899836055003107,5.254351344774477e-05,2.3927482288854662e-06,9.527231434325323e-14,7.159168548785677e-13,1.2843057447753381e-05,33,29,741,90,0.1214574898785425,"{'source_height': 33, 'source_width': 29, 'resized_height': 96, 'resized_width': 84, 'padding_top': 0, 'padding_bottom': 0, 'padding_left': 6, 'padding_right': 6, 'scale': 2.909090909090909}"
record_000731228:0,artifacts/input_files/record_000731228.npy,0,0,Normal,False,0.9999946355819702,7.641959382453933e-05,AUTO_ACCEPT,Production-enabled class meets the frozen confidence and probability-margin requirements.,True,0.9441788792610168,0.1,3.2176853892451618e-06,0.999991417896581,True,0.7762330770492554,Normal,0.9999946355819702,Scratch,3.2176853892451618e-06,Edge-Loc,1.1414230129958014e-06,0.010776702765724622,0.9999946355819702,2.1736191513355152e-07,1.2024067214176735e-14,1.1414230129958014e-06,1.6490558607529238e-07,6.178179887683655e-07,2.1032391886629794e-16,1.3658201292502357e-14,3.2176853892451618e-06,33,29,741,76,0.10256410256410256,"{'source_height': 33, 'source_width': 29, 'resized_height': 96, 'resized_width': 84, 'padding_top': 0, 'padding_bottom': 0, 'padding_left': 6, 'padding_right': 6, 'scale': 2.909090909090909}"
record_000731231:0,artifacts/input_files/record_000731231.npy,0,0,Normal,False,0.9999786615371704,0.0002737489412538707,AUTO_ACCEPT,Production-enabled class meets the frozen confidence and probability-margin requirements.,True,0.9441788792610168,0.1,1.2995488759770524e-05,0.9999656660484106,True,0.7762330770492554,Normal,0.9999786615371704,Edge-Loc,1.2995488759770524e-05,Scratch,5.942566531302873e-06,0.010776702765724622,0.9999786615371704,4.518458922575519e-07,1.0592429067386461e-14,1.2995488759770524e-05,9.999222356782411e-07,1.0358669442211976e-06,1.1716384190152505e-15,4.090560626768963e-14,5.942566531302873e-06,33,29,741,81,0.10931174089068826,"{'source_height': 33, 'source_width': 29, 'resized_height': 96, 'resized_width': 84, 'padding_top': 0, 'padding_bottom': 0, 'padding_left': 6, 'padding_right': 6, 'scale': 2.909090909090909}"
record_000731232:0,artifacts/input_files/record_000731232.npy,0,0,Normal,False,0.9999825954437256,0.00022733068908564746,AUTO_ACCEPT,Production-enabled class meets the frozen confidence and probability-margin requirements.,True,0.9441788792610168,0.1,1.053175947163254e-05,0.999972063684254,True,0.7762330770492554,Normal,0.9999825954437256,Scratch,1.053175947163254e-05,Edge-Loc,4.036318387079518e-06,0.010776702765724622,0.9999825954437256,7.035554290268919e-07,9.30669590329912e-14,4.036318387079518e-06,2.286823388431003e-07,1.9488970792735927e-06,2.068405117525824e-15,1.1152283794797074e-13,1.053175947163254e-05,33,29,741,59,0.0796221322537112,"{'source_height': 33, 'source_width': 29, 'resized_height': 96, 'resized_width': 84, 'padding_top': 0, 'padding_bottom': 0, 'padding_left': 6, 'padding_right': 6, 'scale': 2.909090909090909}"
record_000731240:0,artifacts/input_files/record_000731240.npy,0,0,Normal,False,0.9999895095825195,0.0001427768002031371,AUTO_ACCEPT,Production-enabled class meets the frozen confidence and probability-margin requirements.,True,0.9441788792610168,0.1,5.733325451728888e-06,0.9999837762570678,True,0.7762330770492554,Normal,0.9999895095825195,Scratch,5.733325451728888e-06,Edge-Loc,3.25557903124718e-06,0.010776702765724622,0.9999895095825195,4.227164538406214e-07,4.60960649262699e-14,3.25557903124718e-06,2.3332779619522626e-07,8.736389531804889e-07,2.8917450709377637e-15,7.793729718671635e-14,5.733325451728888e-06,33,29,741,59,0.0796221322537112,"{'source_height': 33, 'source_width': 29, 'resized_height': 96, 'resized_width': 84, 'padding_top': 0, 'padding_bottom': 0, 'padding_left': 6, 'padding_right': 6, 'scale': 2.909090909090909}"
record_000731252:0,artifacts/input_files/record_000731252.npy,0,0,Normal,False,0.9999951124191284,7.109221769496799e-05,AUTO_ACCEPT,Production-enabled class meets the frozen confidence and probability-margin requirements.,True,0.9441788792610168,0.1,2.404683300483157e-06,0.9999927077358279,True,0.7762330770492554,Normal,0.9999951124191284,Scratch,2.404683300483157e-06,Edge-Loc,1.8049414620691095e-06,0.010776702765724622,0.9999951124191284,2.7446623107607593e-07,1.166075784244042e-14,1.8049414620691095e-06,1.3237884388672683e-07,3.338755334425514e-07,1.2555051628261485e-15,2.535495041190456e-14,2.404683300483157e-06,33,29,741,63,0.08502024291497975,"{'source_height': 33, 'source_width': 29, 'resized_height': 96, 'resized_width': 84, 'padding_top': 0, 'padding_bottom': 0, 'padding_left': 6, 'padding_right': 6, 'scale': 2.909090909090909}"
record_000732082:0,artifacts/input_files/record_000732082.npy,0,0,Normal,False,0.9999916553497314,0.00011767931573558599,AUTO_ACCEPT,Production-enabled class meets the frozen confidence and probability-margin requirements.,True,0.9441788792610168,0.1,3.5024538647121517e-06,0.9999881528958667,True,0.7762330770492554,Normal,0.9999916553497314,Scratch,3.5024538647121517e-06,Edge-Loc,2.683888396859402e-06,0.010776702765724622,0.9999916553497314,1.3371197837841464e-06,5.759323275450826e-14,2.683888396859402e-06,2.014122202353974e-07,6.845739903837966e-07,4.964333048915366e-15,9.669660363219312e-14,3.5024538647121517e-06,33,29,741,73,0.09851551956815115,"{'source_height': 33, 'source_width': 29, 'resized_height': 96, 'resized_width': 84, 'padding_top': 0, 'padding_bottom': 0, 'padding_left': 6, 'padding_right': 6, 'scale': 2.909090909090909}"
record_000732235:0,artifacts/input_files/record_000732235.npy,0,1,Center,True,0.9200001358985901,0.30558985471725464,ENGINEER_REVIEW,Class is review-only or confidence does not meet its production auto-accept threshold.,False,,,0.07221342623233795,0.8477867096662521,True,0.7762330770492554,Center,0.9200001358985901,Loc,0.07221342623233795,Donut,0.007517972029745579,0.010776702765724622,3.469596049399115e-05,0.9200001358985901,0.007517972029745579,5.762574346590554e-07,3.592826314235964e-10,0.07221342623233795,2.2989636860870633e-08,0.00023119118122849613,1.961312136700144e-06,33,29,741,261,0.3522267206477733,"{'source_height': 33, 'source_width': 29, 'resized_height': 96, 'resized_width': 84, 'padding_top': 0, 'padding_bottom': 0, 'padding_left': 6, 'padding_right': 6, 'scale': 2.909090909090909}"
record_000732456:0,artifacts/input_files/record_000732456.npy,0,0,Normal,False,0.9997156262397766,0.0027571606915444136,AUTO_ACCEPT,Production-enabled class meets the frozen confidence and probability-margin requirements.,True,0.9441788792610168,0.1,0.00024667283287271857,0.9994689534069039,True,0.7762330770492554,Normal,0.9997156262397766,Edge-Loc,0.00024667283287271857,Scratch,2.0229148503858596e-05,0.010776702765724622,0.9997156262397766,2.2448255094786873e-06,1.4984012836928573e-13,0.00024667283287271857,2.9030950372543884e-06,1.2269575563550461e-05,9.758860386455126e-14,1.3539981852730976e-12,2.0229148503858596e-05,33,29,741,84,0.11336032388663968,"{'source_height': 33, 'source_width': 29, 'resized_height': 96, 'resized_width': 84, 'padding_top': 0, 'padding_bottom': 0, 'padding_left': 6, 'padding_right': 6, 'scale': 2.909090909090909}"
record_000733005:0,artifacts/input_files/record_000733005.npy,0,0,Normal,False,0.9999978542327881,3.271443711128086e-05,AUTO_ACCEPT,Production-enabled class meets the frozen confidence and probability-margin requirements.,True,0.9441788792610168,0.1,1.1166031299580936e-06,0.9999967376296581,True,0.7762330770492554,Normal,0.9999978542327881,Edge-Loc,1.1166031299580936e-06,Scratch,7.219182975859439e-07,0.010776702765724622,0.9999978542327881,7.432120696648781e-08,7.118365362353838e-16,1.1166031299580936e-06,7.171926341698054e-08,1.704617034192779e-07,7.476959672249702e-17,2.440796164764362e-15,7.219182975859439e-07,33,29,741,96,0.12955465587044535,"{'source_height': 33, 'source_width': 29, 'resized_height': 96, 'resized_width': 84, 'padding_top': 0, 'padding_bottom': 0, 'padding_left': 6, 'padding_right': 6, 'scale': 2.909090909090909}"
record_000733257:0,artifacts/input_files/record_000733257.npy,0,0,Normal,False,0.9999847412109375,0.00020400875655468553,AUTO_ACCEPT,Production-enabled class meets the frozen confidence and probability-margin requirements.,True,0.9441788792610168,0.1,6.339299034152646e-06,0.9999784019119033,True,0.7762330770492554,Normal,0.9999847412109375,Edge-Loc,6.339299034152646e-06,Scratch,5.600828444585204e-06,0.010776702765724622,0.9999847412109375,1.72684156041214e-06,6.740493037858675e-14,6.339299034152646e-06,3.6705759498545376e-07,1.2345017239567824e-06,6.449891619061954e-15,1.351639476341801e-13,5.600828444585204e-06,33,29,741,90,0.1214574898785425,"{'source_height': 33, 'source_width': 29, 'resized_height': 96, 'resized_width': 84, 'padding_top': 0, 'padding_bottom': 0, 'padding_left': 6, 'padding_right': 6, 'scale': 2.909090909090909}"
record_000733260:0,artifacts/input_files/record_000733260.npy,0,0,Normal,False,0.999988317489624,0.00015729678852949291,AUTO_ACCEPT,Production-enabled class meets the frozen confidence and probability-margin requirements.,True,0.9441788792610168,0.1,5.988798420730745e-06,0.9999823286912033,True,0.7762330770492554,Normal,0.999988317489624,Edge-Loc,5.988798420730745e-06,Scratch,3.5595762710727286e-06,0.010776702765724622,0.999988317489624,4.602852641255595e-07,1.832125319240884e-14,5.988798420730745e-06,1.8475512320037524e-07,1.4389820535143372e-06,1.3638272301319358e-15,5.2236609948599216e-14,3.5595762710727286e-06,33,29,741,90,0.1214574898785425,"{'source_height': 33, 'source_width': 29, 'resized_height': 96, 'resized_width': 84, 'padding_top': 0, 'padding_bottom': 0, 'padding_left': 6, 'padding_right': 6, 'scale': 2.909090909090909}"
record_000733342:0,artifacts/input_files/record_000733342.npy,0,0,Normal,False,0.999991774559021,0.00011265272769378498,AUTO_ACCEPT,Production-enabled class meets the frozen confidence and probability-margin requirements.,True,0.9441788792610168,0.1,3.6691405966848833e-06,0.9999881054184243,True,0.7762330770492554,Normal,0.999991774559021,Edge-Loc,3.6691405966848833e-06,Scratch,3.3242133667954477e-06,0.010776702765724622,0.999991774559021,1.930103081804191e-07,1.9800245563148314e-14,3.6691405966848833e-06,3.270777426678251e-07,6.082012760089128e-07,2.2579477977152868e-15,5.0137228624434066e-14,3.3242133667954477e-06,33,29,741,72,0.09716599190283401,"{'source_height': 33, 'source_width': 29, 'resized_height': 96, 'resized_width': 84, 'padding_top': 0, 'padding_bottom': 0, 'padding_left': 6, 'padding_right': 6, 'scale': 2.909090909090909}"
record_000733344:0,artifacts/input_files/record_000733344.npy,0,0,Normal,False,0.9999934434890747,9.273125033359975e-05,AUTO_ACCEPT,Production-enabled class meets the frozen confidence and probability-margin requirements.,True,0.9441788792610168,0.1,2.829316599672893e-06,0.999990614172475,True,0.7762330770492554,Normal,0.9999934434890747,Scratch,2.829316599672893e-06,Edge-Loc,2.0723582565551624e-06,0.010776702765724622,0.9999934434890747,8.817615935186041e-07,2.3513097596890818e-14,2.0723582565551624e-06,1.2308909447256156e-07,6.045855798220146e-07,1.6060764295851792e-15,3.97405564944546e-14,2.829316599672893e-06,33,29,741,71,0.09581646423751687,"{'source_height': 33, 'source_width': 29, 'resized_height': 96, 'resized_width': 84, 'padding_top': 0, 'padding_bottom': 0, 'padding_left': 6, 'padding_right': 6, 'scale': 2.909090909090909}"
record_000734134:0,artifacts/input_files/record_000734134.npy,0,0,Normal,False,0.999637246131897,0.003584871767088771,AUTO_ACCEPT,Production-enabled class meets the frozen confidence and probability-margin requirements.,True,0.9441788792610168,0.1,0.0002318843617103994,0.9994053617701866,True,0.7762330770492554,Normal,0.999637246131897,Edge-Loc,0.0002318843617103994,Scratch,8.830285514704883e-05,0.010776702765724622,0.999637246131897,6.553070761583513e-06,9.843791363636778e-13,0.0002318843617103994,3.2942864436336095e-06,3.266430212534033e-05,9.704306043641087e-14,3.5569006507502055e-12,8.830285514704883e-05,33,29,741,70,0.09446693657219973,"{'source_height': 33, 'source_width': 29, 'resized_height': 96, 'resized_width': 84, 'padding_top': 0, 'padding_bottom': 0, 'padding_left': 6, 'padding_right': 6, 'scale': 2.909090909090909}"
record_000734404:0,artifacts/input_files/record_000734404.npy,0,0,Normal,False,0.9999935626983643,9.153546125162393e-05,AUTO_ACCEPT,Production-enabled class meets the frozen confidence and probability-margin requirements.,True,0.9441788792610168,0.1,3.2915061183302896e-06,0.9999902711922459,True,0.7762330770492554,Normal,0.9999935626983643,Scratch,3.2915061183302896e-06,Edge-Loc,2.1759428818768356e-06,0.010776702765724622,0.9999935626983643,2.8380742378431023e-07,2.565280785374064e-14,2.1759428818768356e-06,1.6440793615402072e-07,5.799999485134322e-07,1.1940036887127898e-15,3.73368599492635e-14,3.2915061183302896e-06,33,29,741,79,0.10661268556005399,"{'source_height': 33, 'source_width': 29, 'resized_height': 96, 'resized_width': 84, 'padding_top': 0, 'padding_bottom': 0, 'padding_left': 6, 'padding_right': 6, 'scale': 2.909090909090909}"
record_000734805:0,artifacts/input_files/record_000734805.npy,0,0,Normal,False,0.9999791383743286,0.00027146574575453997,AUTO_ACCEPT,Production-enabled class meets the frozen confidence and probability-margin requirements.,True,0.9441788792610168,0.1,9.09062600840116e-06,0.9999700477483202,True,0.7762330770492554,Normal,0.9999791383743286,Edge-Loc,9.09062600840116e-06,Scratch,7.251177976286272e-06,0.010776702765724622,0.9999791383743286,2.576588940428337e-06,1.5647506619413665e-13,9.09062600840116e-06,4.753957796310715e-07,1.4252308346840437e-06,2.369044088505745e-14,3.5451294135534217e-13,7.251177976286272e-06,33,29,741,72,0.09716599190283401,"{'source_height': 33, 'source_width': 29, 'resized_height': 96, 'resized_width': 84, 'padding_top': 0, 'padding_bottom': 0, 'padding_left': 6, 'padding_right': 6, 'scale': 2.909090909090909}"
record_000735613:0,artifacts/input_files/record_000735613.npy,0,0,Normal,False,0.9999810457229614,0.0002500808914192021,AUTO_ACCEPT,Production-enabled class meets the frozen confidence and probability-margin requirements.,True,0.9441788792610168,0.1,8.152951522788499e-06,0.9999728927714386,True,0.7762330770492554,Normal,0.9999810457229614,Edge-Loc,8.152951522788499e-06,Scratch,6.478118393715704e-06,0.010776702765724622,0.9999810457229614,9.967142204914126e-07,5.778484515970433e-14,8.152951522788499e-06,2.720731231420359e-07,3.1853269319981337e-06,2.5515645691009383e-15,1.1977192241469092e-13,6.478118393715704e-06,33,29,741,91,0.12280701754385964,"{'source_height': 33, 'source_width': 29, 'resized_height': 96, 'resized_width': 84, 'padding_top': 0, 'padding_bottom': 0, 'padding_left': 6, 'padding_right': 6, 'scale': 2.909090909090909}"
record_000735625:0,artifacts/input_files/record_000735625.npy,0,0,Normal,False,0.9984719157218933,0.01251204777508974,AUTO_ACCEPT,Production-enabled class meets the frozen confidence and probability-margin requirements.,True,0.9441788792610168,0.1,0.0012257625348865986,0.9972461531870067,True,0.7762330770492554,Normal,0.9984719157218933,Edge-Loc,0.0012257625348865986,Center,0.00017382299120072275,0.010776702765724622,0.9984719157218933,0.00017382299120072275,5.043610494526174e-12,0.0012257625348865986,7.435678071487928e-06,5.090521153761074e-05,4.561244177497814e-12,3.811325907654428e-11,7.020893826847896e-05,33,29,741,89,0.12010796221322537,"{'source_height': 33, 'source_width': 29, 'resized_height': 96, 'resized_width': 84, 'padding_top': 0, 'padding_bottom': 0, 'padding_left': 6, 'padding_right': 6, 'scale': 2.909090909090909}"
record_000735796:0,artifacts/input_files/record_000735796.npy,0,0,Normal,False,0.9999923706054688,0.0001074456304195337,AUTO_ACCEPT,Production-enabled class meets the frozen confidence and probability-margin requirements.,True,0.9441788792610168,0.1,3.0829114621155895e-06,0.9999892876940066,True,0.7762330770492554,Normal,0.9999923706054688,Edge-Loc,3.0829114621155895e-06,Scratch,3.0656658509542467e-06,0.010776702765724622,0.9999923706054688,7.480102226509189e-07,2.1504457218299126e-14,3.0829114621155895e-06,1.393634647683939e-07,6.322282501969312e-07,1.890261171465799e-15,4.691203548128249e-14,3.0656658509542467e-06,33,29,741,80,0.10796221322537113,"{'source_height': 33, 'source_width': 29, 'resized_height': 96, 'resized_width': 84, 'padding_top': 0, 'padding_bottom': 0, 'padding_left': 6, 'padding_right': 6, 'scale': 2.909090909090909}"
record_000735800:0,artifacts/input_files/record_000735800.npy,0,0,Normal,False,0.999886155128479,0.001292871544137597,AUTO_ACCEPT,Production-enabled class meets the frozen confidence and probability-margin requirements.,True,0.9441788792610168,0.1,5.032386616221629e-05,0.9998358312623168,True,0.7762330770492554,Normal,0.999886155128479,Scratch,5.032386616221629e-05,Center,3.155596277792938e-05,0.010776702765724622,0.999886155128479,3.155596277792938e-05,8.096908560295546e-12,2.2085696400608867e-05,7.343743391174939e-07,9.210165444528684e-06,7.091887840871003e-13,1.1214140727133781e-11,5.032386616221629e-05,33,29,741,46,0.0620782726045884,"{'source_height': 33, 'source_width': 29, 'resized_height': 96, 'resized_width': 84, 'padding_top': 0, 'padding_bottom': 0, 'padding_left': 6, 'padding_right': 6, 'scale': 2.909090909090909}"
record_000736911:0,artifacts/input_files/record_000736911.npy,0,0,Normal,False,0.999981164932251,0.0002460184332448989,AUTO_ACCEPT,Production-enabled class meets the frozen confidence and probability-margin requirements.,True,0.9441788792610168,0.1,1.0031603778770659e-05,0.9999711333284722,True,0.7762330770492554,Normal,0.999981164932251,Scratch,1.0031603778770659e-05,Edge-Loc,5.182504992262693e-06,0.010776702765724622,0.999981164932251,1.0605356237647356e-06,2.361777223444661e-13,5.182504992262693e-06,4.426496786891221e-07,2.1107346128701465e-06,6.705676510891439e-15,2.541929882728111e-13,1.0031603778770659e-05,33,29,741,72,0.09716599190283401,"{'source_height': 33, 'source_width': 29, 'resized_height': 96, 'resized_width': 84, 'padding_top': 0, 'padding_bottom': 0, 'padding_left': 6, 'padding_right': 6, 'scale': 2.909090909090909}"
record_000736921:0,artifacts/input_files/record_000736921.npy,0,0,Normal,False,0.9999345541000366,0.0007465423550456762,AUTO_ACCEPT,Production-enabled class meets the frozen confidence and probability-margin requirements.,True,0.9441788792610168,0.1,5.109952326165512e-05,0.999883454576775,True,0.7762330770492554,Normal,0.9999345541000366,Edge-Loc,5.109952326165512e-05,Scratch,7.189407369878609e-06,0.010776702765724622,0.9999345541000366,9.966298648578231e-07,6.52951813711472e-14,5.109952326165512e-05,4.7555445235047955e-06,1.4060311741559417e-06,7.32516532240407e-14,6.159687560361449e-13,7.189407369878609e-06,33,29,741,68,0.09176788124156546,"{'source_height': 33, 'source_width': 29, 'resized_height': 96, 'resized_width': 84, 'padding_top': 0, 'padding_bottom': 0, 'padding_left': 6, 'padding_right': 6, 'scale': 2.909090909090909}"
record_000738108:0,artifacts/input_files/record_000738108.npy,0,0,Normal,False,0.9998929500579834,0.0012081796303391457,AUTO_ACCEPT,Production-enabled class meets the frozen confidence and probability-margin requirements.,True,0.9441788792610168,0.1,6.123699131421745e-05,0.9998317130666692,True,0.7762330770492554,Normal,0.9998929500579834,Scratch,6.123699131421745e-05,Edge-Loc,2.198533184127882e-05,0.010776702765724622,0.9998929500579834,1.1842645108117722e-05,5.7689408805572384e-12,2.198533184127882e-05,5.469386223921902e-07,1.1333918337186333e-05,1.2400238442403927e-13,4.421681770727659e-12,6.123699131421745e-05,43,44,1507,101,0.06702057067020571,"{'source_height': 43, 'source_width': 44, 'resized_height': 94, 'resized_width': 96, 'padding_top': 1, 'padding_bottom': 1, 'padding_left': 0, 'padding_right': 0, 'scale': 2.1818181818181817}"
record_000738582:0,artifacts/input_files/record_000738582.npy,0,0,Normal,False,0.9999303817749023,0.0008084488799795508,AUTO_ACCEPT,Production-enabled class meets the frozen confidence and probability-margin requirements.,True,0.9441788792610168,0.1,4.408536187838763e-05,0.999886296413024,True,0.7762330770492554,Normal,0.9999303817749023,Scratch,4.408536187838763e-05,Edge-Loc,1.315598092332948e-05,0.010776702765724622,0.9999303817749023,4.844964223593706e-06,1.9813142012464757e-12,1.315598092332948e-05,3.263631924710353e-07,7.145187737478409e-06,2.6028211161897852e-14,1.2628829188995883e-12,4.408536187838763e-05,43,44,1507,105,0.0696748506967485,"{'source_height': 43, 'source_width': 44, 'resized_height': 94, 'resized_width': 96, 'padding_top': 1, 'padding_bottom': 1, 'padding_left': 0, 'padding_right': 0, 'scale': 2.1818181818181817}"
record_000738592:0,artifacts/input_files/record_000738592.npy,0,0,Normal,False,0.9996885061264038,0.003226443426683545,AUTO_ACCEPT,Production-enabled class meets the frozen confidence and probability-margin requirements.,True,0.9441788792610168,0.1,0.00014671881217509508,0.9995417873142287,True,0.7762330770492554,Normal,0.9996885061264038,Scratch,0.00014671881217509508,Center,6.43235762254335e-05,0.010776702765724622,0.9996885061264038,6.43235762254335e-05,5.884149417711981e-11,5.8857101976173e-05,1.4138486221781932e-06,4.0184659155784175e-05,1.476223548783906e-12,4.678563439441952e-11,0.00014671881217509508,43,44,1507,90,0.059721300597213006,"{'source_height': 43, 'source_width': 44, 'resized_height': 94, 'resized_width': 96, 'padding_top': 1, 'padding_bottom': 1, 'padding_left': 0, 'padding_right': 0, 'scale': 2.1818181818181817}"
record_000738825:0,artifacts/input_files/record_000738825.npy,0,0,Normal,False,0.6285712122917175,1.0423808097839355,ABSTAIN,Confidence is below the frozen abstain threshold.,True,0.9441788792610168,0.1,0.17805713415145874,0.4505140781402588,True,0.7762330770492554,Normal,0.6285712122917175,Edge-Loc,0.17805713415145874,Loc,0.13854144513607025,0.010776702765724622,0.6285712122917175,0.0003269408771302551,9.116466230807418e-07,0.17805713415145874,0.0018823903519660234,0.13854144513607025,2.8882245928230077e-08,2.835050281646545e-06,0.052617039531469345,43,44,1507,142,0.09422694094226941,"{'source_height': 43, 'source_width': 44, 'resized_height': 94, 'resized_width': 96, 'padding_top': 1, 'padding_bottom': 1, 'padding_left': 0, 'padding_right': 0, 'scale': 2.1818181818181817}"
record_000738832:0,artifacts/input_files/record_000738832.npy,0,0,Normal,False,0.9988666772842407,0.010056253522634506,AUTO_ACCEPT,Production-enabled class meets the frozen confidence and probability-margin requirements.,True,0.9441788792610168,0.1,0.0006929608061909676,0.9981737164780498,True,0.7762330770492554,Normal,0.9988666772842407,Scratch,0.0006929608061909676,Loc,0.0002009631134569645,0.010776702765724622,0.9988666772842407,0.00011592968076001853,5.973141981030494e-10,0.00012131565745221451,2.093449666062952e-06,0.0002009631134569645,4.518935572961347e-12,2.8576971344840274e-10,0.0006929608061909676,43,44,1507,52,0.034505640345056404,"{'source_height': 43, 'source_width': 44, 'resized_height': 94, 'resized_width': 96, 'padding_top': 1, 'padding_bottom': 1, 'padding_left': 0, 'padding_right': 0, 'scale': 2.1818181818181817}"
record_000738877:0,artifacts/input_files/record_000738877.npy,0,0,Normal,False,0.9985087513923645,0.01294885203242302,AUTO_ACCEPT,Production-enabled class meets the frozen confidence and probability-margin requirements.,True,0.9441788792610168,0.1,0.0007906175451353192,0.9977181338472292,True,0.7762330770492554,Normal,0.9985087513923645,Scratch,0.0007906175451353192,Loc,0.00036754438770003617,0.010776702765724622,0.9985087513923645,0.00011728897516150028,1.1492078400010541e-09,0.00021141936304047704,4.395902124088025e-06,0.00036754438770003617,1.0100998162898556e-11,6.621763137815151e-10,0.0007906175451353192,43,44,1507,55,0.0364963503649635,"{'source_height': 43, 'source_width': 44, 'resized_height': 94, 'resized_width': 96, 'padding_top': 1, 'padding_bottom': 1, 'padding_left': 0, 'padding_right': 0, 'scale': 2.1818181818181817}"
record_000738881:0,artifacts/input_files/record_000738881.npy,0,0,Normal,False,0.9995036125183105,0.004881409462541342,AUTO_ACCEPT,Production-enabled class meets the frozen confidence and probability-margin requirements.,True,0.9441788792610168,0.1,0.0002559092245064676,0.9992477032938041,True,0.7762330770492554,Normal,0.9995036125183105,Scratch,0.0002559092245064676,Edge-Loc,9.37793156481348e-05,0.010776702765724622,0.9995036125183105,5.195889752940275e-05,1.8041300398063953e-10,9.37793156481348e-05,1.5902423911029473e-06,9.320645040133968e-05,3.014927283523372e-12,1.2569704999076947e-10,0.0002559092245064676,43,44,1507,68,0.0451227604512276,"{'source_height': 43, 'source_width': 44, 'resized_height': 94, 'resized_width': 96, 'padding_top': 1, 'padding_bottom': 1, 'padding_left': 0, 'padding_right': 0, 'scale': 2.1818181818181817}"
record_000738949:0,artifacts/input_files/record_000738949.npy,0,0,Normal,False,0.9992530941963196,0.0070036351680755615,AUTO_ACCEPT,Production-enabled class meets the frozen confidence and probability-margin requirements.,True,0.9441788792610168,0.1,0.0004103228566236794,0.9988427713396959,True,0.7762330770492554,Normal,0.9992530941963196,Scratch,0.0004103228566236794,Loc,0.00015260347572620958,0.010776702765724622,0.9992530941963196,7.20000607543625e-05,4.050773605435154e-10,0.0001094996405299753,2.3657312340219505e-06,0.00015260347572620958,4.159679978937847e-12,2.2397650401018154e-10,0.0004103228566236794,43,44,1507,58,0.038487060384870604,"{'source_height': 43, 'source_width': 44, 'resized_height': 94, 'resized_width': 96, 'padding_top': 1, 'padding_bottom': 1, 'padding_left': 0, 'padding_right': 0, 'scale': 2.1818181818181817}"
record_000738954:0,artifacts/input_files/record_000738954.npy,0,0,Normal,False,0.9997633099555969,0.0025139055214822292,AUTO_ACCEPT,Production-enabled class meets the frozen confidence and probability-margin requirements.,True,0.9441788792610168,0.1,0.00011332928261253983,0.9996499806729844,True,0.7762330770492554,Normal,0.9997633099555969,Scratch,0.00011332928261253983,Edge-Loc,4.956720658810809e-05,0.010776702765724622,0.9997633099555969,4.0509006794309244e-05,3.042137028397285e-11,4.956720658810809e-05,8.03896341494692e-07,3.244100298616104e-05,8.749843297822801e-13,2.89626812116639e-11,0.00011332928261253983,43,44,1507,78,0.051758460517584606,"{'source_height': 43, 'source_width': 44, 'resized_height': 94, 'resized_width': 96, 'padding_top': 1, 'padding_bottom': 1, 'padding_left': 0, 'padding_right': 0, 'scale': 2.1818181818181817}"
record_000739398:0,artifacts/input_files/record_000739398.npy,0,0,Normal,False,0.5575245022773743,0.8493376970291138,ABSTAIN,Confidence is below the frozen abstain threshold.,True,0.9441788792610168,0.1,0.40482133626937866,0.1527031660079956,True,0.7762330770492554,Normal,0.5575245022773743,Scratch,0.40482133626937866,Edge-Loc,0.017891395837068558,0.010776702765724622,0.5575245022773743,0.00030915578827261925,2.4927696813392686e-06,0.017891395837068558,0.0019637770019471645,0.017486734315752983,2.210862160012539e-09,5.951831667516672e-07,0.40482133626937866,43,44,1507,83,0.055076310550763105,"{'source_height': 43, 'source_width': 44, 'resized_height': 94, 'resized_width': 96, 'padding_top': 1, 'padding_bottom': 1, 'padding_left': 0, 'padding_right': 0, 'scale': 2.1818181818181817}"
record_000740283:0,artifacts/input_files/record_000740283.npy,0,0,Normal,False,0.9998704195022583,0.0014433731557801366,AUTO_ACCEPT,Production-enabled class meets the frozen confidence and probability-margin requirements.,True,0.9441788792610168,0.1,7.256660319399089e-05,0.9997978528990643,True,0.7762330770492554,Normal,0.9998704195022583,Scratch,7.256660319399089e-05,Edge-Loc,2.105548446706962e-05,0.010776702765724622,0.9998704195022583,1.705922113615088e-05,1.2209218878955763e-11,2.105548446706962e-05,4.899591203866294e-07,1.844121106842067e-05,2.0122937333371532e-13,8.1975225219022e-12,7.256660319399089e-05,43,44,1507,89,0.059057730590577305,"{'source_height': 43, 'source_width': 44, 'resized_height': 94, 'resized_width': 96, 'padding_top': 1, 'padding_bottom': 1, 'padding_left': 0, 'padding_right': 0, 'scale': 2.1818181818181817}"
record_000740291:0,artifacts/input_files/record_000740291.npy,0,0,Normal,False,0.9976288676261902,0.01942991465330124,AUTO_ACCEPT,Production-enabled class meets the frozen confidence and probability-margin requirements.,True,0.9441788792610168,0.1,0.0013202507980167866,0.9963086168281734,True,0.7762330770492554,Normal,0.9976288676261902,Scratch,0.0013202507980167866,Loc,0.0005397472996264696,0.009596358722774312,0.9976288676261902,0.00026047235587611794,2.9724824823773588e-09,0.00024717324413359165,3.5453299460641574e-06,0.0005397472996264696,2.4511276688898853e-11,1.4671835968371738e-09,0.0013202507980167866,43,44,1507,44,0.029197080291970802,"{'source_height': 43, 'source_width': 44, 'resized_height': 94, 'resized_width': 96, 'padding_top': 1, 'padding_bottom': 1, 'padding_left': 0, 'padding_right': 0, 'scale': 2.1818181818181817}"
record_000740293:0,artifacts/input_files/record_000740293.npy,0,0,Normal,False,0.9976184964179993,0.01953285001218319,AUTO_ACCEPT,Production-enabled class meets the frozen confidence and probability-margin requirements.,True,0.9441788792610168,0.1,0.0012432007351890206,0.9963752956828102,True,0.7762330770492554,Normal,0.9976184964179993,Scratch,0.0012432007351890206,Loc,0.0006596795283257961,0.009596358722774312,0.9976184964179993,0.0002609781513456255,3.470842058206358e-09,0.00021440201089717448,3.2539489893679274e-06,0.0006596795283257961,1.719652024945173e-11,1.3884513538897636e-09,0.0012432007351890206,43,44,1507,40,0.026542800265428004,"{'source_height': 43, 'source_width': 44, 'resized_height': 94, 'resized_width': 96, 'padding_top': 1, 'padding_bottom': 1, 'padding_left': 0, 'padding_right': 0, 'scale': 2.1818181818181817}"
record_000742537:0,artifacts/input_files/record_000742537.npy,0,0,Normal,False,0.999964714050293,0.00044069543946534395,AUTO_ACCEPT,Production-enabled class meets the frozen confidence and probability-margin requirements.,True,0.9441788792610168,0.1,1.4212857422535308e-05,0.9999505011928704,True,0.7762330770492554,Normal,0.999964714050293,Edge-Loc,1.4212857422535308e-05,Scratch,1.3563244465331081e-05,0.009596358722774312,0.999964714050293,3.836587438854622e-06,3.018233178577606e-13,1.4212857422535308e-05,5.433639671537094e-07,3.0787361993134255e-06,1.603230589464818e-14,4.583666345786552e-13,1.3563244465331081e-05,33,35,895,81,0.09050279329608939,"{'source_height': 33, 'source_width': 35, 'resized_height': 91, 'resized_width': 96, 'padding_top': 2, 'padding_bottom': 3, 'padding_left': 0, 'padding_right': 0, 'scale': 2.742857142857143}"
record_000742624:0,artifacts/input_files/record_000742624.npy,0,0,Normal,False,0.999617338180542,0.0039097643457353115,AUTO_ACCEPT,Production-enabled class meets the frozen confidence and probability-margin requirements.,True,0.9441788792610168,0.1,0.00013243434659671038,0.9994849038339453,True,0.7762330770492554,Normal,0.999617338180542,Scratch,0.00013243434659671038,Edge-Loc,0.0001317812129855156,0.009596358722774312,0.999617338180542,7.810683746356517e-05,2.8024381426572376e-11,0.0001317812129855156,7.565909072582144e-06,3.2870892027858645e-05,1.7223375503583327e-12,3.822574201617357e-11,0.00013243434659671038,33,35,895,78,0.08715083798882682,"{'source_height': 33, 'source_width': 35, 'resized_height': 91, 'resized_width': 96, 'padding_top': 2, 'padding_bottom': 3, 'padding_left': 0, 'padding_right': 0, 'scale': 2.742857142857143}"
record_000742628:0,artifacts/input_files/record_000742628.npy,0,0,Normal,False,0.9999206066131592,0.0009229157585650682,AUTO_ACCEPT,Production-enabled class meets the frozen confidence and probability-margin requirements.,True,0.9441788792610168,0.1,3.439991269260645e-05,0.9998862067004666,True,0.7762330770492554,Normal,0.9999206066131592,Edge-Loc,3.439991269260645e-05,Scratch,3.1890573154669255e-05,0.009596358722774312,0.9999206066131592,4.763665856444277e-06,6.674830501686435e-13,3.439991269260645e-05,1.3602289072878193e-06,6.997703167144209e-06,3.0304019927110404e-14,1.0740825546681765e-12,3.1890573154669255e-05,33,35,895,77,0.08603351955307263,"{'source_height': 33, 'source_width': 35, 'resized_height': 91, 'resized_width': 96, 'padding_top': 2, 'padding_bottom': 3, 'padding_left': 0, 'padding_right': 0, 'scale': 2.742857142857143}"
record_000742925:0,artifacts/input_files/record_000742925.npy,0,0,Normal,False,0.9996732473373413,0.003315278561785817,AUTO_ACCEPT,Production-enabled class meets the frozen confidence and probability-margin requirements.,True,0.9441788792610168,0.1,0.0001970681332750246,0.9994761792040663,True,0.7762330770492554,Normal,0.9996732473373413,Scratch,0.0001970681332750246,Loc,4.871516284765676e-05,0.009596358722774312,0.9996732473373413,4.007700408692472e-05,6.840590593970575e-11,3.979937901021913e-05,1.0518672297621379e-06,4.871516284765676e-05,1.3142808239288706e-12,4.3935785565274443e-11,0.0001970681332750246,33,35,895,38,0.042458100558659215,"{'source_height': 33, 'source_width': 35, 'resized_height': 91, 'resized_width': 96, 'padding_top': 2, 'padding_bottom': 3, 'padding_left': 0, 'padding_right': 0, 'scale': 2.742857142857143}"
record_000742929:0,artifacts/input_files/record_000742929.npy,0,0,Normal,False,0.9998190999031067,0.0019650685135275126,AUTO_ACCEPT,Production-enabled class meets the frozen confidence and probability-margin requirements.,True,0.9441788792610168,0.1,8.20930436020717e-05,0.9997370068595046,True,0.7762330770492554,Normal,0.9998190999031067,Scratch,8.20930436020717e-05,Edge-Loc,5.695775325875729e-05,0.009596358722774312,0.9998190999031067,2.550393037381582e-05,1.764335726128774e-11,5.695775325875729e-05,1.9880267245753203e-06,1.4285671568359248e-05,1.3081272176584946e-12,2.093067559549855e-11,8.20930436020717e-05,33,35,895,56,0.06256983240223464,"{'source_height': 33, 'source_width': 35, 'resized_height': 91, 'resized_width': 96, 'padding_top': 2, 'padding_bottom': 3, 'padding_left': 0, 'padding_right': 0, 'scale': 2.742857142857143}"
record_000743299:0,artifacts/input_files/record_000743299.npy,0,0,Normal,False,0.703047513961792,0.7669606804847717,ABSTAIN,Confidence is below the frozen abstain threshold.,True,0.9441788792610168,0.1,0.23097191751003265,0.47207559645175934,True,0.7762330770492554,Normal,0.703047513961792,Edge-Ring,0.23097191751003265,Edge-Loc,0.06578931212425232,0.009596358722774312,0.703047513961792,5.445016881822085e-07,4.786430973791056e-11,0.06578931212425232,0.23097191751003265,4.2714593291748315e-05,7.39062810950486e-10,7.663655487988308e-09,0.00014803872909396887,43,42,1421,245,0.1724137931034483,"{'source_height': 43, 'source_width': 42, 'resized_height': 96, 'resized_width': 94, 'padding_top': 0, 'padding_bottom': 0, 'padding_left': 1, 'padding_right': 1, 'scale': 2.2325581395348837}"
record_000743500:0,artifacts/input_files/record_000743500.npy,0,5,Loc,True,0.9209622740745544,0.29243019223213196,ENGINEER_REVIEW,Class is review-only or confidence does not meet its production auto-accept threshold.,False,,,0.0762961208820343,0.8446661531925201,True,0.7762330770492554,Loc,0.9209622740745544,Edge-Loc,0.0762961208820343,Scratch,0.000976068782620132,0.009596358722774312,0.000321417668601498,0.0008651214302517474,0.00024579375167377293,0.0762961208820343,3.5435350582702085e-05,0.9209622740745544,8.235156201408245e-07,0.00029690968221984804,0.000976068782620132,43,42,1421,307,0.21604503870513722,"{'source_height': 43, 'source_width': 42, 'resized_height': 96, 'resized_width': 94, 'padding_top': 0, 'padding_bottom': 0, 'padding_left': 1, 'padding_right': 1, 'scale': 2.2325581395348837}"
record_000743516:0,artifacts/input_files/record_000743516.npy,0,4,Edge-Ring,True,0.4799397587776184,1.0446562767028809,ABSTAIN,Confidence is below the frozen abstain threshold.,False,,,0.3087107539176941,0.17122900485992432,True,0.7762330770492554,Edge-Ring,0.4799397587776184,Edge-Loc,0.3087107539176941,Normal,0.21124137938022614,0.009596358722774312,0.21124137938022614,1.0945399253614596e-07,3.93013566135636e-10,0.3087107539176941,0.4799397587776184,3.939023372367956e-05,1.1551830425560183e-07,7.55172777644475e-07,6.765646685380489e-05,43,42,1421,292,0.20548909218859956,"{'source_height': 43, 'source_width': 42, 'resized_height': 96, 'resized_width': 94, 'padding_top': 0, 'padding_bottom': 0, 'padding_left': 1, 'padding_right': 1, 'scale': 2.2325581395348837}"
record_000743640:0,artifacts/input_files/record_000743640.npy,0,0,Normal,False,0.7056567072868347,0.8031688928604126,ABSTAIN,Confidence is below the frozen abstain threshold.,True,0.9441788792610168,0.1,0.20234324038028717,0.5033134669065475,True,0.7762330770492554,Normal,0.7056567072868347,Edge-Loc,0.20234324038028717,Edge-Ring,0.08913908153772354,0.009596358722774312,0.7056567072868347,1.0021767593570985e-05,3.837599749090259e-08,0.20234324038028717,0.08913908153772354,0.0022226707078516483,1.0432016495087737e-07,5.264275387162343e-06,0.0006228585843928158,43,42,1421,314,0.22097114707952145,"{'source_height': 43, 'source_width': 42, 'resized_height': 96, 'resized_width': 94, 'padding_top': 0, 'padding_bottom': 0, 'padding_left': 1, 'padding_right': 1, 'scale': 2.2325581395348837}"
record_000743777:0,artifacts/input_files/record_000743777.npy,0,0,Normal,False,0.9727683067321777,0.1521301567554474,AUTO_ACCEPT,Production-enabled class meets the frozen confidence and probability-margin requirements.,True,0.9441788792610168,0.1,0.014490487053990364,0.9582778196781874,True,0.7762330770492554,Normal,0.9727683067321777,Edge-Ring,0.014490487053990364,Edge-Loc,0.00879636686295271,0.009596358722774312,0.9727683067321777,1.272652116313111e-05,1.0990129917232139e-09,0.00879636686295271,0.014490487053990364,7.14649650035426e-05,5.685042020475706e-11,3.789629943184991e-09,0.0038606873713433743,43,42,1421,231,0.1625615763546798,"{'source_height': 43, 'source_width': 42, 'resized_height': 96, 'resized_width': 94, 'padding_top': 0, 'padding_bottom': 0, 'padding_left': 1, 'padding_right': 1, 'scale': 2.2325581395348837}"
record_000743866:0,artifacts/input_files/record_000743866.npy,0,5,Loc,True,0.7783011794090271,0.6263412237167358,ENGINEER_REVIEW,Class is review-only or confidence does not meet its production auto-accept threshold.,False,,,0.1996576189994812,0.5786435604095459,True,0.7762330770492554,Loc,0.7783011794090271,Edge-Loc,0.1996576189994812,Normal,0.01116606779396534,0.009596358722774312,0.01116606779396534,0.00012919542496092618,0.000356140109943226,0.1996576189994812,0.0012222776422277093,0.7783011794090271,5.7371439652342815e-06,0.0015419544652104378,0.007619921118021011,43,42,1421,337,0.23715693173821253,"{'source_height': 43, 'source_width': 42, 'resized_height': 96, 'resized_width': 94, 'padding_top': 0, 'padding_bottom': 0, 'padding_left': 1, 'padding_right': 1, 'scale': 2.2325581395348837}"
record_000744159:0,artifacts/input_files/record_000744159.npy,0,3,Edge-Loc,True,0.5497852563858032,0.6882013082504272,ABSTAIN,Confidence is below the frozen abstain threshold.,False,,,0.45021334290504456,0.09957191348075867,True,0.7762330770492554,Edge-Loc,0.5497852563858032,Edge-Ring,0.45021334290504456,Near-full,1.19253411412501e-06,0.009596358722774312,2.2695414991780183e-10,5.418524820727331e-16,2.6261464790983124e-12,0.5497852563858032,0.45021334290504456,2.5367918876639806e-10,1.19253411412501e-06,1.9397087669403845e-07,2.0909691079290527e-12,43,42,1421,418,0.2941590429275158,"{'source_height': 43, 'source_width': 42, 'resized_height': 96, 'resized_width': 94, 'padding_top': 0, 'padding_bottom': 0, 'padding_left': 1, 'padding_right': 1, 'scale': 2.2325581395348837}"
record_000744171:0,artifacts/input_files/record_000744171.npy,0,4,Edge-Ring,True,0.9937710165977478,0.041471462696790695,ENGINEER_REVIEW,Class is review-only or confidence does not meet its production auto-accept threshold.,False,,,0.004557875916361809,0.989213140681386,True,0.7762330770492554,Edge-Ring,0.9937710165977478,Edge-Loc,0.004557875916361809,Normal,0.0016705007292330265,0.009596358722774312,0.0016705007292330265,3.654823665932838e-10,6.322534856773032e-11,0.004557875916361809,0.9937710165977478,2.079223193618418e-08,2.413584176963468e-08,1.8795049072650727e-07,3.299055606476031e-07,43,42,1421,281,0.19774806474313864,"{'source_height': 43, 'source_width': 42, 'resized_height': 96, 'resized_width': 94, 'padding_top': 0, 'padding_bottom': 0, 'padding_left': 1, 'padding_right': 1, 'scale': 2.2325581395348837}"
record_000744186:0,artifacts/input_files/record_000744186.npy,0,4,Edge-Ring,True,0.9380120635032654,0.2508954703807831,ENGINEER_REVIEW,Class is review-only or confidence does not meet its production auto-accept threshold.,False,,,0.05653304234147072,0.8814790211617947,True,0.7762330770492554,Edge-Ring,0.9380120635032654,Normal,0.05653304234147072,Edge-Loc,0.005451827775686979,0.009596358722774312,0.05653304234147072,7.082213926423719e-09,3.822887319204771e-12,0.005451827775686979,0.9380120635032654,3.0950437235333084e-07,3.197186682069031e-10,5.3847202252654824e-09,2.779505166472518e-06,43,42,1421,280,0.19704433497536947,"{'source_height': 43, 'source_width': 42, 'resized_height': 96, 'resized_width': 94, 'padding_top': 0, 'padding_bottom': 0, 'padding_left': 1, 'padding_right': 1, 'scale': 2.2325581395348837}"
record_000744227:0,artifacts/input_files/record_000744227.npy,0,4,Edge-Ring,True,0.6170029044151306,0.8506993651390076,ABSTAIN,Confidence is below the frozen abstain threshold.,False,,,0.31141725182533264,0.305585652589798,True,0.7762330770492554,Edge-Ring,0.6170029044151306,Normal,0.31141725182533264,Edge-Loc,0.07149642705917358,0.009596358722774312,0.31141725182533264,3.7993194723640045e-07,7.13384296080477e-10,0.07149642705917358,0.6170029044151306,2.426715764158871e-05,2.9475557994373958e-08,3.6993787944084033e-07,5.838268043589778e-05,43,42,1421,290,0.20408163265306123,"{'source_height': 43, 'source_width': 42, 'resized_height': 96, 'resized_width': 94, 'padding_top': 0, 'padding_bottom': 0, 'padding_left': 1, 'padding_right': 1, 'scale': 2.2325581395348837}"
record_000744643:0,artifacts/input_files/record_000744643.npy,0,0,Normal,False,0.9943361878395081,0.040966589003801346,AUTO_ACCEPT,Production-enabled class meets the frozen confidence and probability-margin requirements.,True,0.9441788792610168,0.1,0.0036220280453562737,0.9907141597941518,True,0.7762330770492554,Normal,0.9943361878395081,Edge-Loc,0.0036220280453562737,Scratch,0.0009771863697096705,0.009596358722774312,0.9943361878395081,0.000654889561701566,2.4300151224565525e-08,0.0036220280453562737,7.131644815672189e-05,0.0003380626440048218,4.615705151422844e-08,1.696437550435803e-07,0.0009771863697096705,22,50,822,79,0.09610705596107055,"{'source_height': 22, 'source_width': 50, 'resized_height': 42, 'resized_width': 96, 'padding_top': 27, 'padding_bottom': 27, 'padding_left': 0, 'padding_right': 0, 'scale': 1.92}"
record_000744648:0,artifacts/input_files/record_000744648.npy,0,0,Normal,False,0.9919171929359436,0.056029051542282104,AUTO_ACCEPT,Production-enabled class meets the frozen confidence and probability-margin requirements.,True,0.9441788792610168,0.1,0.004751295782625675,0.9871658971533179,True,0.7762330770492554,Normal,0.9919171929359436,Edge-Loc,0.004751295782625675,Scratch,0.0018764043925330043,0.009596358722774312,0.9919171929359436,0.00070342788239941,5.903204680635099e-08,0.004751295782625675,8.498099487042055e-05,0.0006662220694124699,5.3112252373921365e-08,2.8173496957606403e-07,0.0018764043925330043,22,50,822,78,0.0948905109489051,"{'source_height': 22, 'source_width': 50, 'resized_height': 42, 'resized_width': 96, 'padding_top': 27, 'padding_bottom': 27, 'padding_left': 0, 'padding_right': 0, 'scale': 1.92}"
record_000744842:0,artifacts/input_files/record_000744842.npy,0,0,Normal,False,0.9968388080596924,0.02500925585627556,AUTO_ACCEPT,Production-enabled class meets the frozen confidence and probability-margin requirements.,True,0.9441788792610168,0.1,0.001746750669553876,0.9950920573901385,True,0.7762330770492554,Normal,0.9968388080596924,Edge-Loc,0.001746750669553876,Scratch,0.0008194116526283324,0.009596358722774312,0.9968388080596924,0.0003121028421446681,1.5261674590760776e-08,0.001746750669553876,3.4859000152209774e-05,0.00024799330276437104,1.5105033668305623e-08,6.933685625654107e-08,0.0008194116526283324,22,50,822,94,0.11435523114355231,"{'source_height': 22, 'source_width': 50, 'resized_height': 42, 'resized_width': 96, 'padding_top': 27, 'padding_bottom': 27, 'padding_left': 0, 'padding_right': 0, 'scale': 1.92}"
record_000745027:0,artifacts/input_files/record_000745027.npy,0,0,Normal,False,0.9897260069847107,0.06868276000022888,AUTO_ACCEPT,Production-enabled class meets the frozen confidence and probability-margin requirements.,True,0.9441788792610168,0.1,0.005959278903901577,0.9837667280808091,True,0.7762330770492554,Normal,0.9897260069847107,Edge-Loc,0.005959278903901577,Scratch,0.0025770871434360743,0.009596358722774312,0.9897260069847107,0.0007166194263845682,9.490151597901786e-08,0.005959278903901577,0.00010825796198332682,0.0009121457114815712,7.438952565053114e-08,4.2278185219402076e-07,0.0025770871434360743,22,50,822,56,0.0681265206812652,"{'source_height': 22, 'source_width': 50, 'resized_height': 42, 'resized_width': 96, 'padding_top': 27, 'padding_bottom': 27, 'padding_left': 0, 'padding_right': 0, 'scale': 1.92}"
record_000745031:0,artifacts/input_files/record_000745031.npy,0,0,Normal,False,0.9647844433784485,0.1936854124069214,AUTO_ACCEPT,Production-enabled class meets the frozen confidence and probability-margin requirements.,True,0.9441788792610168,0.1,0.020134035497903824,0.9446504078805447,True,0.7762330770492554,Normal,0.9647844433784485,Edge-Loc,0.020134035497903824,Scratch,0.007158361375331879,0.009596358722774312,0.9647844433784485,0.0035664120223373175,1.2987557056476362e-06,0.020134035497903824,0.00036737768095918,0.003981326706707478,1.1072462484662537e-06,5.5961886573641095e-06,0.007158361375331879,22,50,822,37,0.045012165450121655,"{'source_height': 22, 'source_width': 50, 'resized_height': 42, 'resized_width': 96, 'padding_top': 27, 'padding_bottom': 27, 'padding_left': 0, 'padding_right': 0, 'scale': 1.92}"
record_000745503:0,artifacts/input_files/record_000745503.npy,0,0,Normal,False,0.9999998807907104,2.2933190848561935e-06,AUTO_ACCEPT,Production-enabled class meets the frozen confidence and probability-margin requirements.,True,0.9441788792610168,0.1,5.5374819396547537e-08,0.999999825415891,True,0.7762330770492554,Normal,0.9999998807907104,Scratch,5.5374819396547537e-08,Edge-Loc,5.3662823518152436e-08,0.009596358722774312,0.9999998807907104,6.5636385215839255e-09,2.5340489041867337e-20,5.3662823518152436e-08,1.2770244861570745e-09,1.0943160155818532e-08,4.526171359021953e-22,1.633380564350472e-19,5.5374819396547537e-08,27,25,518,66,0.1274131274131274,"{'source_height': 27, 'source_width': 25, 'resized_height': 96, 'resized_width': 89, 'padding_top': 0, 'padding_bottom': 0, 'padding_left': 3, 'padding_right': 4, 'scale': 3.5555555555555554}"
record_000745543:0,artifacts/input_files/record_000745543.npy,0,0,Normal,False,0.9997698664665222,0.0022967022377997637,AUTO_ACCEPT,Production-enabled class meets the frozen confidence and probability-margin requirements.,True,0.9441788792610168,0.1,0.00019077802426181734,0.9995790884422604,True,0.7762330770492554,Normal,0.9997698664665222,Edge-Loc,0.00019077802426181734,Scratch,2.2739792257198133e-05,0.009596358722774312,0.9997698664665222,7.068096010698355e-07,3.0067356168790474e-16,0.00019077802426181734,8.77551599387516e-07,1.5070777408254799e-05,9.067821881324757e-18,1.0330895786460435e-14,2.2739792257198133e-05,27,25,518,74,0.14285714285714285,"{'source_height': 27, 'source_width': 25, 'resized_height': 96, 'resized_width': 89, 'padding_top': 0, 'padding_bottom': 0, 'padding_left': 3, 'padding_right': 4, 'scale': 3.5555555555555554}"
record_000745679:0,artifacts/input_files/record_000745679.npy,0,0,Normal,False,0.9590333104133606,0.172995463013649,AUTO_ACCEPT,Production-enabled class meets the frozen confidence and probability-margin requirements.,True,0.9441788792610168,0.1,0.040680792182683945,0.9183525182306767,True,0.7762330770492554,Normal,0.9590333104133606,Edge-Loc,0.040680792182683945,Loc,0.0001407808013027534,0.009596358722774312,0.9590333104133606,3.023103829491447e-07,2.8647725772818714e-15,0.040680792182683945,0.0001025330857373774,0.0001407808013027534,7.036222224711484e-15,2.011689426151264e-12,4.218146932544187e-05,27,25,518,86,0.16602316602316602,"{'source_height': 27, 'source_width': 25, 'resized_height': 96, 'resized_width': 89, 'padding_top': 0, 'padding_bottom': 0, 'padding_left': 3, 'padding_right': 4, 'scale': 3.5555555555555554}"
record_000745769:0,artifacts/input_files/record_000745769.npy,0,1,Center,True,0.9984328150749207,0.011875850148499012,ENGINEER_REVIEW,Class is review-only or confidence does not meet its production auto-accept threshold.,False,,,0.0015293228207156062,0.996903492254205,True,0.7762330770492554,Center,0.9984328150749207,Loc,0.0015293228207156062,Normal,3.5486187698552385e-05,0.009596358722774312,3.5486187698552385e-05,0.9984328150749207,4.680364895648381e-08,1.518079898232827e-06,1.7177147204616716e-10,0.0015293228207156062,3.1169698766486675e-11,4.478534378904442e-07,2.722463250393048e-07,27,25,518,125,0.2413127413127413,"{'source_height': 27, 'source_width': 25, 'resized_height': 96, 'resized_width': 89, 'padding_top': 0, 'padding_bottom': 0, 'padding_left': 3, 'padding_right': 4, 'scale': 3.5555555555555554}"
record_000746000:0,artifacts/input_files/record_000746000.npy,0,0,Normal,False,0.9999141693115234,0.0009904681937769055,AUTO_ACCEPT,Production-enabled class meets the frozen confidence and probability-margin requirements.,True,0.9441788792610168,0.1,3.3299125789199024e-05,0.9998808701857342,True,0.7762330770492554,Normal,0.9999141693115234,Scratch,3.3299125789199024e-05,Edge-Loc,2.8420605303836055e-05,0.009596358722774312,0.9999141693115234,1.9487004010443343e-06,6.520508332358071e-15,2.8420605303836055e-05,1.9148610874708538e-07,2.1926707631791942e-05,1.3770235303028474e-17,2.8355146193276975e-14,3.3299125789199024e-05,27,25,518,67,0.12934362934362933,"{'source_height': 27, 'source_width': 25, 'resized_height': 96, 'resized_width': 89, 'padding_top': 0, 'padding_bottom': 0, 'padding_left': 3, 'padding_right': 4, 'scale': 3.5555555555555554}"
record_000746062:0,artifacts/input_files/record_000746062.npy,0,0,Normal,False,0.9936251640319824,0.04286588355898857,AUTO_ACCEPT,Production-enabled class meets the frozen confidence and probability-margin requirements.,True,0.9441788792610168,0.1,0.004820887465029955,0.9888042765669525,True,0.7762330770492554,Normal,0.9936251640319824,Edge-Loc,0.004820887465029955,Loc,0.0012843940639868379,0.009596358722774312,0.9936251640319824,1.3559889566749916e-06,5.375035946929632e-14,0.004820887465029955,3.3423546028643614e-06,0.0012843940639868379,3.393909877206456e-16,1.811540500940012e-11,0.0002648886002134532,27,25,518,101,0.19498069498069498,"{'source_height': 27, 'source_width': 25, 'resized_height': 96, 'resized_width': 89, 'padding_top': 0, 'padding_bottom': 0, 'padding_left': 3, 'padding_right': 4, 'scale': 3.5555555555555554}"
record_000746307:0,artifacts/input_files/record_000746307.npy,0,0,Normal,False,0.9999959468841553,6.0409875004552305e-05,AUTO_ACCEPT,Production-enabled class meets the frozen confidence and probability-margin requirements.,True,0.9441788792610168,0.1,1.4622423805121798e-06,0.9999944846417748,True,0.7762330770492554,Normal,0.9999959468841553,Scratch,1.4622423805121798e-06,Loc,1.3934383105151937e-06,0.009596358722774312,0.9999959468841553,1.7658028639289114e-07,3.4708740039463907e-17,1.0959003020616365e-06,7.263289969472453e-09,1.3934383105151937e-06,7.149988302429836e-20,1.3288937120328168e-16,1.4622423805121798e-06,27,25,518,67,0.12934362934362933,"{'source_height': 27, 'source_width': 25, 'resized_height': 96, 'resized_width': 89, 'padding_top': 0, 'padding_bottom': 0, 'padding_left': 3, 'padding_right': 4, 'scale': 3.5555555555555554}"
record_000746406:0,artifacts/input_files/record_000746406.npy,0,0,Normal,False,0.999954342842102,0.0005259084864519536,AUTO_ACCEPT,Production-enabled class meets the frozen confidence and probability-margin requirements.,True,0.9441788792610168,0.1,4.044698289362714e-05,0.9999138958592084,True,0.7762330770492554,Normal,0.999954342842102,Edge-Loc,4.044698289362714e-05,Edge-Ring,2.311404387000948e-06,0.009596358722774312,0.999954342842102,4.318660842272948e-07,2.0518111862237405e-16,4.044698289362714e-05,2.311404387000948e-06,4.2495739194237103e-07,2.2071496172118907e-16,6.605265413675652e-15,2.1908745111431926e-06,27,25,518,58,0.11196911196911197,"{'source_height': 27, 'source_width': 25, 'resized_height': 96, 'resized_width': 89, 'padding_top': 0, 'padding_bottom': 0, 'padding_left': 3, 'padding_right': 4, 'scale': 3.5555555555555554}"
record_000746738:0,artifacts/input_files/record_000746738.npy,0,0,Normal,False,0.9998264908790588,0.0018269306747242808,AUTO_ACCEPT,Production-enabled class meets the frozen confidence and probability-margin requirements.,True,0.9441788792610168,0.1,0.00011794975580414757,0.9997085411232547,True,0.7762330770492554,Normal,0.9998264908790588,Edge-Loc,0.00011794975580414757,Loc,2.8463189664762467e-05,0.009596358722774312,0.9998264908790588,2.8479590241659025e-07,5.212321531860968e-16,0.00011794975580414757,4.818664365302538e-07,2.8463189664762467e-05,4.780937677253377e-18,8.711302722740327e-15,2.6296898795408197e-05,27,25,518,68,0.13127413127413126,"{'source_height': 27, 'source_width': 25, 'resized_height': 96, 'resized_width': 89, 'padding_top': 0, 'padding_bottom': 0, 'padding_left': 3, 'padding_right': 4, 'scale': 3.5555555555555554}"
record_000747136:0,artifacts/input_files/record_000747136.npy,0,0,Normal,False,0.9999940395355225,8.3306927990634e-05,AUTO_ACCEPT,Production-enabled class meets the frozen confidence and probability-margin requirements.,True,0.9441788792610168,0.1,3.977300821134122e-06,0.9999900622347013,True,0.7762330770492554,Normal,0.9999940395355225,Edge-Loc,3.977300821134122e-06,Scratch,1.078284526556672e-06,0.009596358722774312,0.9999940395355225,7.086384812282631e-08,9.415483411238956e-18,3.977300821134122e-06,5.372160316596819e-08,7.828700745449169e-07,9.609457988665677e-20,1.5971441495190274e-16,1.078284526556672e-06,27,25,518,74,0.14285714285714285,"{'source_height': 27, 'source_width': 25, 'resized_height': 96, 'resized_width': 89, 'padding_top': 0, 'padding_bottom': 0, 'padding_left': 3, 'padding_right': 4, 'scale': 3.5555555555555554}"
record_000747317:0,artifacts/input_files/record_000747317.npy,0,0,Normal,False,0.9993531107902527,0.006076308898627758,AUTO_ACCEPT,Production-enabled class meets the frozen confidence and probability-margin requirements.,True,0.9441788792610168,0.1,0.0003357566019985825,0.9990173541882541,True,0.7762330770492554,Normal,0.9993531107902527,Loc,0.0003357566019985825,Edge-Loc,0.0001761390158208087,0.009596358722774312,0.9993531107902527,3.391401378394221e-06,3.318112657465372e-14,0.0001761390158208087,2.725380738866079e-07,0.0003357566019985825,5.591611900682909e-18,4.299859622004798e-13,0.00013141195813659579,27,25,518,107,0.20656370656370657,"{'source_height': 27, 'source_width': 25, 'resized_height': 96, 'resized_width': 89, 'padding_top': 0, 'padding_bottom': 0, 'padding_left': 3, 'padding_right': 4, 'scale': 3.5555555555555554}"
record_000747323:0,artifacts/input_files/record_000747323.npy,0,0,Normal,False,0.999997615814209,3.726156137418002e-05,AUTO_ACCEPT,Production-enabled class meets the frozen confidence and probability-margin requirements.,True,0.9441788792610168,0.1,1.0037936135631753e-06,0.9999966120205954,True,0.7762330770492554,Normal,0.999997615814209,Edge-Loc,1.0037936135631753e-06,Scratch,5.980564310448244e-07,0.009596358722774312,0.999997615814209,4.368119448372454e-07,9.934340722268969e-18,1.0037936135631753e-06,7.293009751663249e-09,4.012630370198167e-07,1.2445763373881976e-19,6.277068019292531e-17,5.980564310448244e-07,27,25,518,72,0.138996138996139,"{'source_height': 27, 'source_width': 25, 'resized_height': 96, 'resized_width': 89, 'padding_top': 0, 'padding_bottom': 0, 'padding_left': 3, 'padding_right': 4, 'scale': 3.5555555555555554}"
record_000747336:0,artifacts/input_files/record_000747336.npy,0,0,Normal,False,0.9997723698616028,0.0023148490581661463,AUTO_ACCEPT,Production-enabled class meets the frozen confidence and probability-margin requirements.,True,0.9441788792610168,0.1,0.00017000341904349625,0.9996023664425593,True,0.7762330770492554,Normal,0.9997723698616028,Edge-Loc,0.00017000341904349625,Scratch,3.739683234016411e-05,0.009596358722774312,0.9997723698616028,2.796031822072109e-06,1.9931754627989596e-15,0.00017000341904349625,9.956341955330572e-07,1.642341521801427e-05,2.5297292442433597e-17,3.7799322997805404e-14,3.739683234016411e-05,27,25,518,82,0.1583011583011583,"{'source_height': 27, 'source_width': 25, 'resized_height': 96, 'resized_width': 89, 'padding_top': 0, 'padding_bottom': 0, 'padding_left': 3, 'padding_right': 4, 'scale': 3.5555555555555554}"
record_000747496:0,artifacts/input_files/record_000747496.npy,0,0,Normal,False,0.9953644275665283,0.03207208216190338,AUTO_ACCEPT,Production-enabled class meets the frozen confidence and probability-margin requirements.,True,0.9441788792610168,0.1,0.004028868395835161,0.9913355591706932,True,0.7762330770492554,Normal,0.9953644275665283,Edge-Loc,0.004028868395835161,Edge-Ring,0.00023655699624214321,0.009596358722774312,0.9953644275665283,3.245886546210386e-05,3.854329615887719e-12,0.004028868395835161,0.00023655699624214321,0.0001235760864801705,2.5055389078591783e-13,2.8707181076725874e-10,0.00021402798302005976,27,25,518,91,0.17567567567567569,"{'source_height': 27, 'source_width': 25, 'resized_height': 96, 'resized_width': 89, 'padding_top': 0, 'padding_bottom': 0, 'padding_left': 3, 'padding_right': 4, 'scale': 3.5555555555555554}"
record_000747778:0,artifacts/input_files/record_000747778.npy,0,0,Normal,False,0.9997811913490295,0.0022126291878521442,AUTO_ACCEPT,Production-enabled class meets the frozen confidence and probability-margin requirements.,True,0.9441788792610168,0.1,0.00017557702085468918,0.9996056143281749,True,0.7762330770492554,Normal,0.9997811913490295,Edge-Loc,0.00017557702085468918,Scratch,2.056374250969384e-05,0.009596358722774312,0.9997811913490295,1.9895330751751317e-06,2.7290836166041265e-15,0.00017557702085468918,1.1173347047588322e-06,1.9573222743929364e-05,5.277747481672523e-17,8.47971798573037e-14,2.056374250969384e-05,27,25,518,77,0.14864864864864866,"{'source_height': 27, 'source_width': 25, 'resized_height': 96, 'resized_width': 89, 'padding_top': 0, 'padding_bottom': 0, 'padding_left': 3, 'padding_right': 4, 'scale': 3.5555555555555554}"
record_000748452:0,artifacts/input_files/record_000748452.npy,0,0,Normal,False,0.9994588494300842,0.004848893731832504,AUTO_ACCEPT,Production-enabled class meets the frozen confidence and probability-margin requirements.,True,0.9441788792610168,0.1,0.00048338022315874696,0.9989754692069255,True,0.7762330770492554,Normal,0.9994588494300842,Edge-Loc,0.00048338022315874696,Loc,2.7370888346922584e-05,0.009596358722774312,0.9994588494300842,1.3031148000663961e-06,8.733312026841782e-16,0.00048338022315874696,2.3052630240272265e-06,2.7370888346922584e-05,2.520306829885768e-17,7.003474406311327e-14,2.681643672985956e-05,27,25,518,80,0.15444015444015444,"{'source_height': 27, 'source_width': 25, 'resized_height': 96, 'resized_width': 89, 'padding_top': 0, 'padding_bottom': 0, 'padding_left': 3, 'padding_right': 4, 'scale': 3.5555555555555554}"
record_000748787:0,artifacts/input_files/record_000748787.npy,0,0,Normal,False,0.9982781410217285,0.01390621718019247,AUTO_ACCEPT,Production-enabled class meets the frozen confidence and probability-margin requirements.,True,0.9441788792610168,0.1,0.0012763136764988303,0.9970018273452297,True,0.7762330770492554,Normal,0.9982781410217285,Scratch,0.0012763136764988303,Loc,0.0003478333237580955,0.009596358722774312,0.9982781410217285,6.163476200526929e-07,1.6385733102395467e-13,9.631167631596327e-05,7.978230200933467e-07,0.0003478333237580955,2.735871545083159e-18,2.7620738812447754e-13,0.0012763136764988303,27,25,518,83,0.16023166023166024,"{'source_height': 27, 'source_width': 25, 'resized_height': 96, 'resized_width': 89, 'padding_top': 0, 'padding_bottom': 0, 'padding_left': 3, 'padding_right': 4, 'scale': 3.5555555555555554}"
record_000748936:0,artifacts/input_files/record_000748936.npy,0,0,Normal,False,0.9999997615814209,3.698538421303965e-06,AUTO_ACCEPT,Production-enabled class meets the frozen confidence and probability-margin requirements.,True,0.9441788792610168,0.1,1.230668829066417e-07,0.999999638514538,True,0.7762330770492554,Normal,0.9999997615814209,Center,1.230668829066417e-07,Scratch,6.552321707431474e-08,0.009596358722774312,0.9999997615814209,1.230668829066417e-07,2.565113962896847e-19,1.0781147530281032e-08,8.53785792065409e-11,1.1973405378284951e-08,1.5971066346164261e-21,6.274465833162531e-19,6.552321707431474e-08,27,25,502,59,0.11752988047808766,"{'source_height': 27, 'source_width': 25, 'resized_height': 96, 'resized_width': 89, 'padding_top': 0, 'padding_bottom': 0, 'padding_left': 3, 'padding_right': 4, 'scale': 3.5555555555555554}"
record_000749123:0,artifacts/input_files/record_000749123.npy,0,0,Normal,False,0.9999879598617554,0.00016074157611001283,AUTO_ACCEPT,Production-enabled class meets the frozen confidence and probability-margin requirements.,True,0.9441788792610168,0.1,6.929518349352293e-06,0.999981030343406,True,0.7762330770492554,Normal,0.9999879598617554,Edge-Loc,6.929518349352293e-06,Loc,3.1215590752253775e-06,0.009596358722774312,0.9999879598617554,7.060383211410226e-08,3.023527325411231e-18,6.929518349352293e-06,1.4170681517100547e-08,3.1215590752253775e-06,4.6138753241208406e-21,5.311724090769261e-17,1.9295500806038035e-06,27,25,518,83,0.16023166023166024,"{'source_height': 27, 'source_width': 25, 'resized_height': 96, 'resized_width': 89, 'padding_top': 0, 'padding_bottom': 0, 'padding_left': 3, 'padding_right': 4, 'scale': 3.5555555555555554}"
record_000749650:0,artifacts/input_files/record_000749650.npy,0,0,Normal,False,0.9999991655349731,1.3663957361131907e-05,AUTO_ACCEPT,Production-enabled class meets the frozen confidence and probability-margin requirements.,True,0.9441788792610168,0.1,4.4579516611520376e-07,0.999998719739807,True,0.7762330770492554,Normal,0.9999991655349731,Scratch,4.4579516611520376e-07,Center,3.172674212237325e-07,0.009596358722774312,0.9999991655349731,3.172674212237325e-07,4.9808869182060224e-17,5.11276070369604e-08,2.1922359483284026e-09,3.8720624928600955e-08,6.036094094115828e-19,6.075232641107142e-17,4.4579516611520376e-07,27,25,505,42,0.08316831683168317,"{'source_height': 27, 'source_width': 25, 'resized_height': 96, 'resized_width': 89, 'padding_top': 0, 'padding_bottom': 0, 'padding_left': 3, 'padding_right': 4, 'scale': 3.5555555555555554}"
record_000749654:0,artifacts/input_files/record_000749654.npy,0,0,Normal,False,0.9999903440475464,0.00013259067782200873,AUTO_ACCEPT,Production-enabled class meets the frozen confidence and probability-margin requirements.,True,0.9441788792610168,0.1,4.4756529860023875e-06,0.9999858683945604,True,0.7762330770492554,Normal,0.9999903440475464,Scratch,4.4756529860023875e-06,Edge-Loc,1.7229542663699249e-06,0.009596358722774312,0.9999903440475464,1.6889493963390123e-06,3.2308772106836843e-16,1.7229542663699249e-06,7.360888343299621e-09,1.6814424270705786e-06,8.669315523710877e-19,9.91478216903405e-16,4.4756529860023875e-06,27,25,505,69,0.13663366336633664,"{'source_height': 27, 'source_width': 25, 'resized_height': 96, 'resized_width': 89, 'padding_top': 0, 'padding_bottom': 0, 'padding_left': 3, 'padding_right': 4, 'scale': 3.5555555555555554}"
record_000749657:0,artifacts/input_files/record_000749657.npy,0,0,Normal,False,0.9999864101409912,0.00018022817675955594,AUTO_ACCEPT,Production-enabled class meets the frozen confidence and probability-margin requirements.,True,0.9441788792610168,0.1,9.232125194102991e-06,0.9999771780157971,True,0.7762330770492554,Normal,0.9999864101409912,Scratch,9.232125194102991e-06,Edge-Loc,2.370625907133217e-06,0.009596358722774312,0.9999864101409912,6.805728389736032e-07,2.3122661147985737e-15,2.370625907133217e-06,4.647966989068664e-08,1.3669339296029648e-06,1.0825627005114243e-17,3.907261341730417e-15,9.232125194102991e-06,27,25,505,51,0.100990099009901,"{'source_height': 27, 'source_width': 25, 'resized_height': 96, 'resized_width': 89, 'padding_top': 0, 'padding_bottom': 0, 'padding_left': 3, 'padding_right': 4, 'scale': 3.5555555555555554}"
record_000749658:0,artifacts/input_files/record_000749658.npy,0,0,Normal,False,0.9999985694885254,2.148630483134184e-05,AUTO_ACCEPT,Production-enabled class meets the frozen confidence and probability-margin requirements.,True,0.9441788792610168,0.1,6.147811859591457e-07,0.9999979547073394,True,0.7762330770492554,Normal,0.9999985694885254,Center,6.147811859591457e-07,Scratch,5.96439406308491e-07,0.009596358722774312,0.9999985694885254,6.147811859591457e-07,2.328420250712575e-16,5.220533338956557e-08,1.046690289996377e-09,1.1368089047891772e-07,1.1659929642741353e-18,1.681107878602386e-16,5.96439406308491e-07,27,25,506,37,0.07312252964426877,"{'source_height': 27, 'source_width': 25, 'resized_height': 96, 'resized_width': 89, 'padding_top': 0, 'padding_bottom': 0, 'padding_left': 3, 'padding_right': 4, 'scale': 3.5555555555555554}"
record_000749893:0,artifacts/input_files/record_000749893.npy,0,0,Normal,False,0.9999990463256836,1.5012195945018902e-05,AUTO_ACCEPT,Production-enabled class meets the frozen confidence and probability-margin requirements.,True,0.9441788792610168,0.1,4.3925845716330514e-07,0.9999986070672264,True,0.7762330770492554,Normal,0.9999990463256836,Edge-Loc,4.3925845716330514e-07,Scratch,3.4156639117099985e-07,0.009596358722774312,0.9999990463256836,1.0046910148275856e-07,1.1942727184536747e-18,4.3925845716330514e-07,2.0399069100562883e-09,5.268510960831918e-08,8.268600800656634e-20,1.0554955310713417e-17,3.4156639117099985e-07,27,25,499,54,0.10821643286573146,"{'source_height': 27, 'source_width': 25, 'resized_height': 96, 'resized_width': 89, 'padding_top': 0, 'padding_bottom': 0, 'padding_left': 3, 'padding_right': 4, 'scale': 3.5555555555555554}"
record_000750112:0,artifacts/input_files/record_000750112.npy,0,0,Normal,False,0.9999980926513672,2.816360574797727e-05,AUTO_ACCEPT,Production-enabled class meets the frozen confidence and probability-margin requirements.,True,0.9441788792610168,0.1,8.369195825252973e-07,0.9999972557317847,True,0.7762330770492554,Normal,0.9999980926513672,Center,8.369195825252973e-07,Scratch,5.406517971096036e-07,0.009596358722774312,0.9999980926513672,8.369195825252973e-07,3.1339458042245564e-17,3.4379652902316593e-07,3.7102851901948952e-09,9.618210583539621e-08,1.4524854184682279e-18,1.1250998348546982e-16,5.406517971096036e-07,27,25,507,45,0.08875739644970414,"{'source_height': 27, 'source_width': 25, 'resized_height': 96, 'resized_width': 89, 'padding_top': 0, 'padding_bottom': 0, 'padding_left': 3, 'padding_right': 4, 'scale': 3.5555555555555554}"
record_000750117:0,artifacts/input_files/record_000750117.npy,0,0,Normal,False,0.999997615814209,3.560379263944924e-05,AUTO_ACCEPT,Production-enabled class meets the frozen confidence and probability-margin requirements.,True,0.9441788792610168,0.1,2.03275681087689e-06,0.9999955830573981,True,0.7762330770492554,Normal,0.999997615814209,Center,2.03275681087689e-06,Scratch,4.1283072960141e-07,0.009596358722774312,0.999997615814209,2.03275681087689e-06,5.907387768652782e-17,6.177655276218275e-09,9.004624823560903e-11,2.215064753841034e-08,1.1233950238840326e-19,2.196861343276303e-17,4.1283072960141e-07,27,25,503,39,0.0775347912524851,"{'source_height': 27, 'source_width': 25, 'resized_height': 96, 'resized_width': 89, 'padding_top': 0, 'padding_bottom': 0, 'padding_left': 3, 'padding_right': 4, 'scale': 3.5555555555555554}"
record_000750118:0,artifacts/input_files/record_000750118.npy,0,0,Normal,False,0.9999198913574219,0.0009183170623145998,AUTO_ACCEPT,Production-enabled class meets the frozen confidence and probability-margin requirements.,True,0.9441788792610168,0.1,5.153521124157123e-05,0.9998683561461803,True,0.7762330770492554,Normal,0.9999198913574219,Scratch,5.153521124157123e-05,Center,1.219796649820637e-05,0.009596358722774312,0.9999198913574219,1.219796649820637e-05,6.651667741998726e-14,4.944278771290556e-06,4.449093538028137e-08,1.1445144991739653e-05,4.617497210688617e-17,5.751840247581602e-14,5.153521124157123e-05,27,25,504,57,0.1130952380952381,"{'source_height': 27, 'source_width': 25, 'resized_height': 96, 'resized_width': 89, 'padding_top': 0, 'padding_bottom': 0, 'padding_left': 3, 'padding_right': 4, 'scale': 3.5555555555555554}"
record_000750119:0,artifacts/input_files/record_000750119.npy,0,0,Normal,False,0.99996018409729,0.0004753122921101749,AUTO_ACCEPT,Production-enabled class meets the frozen confidence and probability-margin requirements.,True,0.9441788792610168,0.1,2.9829343475284986e-05,0.9999303547538148,True,0.7762330770492554,Normal,0.99996018409729,Scratch,2.9829343475284986e-05,Center,6.3049578784557525e-06,0.009596358722774312,0.99996018409729,6.3049578784557525e-06,2.5666743578602047e-13,1.5209591310849646e-06,6.135799424100696e-08,2.1273197035043268e-06,7.160774184440492e-16,9.853675221691699e-14,2.9829343475284986e-05,27,25,505,41,0.08118811881188119,"{'source_height': 27, 'source_width': 25, 'resized_height': 96, 'resized_width': 89, 'padding_top': 0, 'padding_bottom': 0, 'padding_left': 3, 'padding_right': 4, 'scale': 3.5555555555555554}"
record_000750371:0,artifacts/input_files/record_000750371.npy,0,0,Normal,False,0.9999936819076538,8.671406249050051e-05,AUTO_ACCEPT,Production-enabled class meets the frozen confidence and probability-margin requirements.,True,0.9441788792610168,0.1,4.627672751666978e-06,0.9999890542349021,True,0.7762330770492554,Normal,0.9999936819076538,Scratch,4.627672751666978e-06,Center,8.734060088499973e-07,0.009596358722774312,0.9999936819076538,8.734060088499973e-07,2.746478655785855e-16,3.2294269658450503e-07,5.12376141514892e-09,4.4020680434186943e-07,2.8834347760983314e-19,2.3850081396384706e-16,4.627672751666978e-06,27,25,507,61,0.1203155818540434,"{'source_height': 27, 'source_width': 25, 'resized_height': 96, 'resized_width': 89, 'padding_top': 0, 'padding_bottom': 0, 'padding_left': 3, 'padding_right': 4, 'scale': 3.5555555555555554}"
record_000750374:0,artifacts/input_files/record_000750374.npy,0,0,Normal,False,0.9999996423721313,5.97845883021364e-06,AUTO_ACCEPT,Production-enabled class meets the frozen confidence and probability-margin requirements.,True,0.9441788792610168,0.1,1.2756474632169557e-07,0.999999514807385,True,0.7762330770492554,Normal,0.9999996423721313,Edge-Loc,1.2756474632169557e-07,Scratch,1.0604272659975322e-07,0.009596358722774312,0.9999996423721313,8.39769924709799e-08,1.6440204334733768e-18,1.2756474632169557e-07,1.4739501841276592e-09,2.846278235324462e-08,7.068925894869346e-20,7.301731716519939e-18,1.0604272659975322e-07,27,25,505,62,0.12277227722772277,"{'source_height': 27, 'source_width': 25, 'resized_height': 96, 'resized_width': 89, 'padding_top': 0, 'padding_bottom': 0, 'padding_left': 3, 'padding_right': 4, 'scale': 3.5555555555555554}"
record_000750741:0,artifacts/input_files/record_000750741.npy,0,0,Normal,False,0.9999991655349731,1.2630305718630552e-05,AUTO_ACCEPT,Production-enabled class meets the frozen confidence and probability-margin requirements.,True,0.9441788792610168,0.1,8.035370910874917e-07,0.9999983619978821,True,0.7762330770492554,Normal,0.9999991655349731,Center,8.035370910874917e-07,Scratch,2.175467450626911e-08,0.009596358722774312,0.9999991655349731,8.035370910874917e-07,2.4406624748514844e-20,2.916959340737435e-09,2.8527497204777763e-12,4.007954856888318e-09,3.4088893573844332e-22,9.723115189769878e-20,2.175467450626911e-08,27,25,496,65,0.1310483870967742,"{'source_height': 27, 'source_width': 25, 'resized_height': 96, 'resized_width': 89, 'padding_top': 0, 'padding_bottom': 0, 'padding_left': 3, 'padding_right': 4, 'scale': 3.5555555555555554}"
record_000750854:0,artifacts/input_files/record_000750854.npy,0,0,Normal,False,0.9999955892562866,6.427096377592534e-05,AUTO_ACCEPT,Production-enabled class meets the frozen confidence and probability-margin requirements.,True,0.9441788792610168,0.1,2.149655529137817e-06,0.9999934396007575,True,0.7762330770492554,Normal,0.9999955892562866,Scratch,2.149655529137817e-06,Edge-Loc,1.8913325448011165e-06,0.009596358722774312,0.9999955892562866,5.901635802274541e-08,2.4887290445654338e-17,1.8913325448011165e-06,3.723648944742308e-08,3.543366631220124e-07,2.0573792584253465e-19,1.7044850615043186e-16,2.149655529137817e-06,27,25,501,62,0.12375249500998003,"{'source_height': 27, 'source_width': 25, 'resized_height': 96, 'resized_width': 89, 'padding_top': 0, 'padding_bottom': 0, 'padding_left': 3, 'padding_right': 4, 'scale': 3.5555555555555554}"
record_000751466:0,artifacts/input_files/record_000751466.npy,0,0,Normal,False,0.9999996423721313,5.485933343152283e-06,AUTO_ACCEPT,Production-enabled class meets the frozen confidence and probability-margin requirements.,True,0.9441788792610168,0.1,1.7651090900017152e-07,0.9999994658612223,True,0.7762330770492554,Normal,0.9999996423721313,Edge-Loc,1.7651090900017152e-07,Scratch,7.678358571183708e-08,0.009596358722774312,0.9999996423721313,4.429608679856756e-08,1.3938735716118283e-18,1.7651090900017152e-07,3.059894337908986e-09,1.7678777552987412e-08,1.7969581154222475e-19,1.2404991072802566e-17,7.678358571183708e-08,27,25,499,64,0.1282565130260521,"{'source_height': 27, 'source_width': 25, 'resized_height': 96, 'resized_width': 89, 'padding_top': 0, 'padding_bottom': 0, 'padding_left': 3, 'padding_right': 4, 'scale': 3.5555555555555554}"
record_000751576:0,artifacts/input_files/record_000751576.npy,0,0,Normal,False,0.9999954700469971,6.540818139910698e-05,AUTO_ACCEPT,Production-enabled class meets the frozen confidence and probability-margin requirements.,True,0.9441788792610168,0.1,2.00409090211906e-06,0.999993465956095,True,0.7762330770492554,Normal,0.9999954700469971,Scratch,2.00409090211906e-06,Loc,1.1884313835253124e-06,0.009596358722774312,0.9999954700469971,1.1645838640106376e-06,5.0776352861392046e-17,1.5654018170607742e-07,2.4190183189887193e-10,1.1884313835253124e-06,1.528581142825265e-20,8.274326048548358e-17,2.00409090211906e-06,27,25,499,81,0.1623246492985972,"{'source_height': 27, 'source_width': 25, 'resized_height': 96, 'resized_width': 89, 'padding_top': 0, 'padding_bottom': 0, 'padding_left': 3, 'padding_right': 4, 'scale': 3.5555555555555554}"
record_000751922:0,artifacts/input_files/record_000751922.npy,0,0,Normal,False,0.9999955892562866,6.462385499617085e-05,AUTO_ACCEPT,Production-enabled class meets the frozen confidence and probability-margin requirements.,True,0.9441788792610168,0.1,2.5060910502361367e-06,0.9999930831652364,True,0.7762330770492554,Normal,0.9999955892562866,Scratch,2.5060910502361367e-06,Edge-Loc,7.808445730006497e-07,0.009596358722774312,0.9999955892562866,7.64601907121687e-07,2.884315109682686e-15,7.808445730006497e-07,1.730373178077116e-08,3.957067633564293e-07,5.5478355174331325e-17,4.306593754164036e-15,2.5060910502361367e-06,27,25,504,38,0.07539682539682539,"{'source_height': 27, 'source_width': 25, 'resized_height': 96, 'resized_width': 89, 'padding_top': 0, 'padding_bottom': 0, 'padding_left': 3, 'padding_right': 4, 'scale': 3.5555555555555554}"
record_000751925:0,artifacts/input_files/record_000751925.npy,0,0,Normal,False,0.999972939491272,0.0003327555605210364,AUTO_ACCEPT,Production-enabled class meets the frozen confidence and probability-margin requirements.,True,0.9441788792610168,0.1,2.0451132513699122e-05,0.9999524883587583,True,0.7762330770492554,Normal,0.999972939491272,Scratch,2.0451132513699122e-05,Center,3.0885159958415898e-06,0.009596358722774312,0.999972939491272,3.0885159958415898e-06,1.1430602897045429e-14,5.263624416329549e-07,7.787795297531375e-09,2.981435045512626e-06,5.397840706289299e-18,5.906368788017235e-15,2.0451132513699122e-05,27,25,505,46,0.09108910891089109,"{'source_height': 27, 'source_width': 25, 'resized_height': 96, 'resized_width': 89, 'padding_top': 0, 'padding_bottom': 0, 'padding_left': 3, 'padding_right': 4, 'scale': 3.5555555555555554}"
record_000751945:0,artifacts/input_files/record_000751945.npy,0,0,Normal,False,0.9999717473983765,0.00034727674210444093,AUTO_ACCEPT,Production-enabled class meets the frozen confidence and probability-margin requirements.,True,0.9441788792610168,0.1,2.1546276911976747e-05,0.9999502011214645,True,0.7762330770492554,Normal,0.9999717473983765,Scratch,2.1546276911976747e-05,Center,2.7332398531143554e-06,0.009596358722774312,0.9999717473983765,2.7332398531143554e-06,2.6403712725876945e-14,1.30578564494499e-06,3.61528833536795e-08,2.662712859091698e-06,4.467578334725016e-17,1.1960023053034837e-14,2.1546276911976747e-05,27,25,513,35,0.0682261208576998,"{'source_height': 27, 'source_width': 25, 'resized_height': 96, 'resized_width': 89, 'padding_top': 0, 'padding_bottom': 0, 'padding_left': 3, 'padding_right': 4, 'scale': 3.5555555555555554}"
record_000751951:0,artifacts/input_files/record_000751951.npy,0,0,Normal,False,0.9999998807907104,1.5720622741355328e-06,AUTO_ACCEPT,Production-enabled class meets the frozen confidence and probability-margin requirements.,True,0.9441788792610168,0.1,3.667655334993469e-08,0.9999998441141571,True,0.7762330770492554,Normal,0.9999998807907104,Center,3.667655334993469e-08,Scratch,2.2267911958806508e-08,0.009596358722774312,0.9999998807907104,3.667655334993469e-08,2.3142869517766265e-19,2.0886753659965507e-08,8.618574742769169e-10,2.2662314247412496e-09,4.1454269489194354e-20,1.2107277189816155e-18,2.2267911958806508e-08,27,25,504,47,0.09325396825396826,"{'source_height': 27, 'source_width': 25, 'resized_height': 96, 'resized_width': 89, 'padding_top': 0, 'padding_bottom': 0, 'padding_left': 3, 'padding_right': 4, 'scale': 3.5555555555555554}"
record_000752196:0,artifacts/input_files/record_000752196.npy,0,0,Normal,False,0.9999983310699463,2.5283090508310124e-05,AUTO_ACCEPT,Production-enabled class meets the frozen confidence and probability-margin requirements.,True,0.9441788792610168,0.1,9.156488545158936e-07,0.9999974154210918,True,0.7762330770492554,Normal,0.9999983310699463,Scratch,9.156488545158936e-07,Center,4.6856186486365914e-07,0.009596358722774312,0.9999983310699463,4.6856186486365914e-07,7.025591034781156e-17,1.0492775714965319e-07,1.352834066992159e-09,1.4890547106460872e-07,2.6435187942455684e-19,7.73416718238388e-17,9.156488545158936e-07,27,25,506,47,0.09288537549407115,"{'source_height': 27, 'source_width': 25, 'resized_height': 96, 'resized_width': 89, 'padding_top': 0, 'padding_bottom': 0, 'padding_left': 3, 'padding_right': 4, 'scale': 3.5555555555555554}"
record_000752274:0,artifacts/input_files/record_000752274.npy,0,0,Normal,False,0.9999932050704956,9.573821444064379e-05,AUTO_ACCEPT,Production-enabled class meets the frozen confidence and probability-margin requirements.,True,0.9441788792610168,0.1,4.341862677392783e-06,0.9999888632078182,True,0.7762330770492554,Normal,0.9999932050704956,Scratch,4.341862677392783e-06,Edge-Loc,1.1188533335371176e-06,0.009596358722774312,0.9999932050704956,6.533406349262805e-07,7.814232574676399e-16,1.1188533335371176e-06,1.942025029677552e-08,7.328359856728639e-07,5.051751646719563e-18,1.5319789402714386e-15,4.341862677392783e-06,27,25,506,46,0.09090909090909091,"{'source_height': 27, 'source_width': 25, 'resized_height': 96, 'resized_width': 89, 'padding_top': 0, 'padding_bottom': 0, 'padding_left': 3, 'padding_right': 4, 'scale': 3.5555555555555554}"
record_000752280:0,artifacts/input_files/record_000752280.npy,0,0,Normal,False,0.999998927116394,1.5951578461681493e-05,AUTO_ACCEPT,Production-enabled class meets the frozen confidence and probability-margin requirements.,True,0.9441788792610168,0.1,9.388798503096041e-07,0.9999979882365437,True,0.7762330770492554,Normal,0.999998927116394,Center,9.388798503096041e-07,Scratch,9.164019587615257e-08,0.009596358722774312,0.999998927116394,9.388798503096041e-07,8.869702198450956e-18,8.422536446062168e-09,1.268409821619798e-10,1.112502445721475e-08,9.736215016486333e-20,1.022229304684664e-17,9.164019587615257e-08,27,25,495,49,0.09898989898989899,"{'source_height': 27, 'source_width': 25, 'resized_height': 96, 'resized_width': 89, 'padding_top': 0, 'padding_bottom': 0, 'padding_left': 3, 'padding_right': 4, 'scale': 3.5555555555555554}"
record_000752290:0,artifacts/input_files/record_000752290.npy,0,0,Normal,False,0.9999942779541016,8.229355444200337e-05,AUTO_ACCEPT,Production-enabled class meets the frozen confidence and probability-margin requirements.,True,0.9441788792610168,0.1,2.4386256427533226e-06,0.9999918393284588,True,0.7762330770492554,Normal,0.9999942779541016,Scratch,2.4386256427533226e-06,Center,1.6019364466046682e-06,0.009596358722774312,0.9999942779541016,1.6019364466046682e-06,2.387192789810672e-17,8.366114911950717e-07,8.031833531596533e-10,8.555597332815523e-07,6.207151684370556e-20,1.457604603532844e-16,2.4386256427533226e-06,27,25,492,71,0.1443089430894309,"{'source_height': 27, 'source_width': 25, 'resized_height': 96, 'resized_width': 89, 'padding_top': 0, 'padding_bottom': 0, 'padding_left': 3, 'padding_right': 4, 'scale': 3.5555555555555554}"
record_000752412:0,artifacts/input_files/record_000752412.npy,0,0,Normal,False,1.0,1.055224515766895e-06,AUTO_ACCEPT,Production-enabled class meets the frozen confidence and probability-margin requirements.,True,0.9441788792610168,0.1,3.5006227250278243e-08,0.9999999649937727,True,0.7762330770492554,Normal,1.0,Scratch,3.5006227250278243e-08,Edge-Loc,1.552242778757318e-08,0.00976757837634068,1.0,5.912351053183329e-09,1.0065078763582688e-19,1.552242778757318e-08,6.602006719091946e-10,2.4769062356710947e-09,4.109354927187448e-21,3.452068197476605e-19,3.5006227250278243e-08,27,25,503,49,0.09741550695825049,"{'source_height': 27, 'source_width': 25, 'resized_height': 96, 'resized_width': 89, 'padding_top': 0, 'padding_bottom': 0, 'padding_left': 3, 'padding_right': 4, 'scale': 3.5555555555555554}"
record_000752809:0,artifacts/input_files/record_000752809.npy,0,0,Normal,False,0.9999305009841919,0.0008129829657264054,AUTO_ACCEPT,Production-enabled class meets the frozen confidence and probability-margin requirements.,True,0.9441788792610168,0.1,3.0268007321865298e-05,0.99990023297687,True,0.7762330770492554,Normal,0.9999305009841919,Edge-Loc,3.0268007321865298e-05,Scratch,2.014500387303997e-05,0.00976757837634068,0.9999305009841919,4.2207764749946364e-07,1.025288489905126e-15,3.0268007321865298e-05,5.225398069796938e-08,1.870585765573196e-05,8.293881921718092e-18,8.727411595331209e-15,2.014500387303997e-05,27,25,499,60,0.12024048096192384,"{'source_height': 27, 'source_width': 25, 'resized_height': 96, 'resized_width': 89, 'padding_top': 0, 'padding_bottom': 0, 'padding_left': 3, 'padding_right': 4, 'scale': 3.5555555555555554}"
record_000752818:0,artifacts/input_files/record_000752818.npy,0,0,Normal,False,0.9999927282333374,9.939529991243035e-05,AUTO_ACCEPT,Production-enabled class meets the frozen confidence and probability-margin requirements.,True,0.9441788792610168,0.1,5.358414910006104e-06,0.9999873698184274,True,0.7762330770492554,Normal,0.9999927282333374,Scratch,5.358414910006104e-06,Loc,8.865943073033122e-07,0.00976757837634068,0.9999927282333374,5.780016749667993e-07,1.2371129011677054e-15,4.2919944576169655e-07,7.419360237292949e-09,8.865943073033122e-07,1.2427349557964721e-18,1.3682208959084623e-15,5.358414910006104e-06,27,25,501,57,0.11377245508982035,"{'source_height': 27, 'source_width': 25, 'resized_height': 96, 'resized_width': 89, 'padding_top': 0, 'padding_bottom': 0, 'padding_left': 3, 'padding_right': 4, 'scale': 3.5555555555555554}"
record_000752875:0,artifacts/input_files/record_000752875.npy,0,5,Loc,True,0.9679011106491089,0.1651822030544281,ENGINEER_REVIEW,Class is review-only or confidence does not meet its production auto-accept threshold.,False,,,0.023519055917859077,0.9443820547312498,True,0.7762330770492554,Loc,0.9679011106491089,Center,0.023519055917859077,Edge-Loc,0.007503954693675041,0.00976757837634068,0.0004926409455947578,0.023519055917859077,0.0002537244581617415,0.007503954693675041,7.501993337655222e-08,0.9679011106491089,2.3294066409107472e-07,9.712630708236247e-05,0.00023212826636154205,27,25,503,116,0.23061630218687873,"{'source_height': 27, 'source_width': 25, 'resized_height': 96, 'resized_width': 89, 'padding_top': 0, 'padding_bottom': 0, 'padding_left': 3, 'padding_right': 4, 'scale': 3.5555555555555554}"
record_000752879:0,artifacts/input_files/record_000752879.npy,0,0,Normal,False,1.0,6.726377250743099e-07,AUTO_ACCEPT,Production-enabled class meets the frozen confidence and probability-margin requirements.,True,0.9441788792610168,0.1,1.2581598873850908e-08,0.9999999874184011,True,0.7762330770492554,Normal,1.0,Scratch,1.2581598873850908e-08,Center,1.1805169286560613e-08,0.00976757837634068,1.0,1.1805169286560613e-08,5.718762036396157e-21,1.071706012822915e-08,4.4661357945230407e-10,1.0594338739622344e-09,3.255704686494017e-22,5.991728649702459e-20,1.2581598873850908e-08,27,25,502,63,0.1254980079681275,"{'source_height': 27, 'source_width': 25, 'resized_height': 96, 'resized_width': 89, 'padding_top': 0, 'padding_bottom': 0, 'padding_left': 3, 'padding_right': 4, 'scale': 3.5555555555555554}"
record_000753331:0,artifacts/input_files/record_000753331.npy,0,0,Normal,False,0.9999945163726807,7.771299715386704e-05,AUTO_ACCEPT,Production-enabled class meets the frozen confidence and probability-margin requirements.,True,0.9441788792610168,0.1,3.25002088175097e-06,0.9999912663517989,True,0.7762330770492554,Normal,0.9999945163726807,Edge-Loc,3.25002088175097e-06,Scratch,1.7734902257871e-06,0.00976757837634068,0.9999945163726807,1.7986025113714277e-07,2.6464978645421628e-17,3.25002088175097e-06,3.879695853470366e-08,2.7953586823059595e-07,1.5735699776901183e-18,2.7233930375062353e-16,1.7734902257871e-06,27,25,502,58,0.11553784860557768,"{'source_height': 27, 'source_width': 25, 'resized_height': 96, 'resized_width': 89, 'padding_top': 0, 'padding_bottom': 0, 'padding_left': 3, 'padding_right': 4, 'scale': 3.5555555555555554}"
record_000753344:0,artifacts/input_files/record_000753344.npy,0,0,Normal,False,0.9999982118606567,2.7551752282306552e-05,AUTO_ACCEPT,Production-enabled class meets the frozen confidence and probability-margin requirements.,True,0.9441788792610168,0.1,1.0247925956718973e-06,0.9999971870680611,True,0.7762330770492554,Normal,0.9999982118606567,Scratch,1.0247925956718973e-06,Edge-Loc,3.9791174799574947e-07,0.00976757837634068,0.9999982118606567,2.449715168495459e-07,7.08679710615416e-18,3.9791174799574947e-07,4.011645682311382e-09,1.2319749487232912e-07,8.3901911808231e-20,3.533915423662527e-17,1.0247925956718973e-06,27,25,501,59,0.11776447105788423,"{'source_height': 27, 'source_width': 25, 'resized_height': 96, 'resized_width': 89, 'padding_top': 0, 'padding_bottom': 0, 'padding_left': 3, 'padding_right': 4, 'scale': 3.5555555555555554}"
record_000753682:0,artifacts/input_files/record_000753682.npy,0,0,Normal,False,0.9999513626098633,0.0005827501881867647,AUTO_ACCEPT,Production-enabled class meets the frozen confidence and probability-margin requirements.,True,0.9441788792610168,0.1,2.939276600955054e-05,0.9999219698438537,True,0.7762330770492554,Normal,0.9999513626098633,Scratch,2.939276600955054e-05,Loc,1.049843012879137e-05,0.00976757837634068,0.9999513626098633,5.2909877013007645e-06,4.831544710213846e-14,3.360351229275693e-06,2.3657614534045024e-08,1.049843012879137e-05,4.823581981116813e-17,3.812994028590949e-14,2.939276600955054e-05,27,25,503,51,0.10139165009940358,"{'source_height': 27, 'source_width': 25, 'resized_height': 96, 'resized_width': 89, 'padding_top': 0, 'padding_bottom': 0, 'padding_left': 3, 'padding_right': 4, 'scale': 3.5555555555555554}"
record_000753997:0,artifacts/input_files/record_000753997.npy,0,0,Normal,False,0.9999880790710449,0.0001591049658600241,AUTO_ACCEPT,Production-enabled class meets the frozen confidence and probability-margin requirements.,True,0.9441788792610168,0.1,7.497299066017149e-06,0.9999805817719789,True,0.7762330770492554,Normal,0.9999880790710449,Scratch,7.497299066017149e-06,Center,2.599952949822182e-06,0.00976757837634068,0.9999880790710449,2.599952949822182e-06,4.3926230789683926e-15,5.443039867714106e-07,5.040526662725142e-09,1.2766678310072166e-06,9.349428076242922e-18,2.9454024905639555e-15,7.497299066017149e-06,27,25,503,41,0.08151093439363817,"{'source_height': 27, 'source_width': 25, 'resized_height': 96, 'resized_width': 89, 'padding_top': 0, 'padding_bottom': 0, 'padding_left': 3, 'padding_right': 4, 'scale': 3.5555555555555554}"
record_000754008:0,artifacts/input_files/record_000754008.npy,0,0,Normal,False,0.9999929666519165,9.690910519566387e-05,AUTO_ACCEPT,Production-enabled class meets the frozen confidence and probability-margin requirements.,True,0.9441788792610168,0.1,3.912815373041667e-06,0.9999890538365435,True,0.7762330770492554,Normal,0.9999929666519165,Center,3.912815373041667e-06,Scratch,2.8821759769925848e-06,0.00976757837634068,0.9999929666519165,3.912815373041667e-06,1.392840543795119e-15,4.954122445610665e-08,5.223367849360727e-10,2.3198577991934144e-07,1.8708614815762438e-18,5.017435661961106e-16,2.8821759769925848e-06,27,25,503,40,0.07952286282306163,"{'source_height': 27, 'source_width': 25, 'resized_height': 96, 'resized_width': 89, 'padding_top': 0, 'padding_bottom': 0, 'padding_left': 3, 'padding_right': 4, 'scale': 3.5555555555555554}"
record_000754371:0,artifacts/input_files/record_000754371.npy,0,0,Normal,False,0.9999997615814209,3.5932803257310297e-06,AUTO_ACCEPT,Production-enabled class meets the frozen confidence and probability-margin requirements.,True,0.9441788792610168,0.1,7.066677909506325e-08,0.9999996909146418,True,0.7762330770492554,Normal,0.9999997615814209,Scratch,7.066677909506325e-08,Center,6.10800654499144e-08,0.00976757837634068,0.9999997615814209,6.10800654499144e-08,1.880682525903252e-20,3.618156085849478e-08,5.595762395116388e-11,3.2190797583098174e-08,5.66763175807788e-23,1.9432198035929617e-19,7.066677909506325e-08,27,25,496,82,0.16532258064516128,"{'source_height': 27, 'source_width': 25, 'resized_height': 96, 'resized_width': 89, 'padding_top': 0, 'padding_bottom': 0, 'padding_left': 3, 'padding_right': 4, 'scale': 3.5555555555555554}"
record_000754886:0,artifacts/input_files/record_000754886.npy,0,0,Normal,False,0.9995348453521729,0.00445805536583066,AUTO_ACCEPT,Production-enabled class meets the frozen confidence and probability-margin requirements.,True,0.9441788792610168,0.1,0.00023441860685124993,0.9993004267453216,True,0.7762330770492554,Normal,0.9995348453521729,Scratch,0.00023441860685124993,Loc,0.000201858434593305,0.00976757837634068,0.9995348453521729,4.450312189874239e-06,4.520240247645607e-13,2.4311497327289544e-05,2.014139113271085e-07,0.000201858434593305,3.5716259260443295e-17,4.702171269542477e-13,0.00023441860685124993,27,25,518,70,0.13513513513513514,"{'source_height': 27, 'source_width': 25, 'resized_height': 96, 'resized_width': 89, 'padding_top': 0, 'padding_bottom': 0, 'padding_left': 3, 'padding_right': 4, 'scale': 3.5555555555555554}"
record_000755114:0,artifacts/input_files/record_000755114.npy,0,0,Normal,False,0.9991492033004761,0.007653387729078531,AUTO_ACCEPT,Production-enabled class meets the frozen confidence and probability-margin requirements.,True,0.9441788792610168,0.1,0.0005450650351122022,0.9986041382653639,True,0.7762330770492554,Normal,0.9991492033004761,Edge-Loc,0.0005450650351122022,Loc,0.0001740223669912666,0.00976757837634068,0.9991492033004761,1.578506839905458e-06,5.673842404479816e-14,0.0005450650351122022,3.3178353078255896e-06,0.0001740223669912666,3.5821724788543806e-16,1.2249511301132276e-12,0.00012678750499617308,27,25,518,73,0.14092664092664092,"{'source_height': 27, 'source_width': 25, 'resized_height': 96, 'resized_width': 89, 'padding_top': 0, 'padding_bottom': 0, 'padding_left': 3, 'padding_right': 4, 'scale': 3.5555555555555554}"
record_000755118:0,artifacts/input_files/record_000755118.npy,0,3,Edge-Loc,True,0.9692971706390381,0.16028869152069092,ENGINEER_REVIEW,Class is review-only or confidence does not meet its production auto-accept threshold.,False,,,0.017966192215681076,0.951330978423357,True,0.7762330770492554,Edge-Loc,0.9692971706390381,Normal,0.017966192215681076,Edge-Ring,0.012254694476723671,0.00976757837634068,0.017966192215681076,3.858543493606703e-07,4.2867875915675313e-10,0.9692971706390381,0.012254694476723671,0.0004013201396446675,3.5584761803875153e-07,7.740042633486155e-07,7.914333400549367e-05,27,25,518,93,0.17953667953667954,"{'source_height': 27, 'source_width': 25, 'resized_height': 96, 'resized_width': 89, 'padding_top': 0, 'padding_bottom': 0, 'padding_left': 3, 'padding_right': 4, 'scale': 3.5555555555555554}"
record_000755120:0,artifacts/input_files/record_000755120.npy,0,0,Normal,False,0.9992727637290955,0.006692921277135611,AUTO_ACCEPT,Production-enabled class meets the frozen confidence and probability-margin requirements.,True,0.9441788792610168,0.1,0.0004209611506666988,0.9988518025784288,True,0.7762330770492554,Normal,0.9992727637290955,Loc,0.0004209611506666988,Scratch,0.00017253159603569657,0.00976757837634068,0.9992727637290955,5.608785613731015e-07,1.5043301755104585e-14,0.0001330171653535217,2.3596928144797857e-07,0.0004209611506666988,5.946019915673091e-18,7.144690384024849e-14,0.00017253159603569657,27,25,518,72,0.138996138996139,"{'source_height': 27, 'source_width': 25, 'resized_height': 96, 'resized_width': 89, 'padding_top': 0, 'padding_bottom': 0, 'padding_left': 3, 'padding_right': 4, 'scale': 3.5555555555555554}"
record_000755598:0,artifacts/input_files/record_000755598.npy,0,0,Normal,False,0.9999923706054688,0.00010479707270860672,AUTO_ACCEPT,Production-enabled class meets the frozen confidence and probability-margin requirements.,True,0.9441788792610168,0.1,3.556180445229984e-06,0.9999888144250235,True,0.7762330770492554,Normal,0.9999923706054688,Edge-Loc,3.556180445229984e-06,Scratch,3.080333954130765e-06,0.00976757837634068,0.9999923706054688,5.4911208025032465e-08,1.557389849279729e-17,3.556180445229984e-06,6.397304019856165e-08,8.191415759029042e-07,1.130111342717051e-19,1.3051112768051821e-16,3.080333954130765e-06,27,25,518,67,0.12934362934362933,"{'source_height': 27, 'source_width': 25, 'resized_height': 96, 'resized_width': 89, 'padding_top': 0, 'padding_bottom': 0, 'padding_left': 3, 'padding_right': 4, 'scale': 3.5555555555555554}"
record_000756134:0,artifacts/input_files/record_000756134.npy,0,0,Normal,False,0.9905548691749573,0.05825002118945122,AUTO_ACCEPT,Production-enabled class meets the frozen confidence and probability-margin requirements.,True,0.9441788792610168,0.1,0.008158190175890923,0.9823966789990664,True,0.7762330770492554,Normal,0.9905548691749573,Scratch,0.008158190175890923,Edge-Loc,0.0008043106645345688,0.00976757837634068,0.9905548691749573,5.721178240492009e-06,1.7706005064899166e-11,0.0008043106645345688,5.495042205438949e-05,0.00042210498941130936,7.018197363593912e-15,3.292991920811339e-11,0.008158190175890923,27,25,518,65,0.12548262548262548,"{'source_height': 27, 'source_width': 25, 'resized_height': 96, 'resized_width': 89, 'padding_top': 0, 'padding_bottom': 0, 'padding_left': 3, 'padding_right': 4, 'scale': 3.5555555555555554}"
record_000756357:0,artifacts/input_files/record_000756357.npy,0,0,Normal,False,0.9983615279197693,0.012878567911684513,AUTO_ACCEPT,Production-enabled class meets the frozen confidence and probability-margin requirements.,True,0.9441788792610168,0.1,0.0014690520474687219,0.9968924758723006,True,0.7762330770492554,Normal,0.9983615279197693,Edge-Loc,0.0014690520474687219,Scratch,8.957194222602993e-05,0.00976757837634068,0.9983615279197693,6.34054777037818e-06,2.499303281694454e-12,0.0014690520474687219,2.935580414487049e-05,4.401472688186914e-05,1.117586925780678e-12,2.6542714207100637e-11,8.957194222602993e-05,39,37,1109,139,0.12533814247069433,"{'source_height': 39, 'source_width': 37, 'resized_height': 96, 'resized_width': 91, 'padding_top': 0, 'padding_bottom': 0, 'padding_left': 2, 'padding_right': 3, 'scale': 2.4615384615384617}"
record_000756822:0,artifacts/input_files/record_000756822.npy,0,0,Normal,False,0.987882137298584,0.07253168523311615,AUTO_ACCEPT,Production-enabled class meets the frozen confidence and probability-margin requirements.,True,0.9441788792610168,0.1,0.009700912982225418,0.9781812243163586,True,0.7762330770492554,Normal,0.987882137298584,Edge-Loc,0.009700912982225418,Edge-Ring,0.002158999675884843,0.00976757837634068,0.987882137298584,1.3595624750450952e-06,7.084072911611727e-12,0.009700912982225418,0.002158999675884843,4.995716517441906e-05,5.6652642646537466e-12,2.0334359196461094e-10,0.00020664451585616916,39,37,1109,186,0.16771866546438233,"{'source_height': 39, 'source_width': 37, 'resized_height': 96, 'resized_width': 91, 'padding_top': 0, 'padding_bottom': 0, 'padding_left': 2, 'padding_right': 3, 'scale': 2.4615384615384617}"
record_000756830:0,artifacts/input_files/record_000756830.npy,0,3,Edge-Loc,True,0.6730567216873169,0.654066801071167,ABSTAIN,Confidence is below the frozen abstain threshold.,False,,,0.323594868183136,0.3494618535041809,True,0.7762330770492554,Edge-Loc,0.6730567216873169,Normal,0.323594868183136,Edge-Ring,0.0014998546103015542,0.00976757837634068,0.323594868183136,3.2640611607348546e-05,5.466025410072461e-10,0.6730567216873169,0.0014998546103015542,0.0014331408310681581,2.6992214685606086e-08,8.449177357761073e-08,0.00038261228473857045,39,37,1109,156,0.1406672678088368,"{'source_height': 39, 'source_width': 37, 'resized_height': 96, 'resized_width': 91, 'padding_top': 0, 'padding_bottom': 0, 'padding_left': 2, 'padding_right': 3, 'scale': 2.4615384615384617}"
record_000757471:0,artifacts/input_files/record_000757471.npy,0,0,Normal,False,0.9999402761459351,0.000721610733307898,AUTO_ACCEPT,Production-enabled class meets the frozen confidence and probability-margin requirements.,True,0.9441788792610168,0.1,1.9468132450128905e-05,0.9999208080134849,True,0.7762330770492554,Normal,0.9999402761459351,Edge-Loc,1.9468132450128905e-05,Scratch,1.8618193280417472e-05,0.00976757837634068,0.9999402761459351,1.542415157018695e-05,3.0416873447042247e-12,1.9468132450128905e-05,6.754844434908591e-07,5.576170678978087e-06,2.517316325008345e-13,3.955729407228992e-12,1.8618193280417472e-05,39,37,1109,106,0.09558160504959423,"{'source_height': 39, 'source_width': 37, 'resized_height': 96, 'resized_width': 91, 'padding_top': 0, 'padding_bottom': 0, 'padding_left': 2, 'padding_right': 3, 'scale': 2.4615384615384617}"
record_000757477:0,artifacts/input_files/record_000757477.npy,0,0,Normal,False,0.5066045522689819,0.7158854603767395,ABSTAIN,Confidence is below the frozen abstain threshold.,True,0.9441788792610168,0.1,0.49001219868659973,0.016592353582382202,False,0.7762330770492554,Normal,0.5066045522689819,Edge-Loc,0.49001219868659973,Edge-Ring,0.0025074284058064222,0.00976757837634068,0.5066045522689819,1.2942194189236034e-05,1.4482430532591906e-10,0.49001219868659973,0.0025074284058064222,0.000472804851597175,6.269418317828013e-09,2.064858506400924e-08,0.00039009639294818044,39,37,1109,172,0.1550946798917944,"{'source_height': 39, 'source_width': 37, 'resized_height': 96, 'resized_width': 91, 'padding_top': 0, 'padding_bottom': 0, 'padding_left': 2, 'padding_right': 3, 'scale': 2.4615384615384617}"
record_000757777:0,artifacts/input_files/record_000757777.npy,0,0,Normal,False,0.999777615070343,0.002389929722994566,AUTO_ACCEPT,Production-enabled class meets the frozen confidence and probability-margin requirements.,True,0.9441788792610168,0.1,8.08568875072524e-05,0.9996967581828358,True,0.7762330770492554,Normal,0.999777615070343,Edge-Loc,8.08568875072524e-05,Scratch,6.542372284457088e-05,0.00976757837634068,0.999777615070343,1.9610744857345708e-05,1.001138408285307e-11,8.08568875072524e-05,2.3989523469936103e-06,5.412346581579186e-05,1.7439393299682054e-13,1.2583605164817602e-11,6.542372284457088e-05,39,37,1109,139,0.12533814247069433,"{'source_height': 39, 'source_width': 37, 'resized_height': 96, 'resized_width': 91, 'padding_top': 0, 'padding_bottom': 0, 'padding_left': 2, 'padding_right': 3, 'scale': 2.4615384615384617}"
record_000758640:0,artifacts/input_files/record_000758640.npy,0,0,Normal,False,0.9996753931045532,0.003168489085510373,AUTO_ACCEPT,Production-enabled class meets the frozen confidence and probability-margin requirements.,True,0.9441788792610168,0.1,0.0002609773073345423,0.9994144157972187,True,0.7762330770492554,Normal,0.9996753931045532,Edge-Loc,0.0002609773073345423,Scratch,3.0270561182987876e-05,0.00976757837634068,0.9996753931045532,6.059940915292827e-06,1.7020881232232554e-12,0.0002609773073345423,1.9909253751393408e-05,7.389298389171017e-06,1.0497366864647972e-12,1.4033245052114118e-11,3.0270561182987876e-05,39,37,1109,124,0.11181244364292155,"{'source_height': 39, 'source_width': 37, 'resized_height': 96, 'resized_width': 91, 'padding_top': 0, 'padding_bottom': 0, 'padding_left': 2, 'padding_right': 3, 'scale': 2.4615384615384617}"
record_000758656:0,artifacts/input_files/record_000758656.npy,0,0,Normal,False,0.9990952014923096,0.008030394092202187,AUTO_ACCEPT,Production-enabled class meets the frozen confidence and probability-margin requirements.,True,0.9441788792610168,0.1,0.0006715345662087202,0.9984236669261009,True,0.7762330770492554,Normal,0.9990952014923096,Edge-Loc,0.0006715345662087202,Scratch,0.00012922532914672047,0.00976757837634068,0.9990952014923096,2.2347934645949863e-05,3.295780662271319e-11,0.0006715345662087202,5.162788147572428e-05,3.0142118703224696e-05,1.961525039617662e-11,1.587253523060994e-10,0.00012922532914672047,39,37,1109,93,0.08385933273219116,"{'source_height': 39, 'source_width': 37, 'resized_height': 96, 'resized_width': 91, 'padding_top': 0, 'padding_bottom': 0, 'padding_left': 2, 'padding_right': 3, 'scale': 2.4615384615384617}"
record_000759229:0,artifacts/input_files/record_000759229.npy,0,0,Normal,False,0.9998772144317627,0.0013681931886821985,AUTO_ACCEPT,Production-enabled class meets the frozen confidence and probability-margin requirements.,True,0.9441788792610168,0.1,6.063080581952818e-05,0.9998165836259432,True,0.7762330770492554,Normal,0.9998772144317627,Edge-Loc,6.063080581952818e-05,Scratch,4.526803604676388e-05,0.00976757837634068,0.9998772144317627,4.764881396113196e-06,2.326482105921568e-12,6.063080581952818e-05,6.783528533560457e-06,5.329665327735711e-06,3.2244777052430063e-13,6.1366233275461646e-12,4.526803604676388e-05,39,37,1109,114,0.10279531109107304,"{'source_height': 39, 'source_width': 37, 'resized_height': 96, 'resized_width': 91, 'padding_top': 0, 'padding_bottom': 0, 'padding_left': 2, 'padding_right': 3, 'scale': 2.4615384615384617}"
record_000759235:0,artifacts/input_files/record_000759235.npy,0,0,Normal,False,0.9999784231185913,0.00027976318961009383,AUTO_ACCEPT,Production-enabled class meets the frozen confidence and probability-margin requirements.,True,0.9441788792610168,0.1,9.807487003854476e-06,0.9999686156315875,True,0.7762330770492554,Normal,0.9999784231185913,Edge-Loc,9.807487003854476e-06,Scratch,7.133187409635866e-06,0.00976757837634068,0.9999784231185913,2.696675892366329e-06,1.609767820345137e-13,9.807487003854476e-06,3.5995236657981877e-07,1.5413597793667577e-06,1.6303275122606618e-14,3.293083579263001e-13,7.133187409635866e-06,39,37,1109,115,0.1036970243462579,"{'source_height': 39, 'source_width': 37, 'resized_height': 96, 'resized_width': 91, 'padding_top': 0, 'padding_bottom': 0, 'padding_left': 2, 'padding_right': 3, 'scale': 2.4615384615384617}"
record_000759299:0,artifacts/input_files/record_000759299.npy,0,0,Normal,False,0.9998903274536133,0.001240280456840992,AUTO_ACCEPT,Production-enabled class meets the frozen confidence and probability-margin requirements.,True,0.9441788792610168,0.1,5.24663228134159e-05,0.9998378611307999,True,0.7762330770492554,Normal,0.9998903274536133,Edge-Loc,5.24663228134159e-05,Scratch,3.8669531932100654e-05,0.00976757837634068,0.9998903274536133,7.099982667568838e-06,3.454428583460345e-12,5.24663228134159e-05,3.417177595110843e-06,7.95969845057698e-06,4.3060460796010003e-13,7.699852908049643e-12,3.8669531932100654e-05,39,37,1109,92,0.0829576194770063,"{'source_height': 39, 'source_width': 37, 'resized_height': 96, 'resized_width': 91, 'padding_top': 0, 'padding_bottom': 0, 'padding_left': 2, 'padding_right': 3, 'scale': 2.4615384615384617}"
record_000759793:0,artifacts/input_files/record_000759793.npy,0,0,Normal,False,0.9998980760574341,0.0011746565578505397,AUTO_ACCEPT,Production-enabled class meets the frozen confidence and probability-margin requirements.,True,0.9441788792610168,0.1,3.9754610043019056e-05,0.9998583214473911,True,0.7762330770492554,Normal,0.9998980760574341,Scratch,3.9754610043019056e-05,Edge-Loc,2.9224225727375597e-05,0.00976757837634068,0.9998980760574341,2.2342868760460988e-05,1.0096028180139882e-11,2.9224225727375597e-05,1.2389660923872725e-06,9.387901627633255e-06,5.421480321968208e-13,9.770169916156757e-12,3.9754610043019056e-05,39,37,1109,97,0.08746618575293057,"{'source_height': 39, 'source_width': 37, 'resized_height': 96, 'resized_width': 91, 'padding_top': 0, 'padding_bottom': 0, 'padding_left': 2, 'padding_right': 3, 'scale': 2.4615384615384617}"
record_000759809:0,artifacts/input_files/record_000759809.npy,0,0,Normal,False,0.999908447265625,0.0010440116748213768,AUTO_ACCEPT,Production-enabled class meets the frozen confidence and probability-margin requirements.,True,0.9441788792610168,0.1,5.438616426545195e-05,0.9998540611013595,True,0.7762330770492554,Normal,0.999908447265625,Edge-Loc,5.438616426545195e-05,Scratch,2.2167598217492923e-05,0.00976757837634068,0.999908447265625,7.172400728450157e-06,1.86009237526652e-12,5.438616426545195e-05,2.22907556235441e-06,5.525081178348046e-06,5.090430030621484e-13,5.36800248349123e-12,2.2167598217492923e-05,39,37,1109,102,0.09197475202885483,"{'source_height': 39, 'source_width': 37, 'resized_height': 96, 'resized_width': 91, 'padding_top': 0, 'padding_bottom': 0, 'padding_left': 2, 'padding_right': 3, 'scale': 2.4615384615384617}"
record_000759883:0,artifacts/input_files/record_000759883.npy,0,0,Normal,False,0.9997854828834534,0.002266085706651211,AUTO_ACCEPT,Production-enabled class meets the frozen confidence and probability-margin requirements.,True,0.9441788792610168,0.1,0.00012566731311380863,0.9996598155703396,True,0.7762330770492554,Normal,0.9997854828834534,Edge-Loc,0.00012566731311380863,Scratch,5.540179699892178e-05,0.00976757837634068,0.9997854828834534,7.630941581737716e-06,7.47417839425113e-12,0.00012566731311380863,9.105914614337962e-06,1.6756790500949137e-05,1.2670256554006554e-12,2.2180157016604696e-11,5.540179699892178e-05,39,37,1109,98,0.08836789900811542,"{'source_height': 39, 'source_width': 37, 'resized_height': 96, 'resized_width': 91, 'padding_top': 0, 'padding_bottom': 0, 'padding_left': 2, 'padding_right': 3, 'scale': 2.4615384615384617}"
record_000759887:0,artifacts/input_files/record_000759887.npy,0,0,Normal,False,0.9998993873596191,0.0011417900677770376,AUTO_ACCEPT,Production-enabled class meets the frozen confidence and probability-margin requirements.,True,0.9441788792610168,0.1,5.689120735041797e-05,0.9998424961522687,True,0.7762330770492554,Normal,0.9998993873596191,Edge-Loc,5.689120735041797e-05,Scratch,2.7366451831767336e-05,0.00976757837634068,0.9998993873596191,4.777596132043982e-06,2.950042770830108e-12,5.689120735041797e-05,5.471129497891525e-06,6.05675677434192e-06,3.94400142969889e-13,7.1312543543922136e-12,2.7366451831767336e-05,39,37,1109,122,0.11000901713255185,"{'source_height': 39, 'source_width': 37, 'resized_height': 96, 'resized_width': 91, 'padding_top': 0, 'padding_bottom': 0, 'padding_left': 2, 'padding_right': 3, 'scale': 2.4615384615384617}"
record_000760055:0,artifacts/input_files/record_000760055.npy,0,0,Normal,False,0.9999661445617676,0.0004183830169495195,AUTO_ACCEPT,Production-enabled class meets the frozen confidence and probability-margin requirements.,True,0.9441788792610168,0.1,2.2071690182201564e-05,0.9999440728715854,True,0.7762330770492554,Normal,0.9999661445617676,Edge-Loc,2.2071690182201564e-05,Scratch,6.607742307096487e-06,0.00976757837634068,0.9999661445617676,2.5473054847680032e-06,2.226052052108421e-13,2.2071690182201564e-05,1.1317674761812668e-06,1.5531779808952706e-06,7.364103765802529e-14,8.114157132657618e-13,6.607742307096487e-06,39,37,1109,112,0.10099188458070334,"{'source_height': 39, 'source_width': 37, 'resized_height': 96, 'resized_width': 91, 'padding_top': 0, 'padding_bottom': 0, 'padding_left': 2, 'padding_right': 3, 'scale': 2.4615384615384617}"
record_000760124:0,artifacts/input_files/record_000760124.npy,0,0,Normal,False,0.9999456405639648,0.0006365037988871336,AUTO_ACCEPT,Production-enabled class meets the frozen confidence and probability-margin requirements.,True,0.9441788792610168,0.1,3.9813490730011836e-05,0.9999058270732348,True,0.7762330770492554,Normal,0.9999456405639648,Edge-Loc,3.9813490730011836e-05,Scratch,7.917839866422582e-06,0.00976757837634068,0.9999456405639648,1.3449873677018331e-06,1.7661128906987927e-13,3.9813490730011836e-05,2.0022218905069167e-06,3.2717139220039826e-06,2.3306987375769535e-14,7.539853615588787e-13,7.917839866422582e-06,39,37,1109,170,0.1532912533814247,"{'source_height': 39, 'source_width': 37, 'resized_height': 96, 'resized_width': 91, 'padding_top': 0, 'padding_bottom': 0, 'padding_left': 2, 'padding_right': 3, 'scale': 2.4615384615384617}"
record_000760128:0,artifacts/input_files/record_000760128.npy,0,0,Normal,False,0.9998645782470703,0.0015038237906992435,AUTO_ACCEPT,Production-enabled class meets the frozen confidence and probability-margin requirements.,True,0.9441788792610168,0.1,6.31204093224369e-05,0.9998014578377479,True,0.7762330770492554,Normal,0.9998645782470703,Edge-Loc,6.31204093224369e-05,Scratch,4.882761277258396e-05,0.00976757837634068,0.9998645782470703,9.748559023137204e-06,7.085587325206255e-12,6.31204093224369e-05,3.4975130347447703e-06,1.0164864761463832e-05,7.852096793950492e-13,1.267653430142568e-11,4.882761277258396e-05,39,37,1109,90,0.0811541929666366,"{'source_height': 39, 'source_width': 37, 'resized_height': 96, 'resized_width': 91, 'padding_top': 0, 'padding_bottom': 0, 'padding_left': 2, 'padding_right': 3, 'scale': 2.4615384615384617}"
record_000760149:0,artifacts/input_files/record_000760149.npy,0,0,Normal,False,0.9866933226585388,0.08279268443584442,AUTO_ACCEPT,Production-enabled class meets the frozen confidence and probability-margin requirements.,True,0.9441788792610168,0.1,0.009081690572202206,0.9776116320863366,True,0.7762330770492554,Normal,0.9866933226585388,Edge-Loc,0.009081690572202206,Loc,0.002567283809185028,0.00976757837634068,0.9866933226585388,0.00026133217033930123,1.2962583229025881e-09,0.009081690572202206,5.386345583247021e-05,0.002567283809185028,1.1475470573785174e-10,4.171821998966152e-09,0.001342517789453268,39,37,1109,107,0.09648331830477908,"{'source_height': 39, 'source_width': 37, 'resized_height': 96, 'resized_width': 91, 'padding_top': 0, 'padding_bottom': 0, 'padding_left': 2, 'padding_right': 3, 'scale': 2.4615384615384617}"
record_000760370:0,artifacts/input_files/record_000760370.npy,0,0,Normal,False,0.9577639102935791,0.18583641946315765,AUTO_ACCEPT,Production-enabled class meets the frozen confidence and probability-margin requirements.,True,0.9441788792610168,0.1,0.04005824401974678,0.9177056662738323,True,0.7762330770492554,Normal,0.9577639102935791,Edge-Loc,0.04005824401974678,Scratch,0.0010498593328520656,0.00976757837634068,0.9577639102935791,4.405526487971656e-05,3.277962068448659e-10,0.04005824401974678,0.00024342614051420242,0.0008405544795095921,5.726258356375524e-10,4.146423204787197e-09,0.0010498593328520656,39,37,1109,101,0.09107303877366997,"{'source_height': 39, 'source_width': 37, 'resized_height': 96, 'resized_width': 91, 'padding_top': 0, 'padding_bottom': 0, 'padding_left': 2, 'padding_right': 3, 'scale': 2.4615384615384617}"
record_000760712:0,artifacts/input_files/record_000760712.npy,0,0,Normal,False,0.9939232468605042,0.042749714106321335,AUTO_ACCEPT,Production-enabled class meets the frozen confidence and probability-margin requirements.,True,0.9441788792610168,0.1,0.004001810681074858,0.9899214361794293,True,0.7762330770492554,Normal,0.9939232468605042,Center,0.004001810681074858,Edge-Loc,0.0014468289446085691,0.00976757837634068,0.9939232468605042,0.004001810681074858,9.626485164559995e-10,0.0014468289446085691,1.8773047486320138e-05,0.0003041326126549393,2.0925262911308806e-10,2.6146442788643753e-09,0.000305170746287331,39,37,1109,123,0.1109107303877367,"{'source_height': 39, 'source_width': 37, 'resized_height': 96, 'resized_width': 91, 'padding_top': 0, 'padding_bottom': 0, 'padding_left': 2, 'padding_right': 3, 'scale': 2.4615384615384617}"
record_000760829:0,artifacts/input_files/record_000760829.npy,0,0,Normal,False,0.9997856020927429,0.002243840368464589,AUTO_ACCEPT,Production-enabled class meets the frozen confidence and probability-margin requirements.,True,0.9441788792610168,0.1,0.0001393950660713017,0.9996462070266716,True,0.7762330770492554,Normal,0.9997856020927429,Center,0.0001393950660713017,Edge-Loc,3.3466207241872326e-05,0.00976757837634068,0.9997856020927429,0.0001393950660713017,1.1142635425454017e-11,3.3466207241872326e-05,4.0557495140092215e-07,1.2470823094190564e-05,1.086528328246572e-12,1.535510607553192e-11,2.870695971068926e-05,39,37,1109,87,0.07844905320108206,"{'source_height': 39, 'source_width': 37, 'resized_height': 96, 'resized_width': 91, 'padding_top': 0, 'padding_bottom': 0, 'padding_left': 2, 'padding_right': 3, 'scale': 2.4615384615384617}"
record_000760830:0,artifacts/input_files/record_000760830.npy,0,0,Normal,False,0.9997913241386414,0.002212975174188614,AUTO_ACCEPT,Production-enabled class meets the frozen confidence and probability-margin requirements.,True,0.9441788792610168,0.1,0.00011616244592005387,0.9996751616927213,True,0.7762330770492554,Normal,0.9997913241386414,Edge-Loc,0.00011616244592005387,Scratch,6.099187521613203e-05,0.00976757837634068,0.9997913241386414,7.068817922117887e-06,8.015290688112575e-12,0.00011616244592005387,1.0979180842696223e-05,1.3434511856758036e-05,1.0239143517429272e-12,1.881982070184307e-11,6.099187521613203e-05,39,37,1109,102,0.09197475202885483,"{'source_height': 39, 'source_width': 37, 'resized_height': 96, 'resized_width': 91, 'padding_top': 0, 'padding_bottom': 0, 'padding_left': 2, 'padding_right': 3, 'scale': 2.4615384615384617}"
record_000760865:0,artifacts/input_files/record_000760865.npy,0,0,Normal,False,0.999737560749054,0.002768221776932478,AUTO_ACCEPT,Production-enabled class meets the frozen confidence and probability-margin requirements.,True,0.9441788792610168,0.1,0.00010632928751874715,0.9996312314615352,True,0.7762330770492554,Normal,0.999737560749054,Edge-Loc,0.00010632928751874715,Scratch,8.336533937836066e-05,0.00976757837634068,0.999737560749054,4.317580896895379e-05,4.237746611956972e-11,0.00010632928751874715,2.474921529938001e-06,2.7011799829779193e-05,7.428556034194678e-12,8.477696322728434e-11,8.336533937836066e-05,39,37,1109,73,0.06582506762849413,"{'source_height': 39, 'source_width': 37, 'resized_height': 96, 'resized_width': 91, 'padding_top': 0, 'padding_bottom': 0, 'padding_left': 2, 'padding_right': 3, 'scale': 2.4615384615384617}"
record_000760937:0,artifacts/input_files/record_000760937.npy,0,3,Edge-Loc,True,0.5131072998046875,0.7296751737594604,ABSTAIN,Confidence is below the frozen abstain threshold.,False,,,0.4813167452812195,0.03179055452346802,True,0.7762330770492554,Edge-Loc,0.5131072998046875,Normal,0.4813167452812195,Edge-Ring,0.001997922779992223,0.00976757837634068,0.4813167452812195,7.550363807240501e-05,1.6933812130304204e-09,0.5131072998046875,0.001997922779992223,0.0019706108141690493,4.2945469402866365e-08,1.1206206806946284e-07,0.0015316895442083478,39,37,1109,106,0.09558160504959423,"{'source_height': 39, 'source_width': 37, 'resized_height': 96, 'resized_width': 91, 'padding_top': 0, 'padding_bottom': 0, 'padding_left': 2, 'padding_right': 3, 'scale': 2.4615384615384617}"
record_000760969:0,artifacts/input_files/record_000760969.npy,0,0,Normal,False,0.9998062252998352,0.002106898697093129,AUTO_ACCEPT,Production-enabled class meets the frozen confidence and probability-margin requirements.,True,0.9441788792610168,0.1,7.434131839545444e-05,0.9997318839814398,True,0.7762330770492554,Normal,0.9998062252998352,Center,7.434131839545444e-05,Scratch,5.5536253057653084e-05,0.00976757837634068,0.9998062252998352,7.434131839545444e-05,3.181331933999054e-11,4.239110057824291e-05,8.751230211601069e-07,2.0693567421403714e-05,2.5212948048802808e-12,3.654051020096638e-11,5.5536253057653084e-05,39,37,1109,80,0.0721370604147881,"{'source_height': 39, 'source_width': 37, 'resized_height': 96, 'resized_width': 91, 'padding_top': 0, 'padding_bottom': 0, 'padding_left': 2, 'padding_right': 3, 'scale': 2.4615384615384617}"
record_000761153:0,artifacts/input_files/record_000761153.npy,0,0,Normal,False,0.9964098334312439,0.02743673324584961,AUTO_ACCEPT,Production-enabled class meets the frozen confidence and probability-margin requirements.,True,0.9441788792610168,0.1,0.0023721749894320965,0.9940376584418118,True,0.7762330770492554,Normal,0.9964098334312439,Center,0.0023721749894320965,Scratch,0.0005090226186439395,0.00976757837634068,0.9964098334312439,0.0023721749894320965,2.2590345150064195e-09,0.00039113909588195384,5.181108463148121e-06,0.0003127030504401773,1.0503136554929071e-10,1.8702495108158246e-09,0.0005090226186439395,39,37,1109,70,0.06311992786293959,"{'source_height': 39, 'source_width': 37, 'resized_height': 96, 'resized_width': 91, 'padding_top': 0, 'padding_bottom': 0, 'padding_left': 2, 'padding_right': 3, 'scale': 2.4615384615384617}"
record_000761154:0,artifacts/input_files/record_000761154.npy,0,5,Loc,True,0.6347205638885498,0.7504043579101562,ABSTAIN,Confidence is below the frozen abstain threshold.,False,,,0.34444108605384827,0.29027947783470154,True,0.7762330770492554,Loc,0.6347205638885498,Donut,0.34444108605384827,Center,0.015094189904630184,0.00976757837634068,0.00016819519805721939,0.015094189904630184,0.34444108605384827,2.01773891603807e-05,5.0199915335724654e-08,0.6347205638885498,1.1170355662670772e-07,0.005333334673196077,0.00022233717027120292,39,37,1109,260,0.2344454463480613,"{'source_height': 39, 'source_width': 37, 'resized_height': 96, 'resized_width': 91, 'padding_top': 0, 'padding_bottom': 0, 'padding_left': 2, 'padding_right': 3, 'scale': 2.4615384615384617}"
record_000761203:0,artifacts/input_files/record_000761203.npy,0,0,Normal,False,0.9999226331710815,0.0009088588412851095,AUTO_ACCEPT,Production-enabled class meets the frozen confidence and probability-margin requirements.,True,0.9441788792610168,0.1,3.298291267128661e-05,0.9998896502584103,True,0.7762330770492554,Normal,0.9999226331710815,Scratch,3.298291267128661e-05,Edge-Loc,2.443708581267856e-05,0.00976757837634068,0.9999226331710815,1.0678531907615252e-05,3.996673218070734e-12,2.443708581267856e-05,9.348049161417293e-07,8.234395863837563e-06,1.162082040838397e-13,3.847758483360719e-12,3.298291267128661e-05,39,37,1109,106,0.09558160504959423,"{'source_height': 39, 'source_width': 37, 'resized_height': 96, 'resized_width': 91, 'padding_top': 0, 'padding_bottom': 0, 'padding_left': 2, 'padding_right': 3, 'scale': 2.4615384615384617}"
record_000761243:0,artifacts/input_files/record_000761243.npy,0,0,Normal,False,0.9999454021453857,0.000655601907055825,AUTO_ACCEPT,Production-enabled class meets the frozen confidence and probability-margin requirements.,True,0.9441788792610168,0.1,2.5156188712571748e-05,0.9999202459566732,True,0.7762330770492554,Normal,0.9999454021453857,Edge-Loc,2.5156188712571748e-05,Scratch,1.9756298570428044e-05,0.00976757837634068,0.9999454021453857,3.1516613034909824e-06,6.178805297268886e-13,2.5156188712571748e-05,9.363483854940569e-07,5.595418770099059e-06,2.3978992822934996e-14,9.501532590230899e-13,1.9756298570428044e-05,39,37,1109,116,0.10459873760144274,"{'source_height': 39, 'source_width': 37, 'resized_height': 96, 'resized_width': 91, 'padding_top': 0, 'padding_bottom': 0, 'padding_left': 2, 'padding_right': 3, 'scale': 2.4615384615384617}"
record_000761256:0,artifacts/input_files/record_000761256.npy,0,0,Normal,False,0.9995040893554688,0.004900296684354544,AUTO_ACCEPT,Production-enabled class meets the frozen confidence and probability-margin requirements.,True,0.9441788792610168,0.1,0.00021937571000307798,0.9992847136454657,True,0.7762330770492554,Normal,0.9995040893554688,Scratch,0.00021937571000307798,Edge-Loc,0.0001206884699058719,0.00976757837634068,0.9995040893554688,0.00011401355732232332,6.128009905070897e-11,0.0001206884699058719,2.7328710530127864e-06,3.9147860661614686e-05,2.4301533008141973e-12,6.230843618837412e-11,0.00021937571000307798,39,37,1109,91,0.08205590622182146,"{'source_height': 39, 'source_width': 37, 'resized_height': 96, 'resized_width': 91, 'padding_top': 0, 'padding_bottom': 0, 'padding_left': 2, 'padding_right': 3, 'scale': 2.4615384615384617}"
record_000761418:0,artifacts/input_files/record_000761418.npy,0,0,Normal,False,0.9998401403427124,0.0017622652230784297,AUTO_ACCEPT,Production-enabled class meets the frozen confidence and probability-margin requirements.,True,0.9441788792610168,0.1,6.764076533727348e-05,0.9997724995773751,True,0.7762330770492554,Normal,0.9998401403427124,Center,6.764076533727348e-05,Scratch,4.008946780231781e-05,0.00976757837634068,0.9998401403427124,6.764076533727348e-05,7.821640037042332e-12,3.9170954551082104e-05,8.443007004643732e-07,1.2177466487628408e-05,5.3871512285808e-13,1.0204222015974818e-11,4.008946780231781e-05,39,37,1109,94,0.08476104598737602,"{'source_height': 39, 'source_width': 37, 'resized_height': 96, 'resized_width': 91, 'padding_top': 0, 'padding_bottom': 0, 'padding_left': 2, 'padding_right': 3, 'scale': 2.4615384615384617}"
record_000761818:0,artifacts/input_files/record_000761818.npy,0,0,Normal,False,0.9999170303344727,0.0009679363574832678,AUTO_ACCEPT,Production-enabled class meets the frozen confidence and probability-margin requirements.,True,0.9441788792610168,0.1,3.7374360545072705e-05,0.9998796559739276,True,0.7762330770492554,Normal,0.9999170303344727,Scratch,3.7374360545072705e-05,Edge-Loc,2.5059100153157488e-05,0.00976757837634068,0.9999170303344727,7.721318979747593e-06,3.81778679850453e-12,2.5059100153157488e-05,1.0601298754409072e-06,1.1712815648934338e-05,1.1345954151241802e-13,3.725337746618429e-12,3.7374360545072705e-05,39,37,1109,93,0.08385933273219116,"{'source_height': 39, 'source_width': 37, 'resized_height': 96, 'resized_width': 91, 'padding_top': 0, 'padding_bottom': 0, 'padding_left': 2, 'padding_right': 3, 'scale': 2.4615384615384617}"
record_000762105:0,artifacts/input_files/record_000762105.npy,0,1,Center,True,0.5965217351913452,0.7476179003715515,ABSTAIN,Confidence is below the frozen abstain threshold.,False,,,0.38852378726005554,0.20799794793128967,True,0.7762330770492554,Center,0.5965217351913452,Normal,0.38852378726005554,Loc,0.012098698876798153,0.00976757837634068,0.38852378726005554,0.5965217351913452,4.361644982964208e-07,0.0016073518199846148,2.108648004650604e-06,0.012098698876798153,3.586261954069414e-09,2.404907490927144e-07,0.0012456030817702413,39,37,1109,98,0.08836789900811542,"{'source_height': 39, 'source_width': 37, 'resized_height': 96, 'resized_width': 91, 'padding_top': 0, 'padding_bottom': 0, 'padding_left': 2, 'padding_right': 3, 'scale': 2.4615384615384617}"
record_000762318:0,artifacts/input_files/record_000762318.npy,0,1,Center,True,0.7973892092704773,0.608197033405304,ENGINEER_REVIEW,Class is review-only or confidence does not meet its production auto-accept threshold.,False,,,0.17309072613716125,0.624298483133316,True,0.7762330770492554,Center,0.7973892092704773,Normal,0.17309072613716125,Loc,0.02127765864133835,0.00976757837634068,0.17309072613716125,0.7973892092704773,6.739748528161726e-07,0.007483826484531164,6.575079169124365e-06,0.02127765864133835,6.648715356050161e-08,3.0847772904962767e-06,0.0007481122156605124,39,37,1109,87,0.07844905320108206,"{'source_height': 39, 'source_width': 37, 'resized_height': 96, 'resized_width': 91, 'padding_top': 0, 'padding_bottom': 0, 'padding_left': 2, 'padding_right': 3, 'scale': 2.4615384615384617}"
record_000762603:0,artifacts/input_files/record_000762603.npy,0,1,Center,True,0.843277633190155,0.5256115198135376,ENGINEER_REVIEW,Class is review-only or confidence does not meet its production auto-accept threshold.,False,,,0.12187087535858154,0.7214067578315735,True,0.7762330770492554,Center,0.843277633190155,Normal,0.12187087535858154,Loc,0.032995931804180145,0.00976757837634068,0.12187087535858154,0.843277633190155,3.6450921925279545e-07,0.0013222744455561042,2.3016775685391622e-07,0.032995931804180145,2.466630455444374e-09,4.910662028123625e-07,0.0005322371725924313,39,37,1109,87,0.07844905320108206,"{'source_height': 39, 'source_width': 37, 'resized_height': 96, 'resized_width': 91, 'padding_top': 0, 'padding_bottom': 0, 'padding_left': 2, 'padding_right': 3, 'scale': 2.4615384615384617}"
record_000762706:0,artifacts/input_files/record_000762706.npy,0,0,Normal,False,0.9751973748207092,0.12145853787660599,AUTO_ACCEPT,Production-enabled class meets the frozen confidence and probability-margin requirements.,True,0.9441788792610168,0.1,0.023793339729309082,0.9514040350914001,True,0.7762330770492554,Normal,0.9751973748207092,Center,0.023793339729309082,Loc,0.0004934531170874834,0.00976757837634068,0.9751973748207092,0.023793339729309082,1.487666767552298e-09,0.00022223970154300332,5.158795488569012e-07,0.0004934531170874834,3.641887486027784e-11,8.747760293914553e-10,0.0002930636692326516,39,37,1109,88,0.0793507664562669,"{'source_height': 39, 'source_width': 37, 'resized_height': 96, 'resized_width': 91, 'padding_top': 0, 'padding_bottom': 0, 'padding_left': 2, 'padding_right': 3, 'scale': 2.4615384615384617}"
record_000762710:0,artifacts/input_files/record_000762710.npy,0,0,Normal,False,0.7787225246429443,0.6581370830535889,ENGINEER_REVIEW,Class is review-only or confidence does not meet its production auto-accept threshold.,True,0.9441788792610168,0.1,0.18435244262218475,0.5943700820207596,True,0.7762330770492554,Normal,0.7787225246429443,Center,0.18435244262218475,Edge-Loc,0.025158921256661415,0.00976757837634068,0.7787225246429443,0.18435244262218475,1.0397778993365137e-07,0.025158921256661415,0.00013405000208877027,0.009176814928650856,3.510714918775193e-08,6.472875497820496e-07,0.002454428467899561,39,37,1109,126,0.11361587015329125,"{'source_height': 39, 'source_width': 37, 'resized_height': 96, 'resized_width': 91, 'padding_top': 0, 'padding_bottom': 0, 'padding_left': 2, 'padding_right': 3, 'scale': 2.4615384615384617}"
record_000762711:0,artifacts/input_files/record_000762711.npy,0,0,Normal,False,0.9999475479125977,0.0006370627670548856,AUTO_ACCEPT,Production-enabled class meets the frozen confidence and probability-margin requirements.,True,0.9441788792610168,0.1,2.0199502614559606e-05,0.9999273484099831,True,0.7762330770492554,Normal,0.9999475479125977,Edge-Loc,2.0199502614559606e-05,Scratch,1.8986193026648834e-05,0.00976757837634068,0.9999475479125977,8.292168786283582e-06,1.3692654865851694e-12,2.0199502614559606e-05,5.950306558588636e-07,4.402244940138189e-06,1.4312842903062284e-13,2.2869731282348926e-12,1.8986193026648834e-05,39,37,1109,94,0.08476104598737602,"{'source_height': 39, 'source_width': 37, 'resized_height': 96, 'resized_width': 91, 'padding_top': 0, 'padding_bottom': 0, 'padding_left': 2, 'padding_right': 3, 'scale': 2.4615384615384617}"
record_000763095:0,artifacts/input_files/record_000763095.npy,0,0,Normal,False,0.9999107122421265,0.0010325910989195108,AUTO_ACCEPT,Production-enabled class meets the frozen confidence and probability-margin requirements.,True,0.9441788792610168,0.1,4.556377461994998e-05,0.9998651484675065,True,0.7762330770492554,Normal,0.9999107122421265,Scratch,4.556377461994998e-05,Edge-Loc,1.8354803614784032e-05,0.00976757837634068,0.9999107122421265,1.406735918862978e-05,5.6310841406448375e-12,1.8354803614784032e-05,4.5798364567417593e-07,1.083007828128757e-05,1.7556999419836988e-13,5.05684513360527e-12,4.556377461994998e-05,39,37,1109,74,0.06672678088367899,"{'source_height': 39, 'source_width': 37, 'resized_height': 96, 'resized_width': 91, 'padding_top': 0, 'padding_bottom': 0, 'padding_left': 2, 'padding_right': 3, 'scale': 2.4615384615384617}"
record_000763096:0,artifacts/input_files/record_000763096.npy,0,3,Edge-Loc,True,0.6708247065544128,0.7389596700668335,ABSTAIN,Confidence is below the frozen abstain threshold.,False,,,0.3006889224052429,0.3701357841491699,True,0.7762330770492554,Edge-Loc,0.6708247065544128,Normal,0.3006889224052429,Edge-Ring,0.026519203558564186,0.00976757837634068,0.3006889224052429,5.500168481376022e-05,3.0499744951839602e-09,0.6708247065544128,0.026519203558564186,0.0004330120573285967,2.623221746489435e-07,9.29059922327724e-07,0.001477853860706091,39,37,1109,134,0.12082957619477007,"{'source_height': 39, 'source_width': 37, 'resized_height': 96, 'resized_width': 91, 'padding_top': 0, 'padding_bottom': 0, 'padding_left': 2, 'padding_right': 3, 'scale': 2.4615384615384617}"
record_000763661:0,artifacts/input_files/record_000763661.npy,0,0,Normal,False,0.9999362230300903,0.0007559264777228236,AUTO_ACCEPT,Production-enabled class meets the frozen confidence and probability-margin requirements.,True,0.9441788792610168,0.1,2.9181032004998997e-05,0.9999070419980853,True,0.7762330770492554,Normal,0.9999362230300903,Edge-Loc,2.9181032004998997e-05,Scratch,2.2632773834629916e-05,0.00976757837634068,0.9999362230300903,5.6942831179185305e-06,1.493601791725807e-12,2.9181032004998997e-05,8.946792604547227e-07,5.277830496197566e-06,1.731104544650322e-13,2.825624716845665e-12,2.2632773834629916e-05,39,37,1109,95,0.08566275924256087,"{'source_height': 39, 'source_width': 37, 'resized_height': 96, 'resized_width': 91, 'padding_top': 0, 'padding_bottom': 0, 'padding_left': 2, 'padding_right': 3, 'scale': 2.4615384615384617}"
record_000764238:0,artifacts/input_files/record_000764238.npy,0,0,Normal,False,0.9592697620391846,0.19012391567230225,AUTO_ACCEPT,Production-enabled class meets the frozen confidence and probability-margin requirements.,True,0.9441788792610168,0.1,0.03523487597703934,0.9240348860621452,True,0.7762330770492554,Normal,0.9592697620391846,Edge-Loc,0.03523487597703934,Edge-Ring,0.0043249716982245445,0.00976757837634068,0.9592697620391846,0.0008506998419761658,1.5414856890938466e-10,0.03523487597703934,0.0043249716982245445,0.0001399239554302767,1.2063871013268113e-09,1.4357584454671724e-08,0.0001797709846869111,33,32,834,112,0.1342925659472422,"{'source_height': 33, 'source_width': 32, 'resized_height': 96, 'resized_width': 93, 'padding_top': 0, 'padding_bottom': 0, 'padding_left': 1, 'padding_right': 2, 'scale': 2.909090909090909}"
record_000764512:0,artifacts/input_files/record_000764512.npy,0,1,Center,True,0.9812038540840149,0.09637798368930817,ENGINEER_REVIEW,Class is review-only or confidence does not meet its production auto-accept threshold.,False,,,0.018124820664525032,0.9630790334194899,True,0.7762330770492554,Center,0.9812038540840149,Loc,0.018124820664525032,Normal,0.0006313981139101088,0.00976757837634068,0.0006313981139101088,0.9812038540840149,8.793913508498008e-08,3.565960651030764e-05,8.783662130973369e-10,0.018124820664525032,1.2683762373733032e-10,6.594423211936373e-07,3.3806406918301946e-06,34,34,904,93,0.10287610619469026,"{'source_height': 34, 'source_width': 34, 'resized_height': 96, 'resized_width': 96, 'padding_top': 0, 'padding_bottom': 0, 'padding_left': 0, 'padding_right': 0, 'scale': 2.823529411764706}"
record_000764518:0,artifacts/input_files/record_000764518.npy,0,1,Center,True,0.5894476771354675,0.9706839919090271,ABSTAIN,Confidence is below the frozen abstain threshold.,False,,,0.29243719577789307,0.29701048135757446,True,0.7762330770492554,Center,0.5894476771354675,Loc,0.29243719577789307,Normal,0.10573878884315491,0.00976757837634068,0.10573878884315491,0.5894476771354675,9.743715054355562e-06,0.009059123694896698,8.057681043283083e-06,0.29243719577789307,1.7312893874077417e-07,6.484103505499661e-05,0.0032344190403819084,34,34,904,114,0.1261061946902655,"{'source_height': 34, 'source_width': 34, 'resized_height': 96, 'resized_width': 96, 'padding_top': 0, 'padding_bottom': 0, 'padding_left': 0, 'padding_right': 0, 'scale': 2.823529411764706}"
record_000765009:0,artifacts/input_files/record_000765009.npy,0,0,Normal,False,0.9998478889465332,0.0016704162117093801,AUTO_ACCEPT,Production-enabled class meets the frozen confidence and probability-margin requirements.,True,0.9441788792610168,0.1,8.273652201751247e-05,0.9997651524245157,True,0.7762330770492554,Normal,0.9998478889465332,Scratch,8.273652201751247e-05,Edge-Loc,3.4671589673962444e-05,0.00976757837634068,0.9998478889465332,1.7952630514628254e-05,1.0728215191213586e-11,3.4671589673962444e-05,8.702607487975911e-07,1.595313733560033e-05,2.831291516340595e-13,9.259560999896888e-12,8.273652201751247e-05,48,48,1791,105,0.05862646566164154,"{'source_height': 48, 'source_width': 48, 'resized_height': 96, 'resized_width': 96, 'padding_top': 0, 'padding_bottom': 0, 'padding_left': 0, 'padding_right': 0, 'scale': 2.0}"
record_000765195:0,artifacts/input_files/record_000765195.npy,0,0,Normal,False,0.999885082244873,0.001305299112573266,AUTO_ACCEPT,Production-enabled class meets the frozen confidence and probability-margin requirements.,True,0.9441788792610168,0.1,4.738484130939469e-05,0.9998376974035637,True,0.7762330770492554,Normal,0.999885082244873,Scratch,4.738484130939469e-05,Edge-Loc,3.784029831876978e-05,0.00976757837634068,0.999885082244873,1.8175462173530832e-05,4.942988726663877e-12,3.784029831876978e-05,1.3078197298455052e-06,1.0193487469223328e-05,3.6423736748079916e-13,7.870285152755674e-12,4.738484130939469e-05,48,48,1791,115,0.06420993858179788,"{'source_height': 48, 'source_width': 48, 'resized_height': 96, 'resized_width': 96, 'padding_top': 0, 'padding_bottom': 0, 'padding_left': 0, 'padding_right': 0, 'scale': 2.0}"
record_000765257:0,artifacts/input_files/record_000765257.npy,0,3,Edge-Loc,True,0.9925315976142883,0.04984492063522339,ENGINEER_REVIEW,Class is review-only or confidence does not meet its production auto-accept threshold.,False,,,0.005711720325052738,0.9868198772892356,True,0.7762330770492554,Edge-Loc,0.9925315976142883,Edge-Ring,0.005711720325052738,Loc,0.0008691430557519197,0.009227203008776996,0.0006825528689660132,4.237735993228853e-06,3.622076860665402e-08,0.9925315976142883,0.005711720325052738,0.0008691430557519197,1.97557369574497e-06,6.466004379035439e-06,0.00019218388479202986,48,48,1791,200,0.11166945840312674,"{'source_height': 48, 'source_width': 48, 'resized_height': 96, 'resized_width': 96, 'padding_top': 0, 'padding_bottom': 0, 'padding_left': 0, 'padding_right': 0, 'scale': 2.0}"
record_000765281:0,artifacts/input_files/record_000765281.npy,0,0,Normal,False,0.9998182654380798,0.0019675218500196934,AUTO_ACCEPT,Production-enabled class meets the frozen confidence and probability-margin requirements.,True,0.9441788792610168,0.1,9.578109165886417e-05,0.999722484346421,True,0.7762330770492554,Normal,0.9998182654380798,Scratch,9.578109165886417e-05,Edge-Loc,3.393625229364261e-05,0.009227203008776996,0.9998182654380798,3.066604404011741e-05,1.3793980714604803e-11,3.393625229364261e-05,6.769257083760749e-07,2.0566485545714386e-05,3.563077838417833e-13,1.2586805729630779e-11,9.578109165886417e-05,48,48,1791,94,0.05248464544946957,"{'source_height': 48, 'source_width': 48, 'resized_height': 96, 'resized_width': 96, 'padding_top': 0, 'padding_bottom': 0, 'padding_left': 0, 'padding_right': 0, 'scale': 2.0}"
record_000765348:0,artifacts/input_files/record_000765348.npy,0,0,Normal,False,0.9995009899139404,0.00490497425198555,AUTO_ACCEPT,Production-enabled class meets the frozen confidence and probability-margin requirements.,True,0.9441788792610168,0.1,0.0002634072443470359,0.9992375826695934,True,0.7762330770492554,Normal,0.9995009899139404,Scratch,0.0002634072443470359,Center,8.093641372397542e-05,0.009227203008776996,0.9995009899139404,8.093641372397542e-05,1.5245987805556638e-10,7.903634832473472e-05,1.8702432953432435e-06,7.370630191871896e-05,2.7481120677685933e-12,1.0768075320299886e-10,0.0002634072443470359,48,48,1791,93,0.051926298157453935,"{'source_height': 48, 'source_width': 48, 'resized_height': 96, 'resized_width': 96, 'padding_top': 0, 'padding_bottom': 0, 'padding_left': 0, 'padding_right': 0, 'scale': 2.0}"
record_000765572:0,artifacts/input_files/record_000765572.npy,0,0,Normal,False,0.9995261430740356,0.004617676604539156,AUTO_ACCEPT,Production-enabled class meets the frozen confidence and probability-margin requirements.,True,0.9441788792610168,0.1,0.0002935818338301033,0.9992325612402055,True,0.7762330770492554,Normal,0.9995261430740356,Scratch,0.0002935818338301033,Edge-Loc,8.258214074885473e-05,0.009227203008776996,0.9995261430740356,3.773148637264967e-05,9.000654388469087e-11,8.258214074885473e-05,3.3035751130228164e-06,5.662287003360689e-05,1.406876676789126e-12,6.572570959706425e-11,0.0002935818338301033,48,48,1791,86,0.0480178671133445,"{'source_height': 48, 'source_width': 48, 'resized_height': 96, 'resized_width': 96, 'padding_top': 0, 'padding_bottom': 0, 'padding_left': 0, 'padding_right': 0, 'scale': 2.0}"
record_000765590:0,artifacts/input_files/record_000765590.npy,0,0,Normal,False,0.9998852014541626,0.001302061602473259,AUTO_ACCEPT,Production-enabled class meets the frozen confidence and probability-margin requirements.,True,0.9441788792610168,0.1,5.217809302848764e-05,0.9998330233611341,True,0.7762330770492554,Normal,0.9998852014541626,Scratch,5.217809302848764e-05,Edge-Loc,3.395817839191295e-05,0.009227203008776996,0.9998852014541626,1.683763366600033e-05,6.019780594140878e-12,3.395817839191295e-05,1.4189753301252495e-06,1.0380440471635666e-05,3.629218778798682e-13,8.54467972072337e-12,5.217809302848764e-05,48,48,1791,120,0.06700167504187604,"{'source_height': 48, 'source_width': 48, 'resized_height': 96, 'resized_width': 96, 'padding_top': 0, 'padding_bottom': 0, 'padding_left': 0, 'padding_right': 0, 'scale': 2.0}"
record_000765649:0,artifacts/input_files/record_000765649.npy,0,0,Normal,False,0.9972783923149109,0.020245686173439026,AUTO_ACCEPT,Production-enabled class meets the frozen confidence and probability-margin requirements.,True,0.9441788792610168,0.1,0.0023668729700148106,0.9949115193448961,True,0.7762330770492554,Normal,0.9972783923149109,Scratch,0.0023668729700148106,Center,0.00015066798368934542,0.009227203008776996,0.9972783923149109,0.00015066798368934542,7.351417252721149e-10,0.00010038767504738644,3.687430535137537e-06,9.998610039474443e-05,2.190872266591426e-12,1.958571499427464e-10,0.0023668729700148106,48,48,1791,105,0.05862646566164154,"{'source_height': 48, 'source_width': 48, 'resized_height': 96, 'resized_width': 96, 'padding_top': 0, 'padding_bottom': 0, 'padding_left': 0, 'padding_right': 0, 'scale': 2.0}"
record_000765669:0,artifacts/input_files/record_000765669.npy,0,0,Normal,False,0.9998592138290405,0.0015673801535740495,AUTO_ACCEPT,Production-enabled class meets the frozen confidence and probability-margin requirements.,True,0.9441788792610168,0.1,6.690259033348411e-05,0.999792311238707,True,0.7762330770492554,Normal,0.9998592138290405,Scratch,6.690259033348411e-05,Edge-Loc,3.262839527451433e-05,0.009227203008776996,0.9998592138290405,2.624216904223431e-05,8.706702026017865e-12,3.262839527451433e-05,6.661049951617315e-07,1.4364608432515524e-05,3.3103988300586806e-13,9.605325215766847e-12,6.690259033348411e-05,48,48,1791,107,0.059743160245672805,"{'source_height': 48, 'source_width': 48, 'resized_height': 96, 'resized_width': 96, 'padding_top': 0, 'padding_bottom': 0, 'padding_left': 0, 'padding_right': 0, 'scale': 2.0}"
record_000765720:0,artifacts/input_files/record_000765720.npy,0,0,Normal,False,0.9996190071105957,0.0037948451936244965,AUTO_ACCEPT,Production-enabled class meets the frozen confidence and probability-margin requirements.,True,0.9441788792610168,0.1,0.00022686600277666003,0.999392141107819,True,0.7762330770492554,Normal,0.9996190071105957,Scratch,0.00022686600277666003,Center,8.389305003220215e-05,0.009227203008776996,0.9996190071105957,8.389305003220215e-05,4.2593571031313004e-11,3.085314165218733e-05,5.165740617485426e-07,3.888919309247285e-05,3.6805985776516836e-13,2.0740836131905027e-11,0.00022686600277666003,48,48,1791,84,0.04690117252931323,"{'source_height': 48, 'source_width': 48, 'resized_height': 96, 'resized_width': 96, 'padding_top': 0, 'padding_bottom': 0, 'padding_left': 0, 'padding_right': 0, 'scale': 2.0}"
record_000765816:0,artifacts/input_files/record_000765816.npy,0,0,Normal,False,0.9997592568397522,0.002534293569624424,AUTO_ACCEPT,Production-enabled class meets the frozen confidence and probability-margin requirements.,True,0.9441788792610168,0.1,0.0001305285404669121,0.9996287282992853,True,0.7762330770492554,Normal,0.9997592568397522,Scratch,0.0001305285404669121,Edge-Loc,5.348539707483724e-05,0.009227203008776996,0.9997592568397522,3.0884322768542916e-05,2.0520267776658052e-11,5.348539707483724e-05,1.4523828895107727e-06,2.4466342438245192e-05,5.924493751488513e-13,1.98318757249627e-11,0.0001305285404669121,48,48,1791,111,0.06197654941373534,"{'source_height': 48, 'source_width': 48, 'resized_height': 96, 'resized_width': 96, 'padding_top': 0, 'padding_bottom': 0, 'padding_left': 0, 'padding_right': 0, 'scale': 2.0}"
record_000766040:0,artifacts/input_files/record_000766040.npy,0,0,Normal,False,0.9963865280151367,0.028061281889677048,AUTO_ACCEPT,Production-enabled class meets the frozen confidence and probability-margin requirements.,True,0.9441788792610168,0.1,0.0017680954188108444,0.9946184325963259,True,0.7762330770492554,Normal,0.9963865280151367,Scratch,0.0017680954188108444,Loc,0.0009011264191940427,0.009227203008776996,0.9963865280151367,7.419005123665556e-05,4.581949930582141e-09,0.0008508305181749165,1.929477002704516e-05,0.0009011264191940427,3.153731789606873e-11,2.9130033940560907e-09,0.0017680954188108444,44,41,1376,122,0.08866279069767442,"{'source_height': 44, 'source_width': 41, 'resized_height': 96, 'resized_width': 89, 'padding_top': 0, 'padding_bottom': 0, 'padding_left': 3, 'padding_right': 4, 'scale': 2.1818181818181817}"
record_000766046:0,artifacts/input_files/record_000766046.npy,0,0,Normal,False,0.9998761415481567,0.0013556400081142783,AUTO_ACCEPT,Production-enabled class meets the frozen confidence and probability-margin requirements.,True,0.9441788792610168,0.1,8.321444329340011e-05,0.9997929271048633,True,0.7762330770492554,Normal,0.9998761415481567,Edge-Loc,8.321444329340011e-05,Scratch,2.6916226488538086e-05,0.009227203008776996,0.9998761415481567,4.1056537156691775e-06,2.2593875555199094e-12,8.321444329340011e-05,2.27564737542707e-06,7.299872322619194e-06,6.866575992699187e-13,8.203574972109884e-12,2.6916226488538086e-05,44,41,1376,96,0.06976744186046512,"{'source_height': 44, 'source_width': 41, 'resized_height': 96, 'resized_width': 89, 'padding_top': 0, 'padding_bottom': 0, 'padding_left': 3, 'padding_right': 4, 'scale': 2.1818181818181817}"
record_000766081:0,artifacts/input_files/record_000766081.npy,0,0,Normal,False,0.999903678894043,0.0011136143002659082,AUTO_ACCEPT,Production-enabled class meets the frozen confidence and probability-margin requirements.,True,0.9441788792610168,0.1,3.997709063696675e-05,0.999863701803406,True,0.7762330770492554,Normal,0.999903678894043,Scratch,3.997709063696675e-05,Edge-Loc,3.0280794817372225e-05,0.009227203008776996,0.999903678894043,1.3322857739694882e-05,1.2419676398423007e-11,3.0280794817372225e-05,1.2092776842109743e-06,1.1551896022865549e-05,7.393088420105942e-13,1.3722518781011939e-11,3.997709063696675e-05,44,41,1376,91,0.06613372093023256,"{'source_height': 44, 'source_width': 41, 'resized_height': 96, 'resized_width': 89, 'padding_top': 0, 'padding_bottom': 0, 'padding_left': 3, 'padding_right': 4, 'scale': 2.1818181818181817}"
record_000766091:0,artifacts/input_files/record_000766091.npy,0,0,Normal,False,0.999868631362915,0.0014511020854115486,AUTO_ACCEPT,Production-enabled class meets the frozen confidence and probability-margin requirements.,True,0.9441788792610168,0.1,7.199880201369524e-05,0.9997966325609013,True,0.7762330770492554,Normal,0.999868631362915,Edge-Loc,7.199880201369524e-05,Scratch,4.002703644800931e-05,0.009227203008776996,0.999868631362915,4.489868842938449e-06,1.239318803830658e-11,7.199880201369524e-05,3.521927737892838e-06,1.124396385421278e-05,1.5969075020660917e-12,2.4827362388180063e-11,4.002703644800931e-05,44,41,1376,119,0.08648255813953488,"{'source_height': 44, 'source_width': 41, 'resized_height': 96, 'resized_width': 89, 'padding_top': 0, 'padding_bottom': 0, 'padding_left': 3, 'padding_right': 4, 'scale': 2.1818181818181817}"
record_000766149:0,artifacts/input_files/record_000766149.npy,0,0,Normal,False,0.9998821020126343,0.0013124817050993443,AUTO_ACCEPT,Production-enabled class meets the frozen confidence and probability-margin requirements.,True,0.9441788792610168,0.1,6.646462134085596e-05,0.9998156373912934,True,0.7762330770492554,Normal,0.9998821020126343,Edge-Loc,6.646462134085596e-05,Scratch,3.6051857023267075e-05,0.009227203008776996,0.9998821020126343,3.762005917451461e-06,4.9262959163354214e-12,6.646462134085596e-05,2.4282412596221548e-06,9.330183274869341e-06,7.481401565964663e-13,1.1643833466856712e-11,3.6051857023267075e-05,44,41,1376,108,0.07848837209302326,"{'source_height': 44, 'source_width': 41, 'resized_height': 96, 'resized_width': 89, 'padding_top': 0, 'padding_bottom': 0, 'padding_left': 3, 'padding_right': 4, 'scale': 2.1818181818181817}"
record_000766422:0,artifacts/input_files/record_000766422.npy,0,0,Normal,False,0.9998036026954651,0.002125851809978485,AUTO_ACCEPT,Production-enabled class meets the frozen confidence and probability-margin requirements.,True,0.9441788792610168,0.1,8.61541775520891e-05,0.999717448517913,True,0.7762330770492554,Normal,0.9998036026954651,Edge-Loc,8.61541775520891e-05,Scratch,5.9976111515425146e-05,0.009227203008776996,0.9998036026954651,2.3369726477540098e-05,4.658878144381262e-11,8.61541775520891e-05,2.3311063159781042e-06,2.4551925889682025e-05,1.9186659639541803e-12,4.9565698767572997e-11,5.9976111515425146e-05,44,41,1376,144,0.10465116279069768,"{'source_height': 44, 'source_width': 41, 'resized_height': 96, 'resized_width': 89, 'padding_top': 0, 'padding_bottom': 0, 'padding_left': 3, 'padding_right': 4, 'scale': 2.1818181818181817}"
record_000766430:0,artifacts/input_files/record_000766430.npy,0,0,Normal,False,0.9918143153190613,0.053179480135440826,AUTO_ACCEPT,Production-enabled class meets the frozen confidence and probability-margin requirements.,True,0.9441788792610168,0.1,0.006642666179686785,0.9851716491393745,True,0.7762330770492554,Normal,0.9918143153190613,Edge-Loc,0.006642666179686785,Scratch,0.0007046204409562051,0.009227203008776996,0.9918143153190613,0.00023341078485827893,1.3083153449500173e-09,0.006642666179686785,4.941883889841847e-05,0.0005554253584705293,7.536891111215027e-10,5.14422726638486e-09,0.0007046204409562051,44,41,1376,110,0.07994186046511628,"{'source_height': 44, 'source_width': 41, 'resized_height': 96, 'resized_width': 89, 'padding_top': 0, 'padding_bottom': 0, 'padding_left': 3, 'padding_right': 4, 'scale': 2.1818181818181817}"
record_000766527:0,artifacts/input_files/record_000766527.npy,0,0,Normal,False,0.9995853304862976,0.004131041467189789,AUTO_ACCEPT,Production-enabled class meets the frozen confidence and probability-margin requirements.,True,0.9441788792610168,0.1,0.0002037602534983307,0.9993815702327993,True,0.7762330770492554,Normal,0.9995853304862976,Edge-Loc,0.0002037602534983307,Scratch,0.0001244936720468104,0.009227203008776996,0.9995853304862976,1.2597227396327071e-05,1.0108770071015627e-10,0.0002037602534983307,5.8701725720311515e-06,6.800781557103619e-05,6.02372925845307e-12,1.4960838123911913e-10,0.0001244936720468104,44,41,1376,113,0.08212209302325581,"{'source_height': 44, 'source_width': 41, 'resized_height': 96, 'resized_width': 89, 'padding_top': 0, 'padding_bottom': 0, 'padding_left': 3, 'padding_right': 4, 'scale': 2.1818181818181817}"
record_000766898:0,artifacts/input_files/record_000766898.npy,0,0,Normal,False,0.9995678067207336,0.004290404729545116,AUTO_ACCEPT,Production-enabled class meets the frozen confidence and probability-margin requirements.,True,0.9441788792610168,0.1,0.00023217295529320836,0.9993356337654404,True,0.7762330770492554,Normal,0.9995678067207336,Edge-Loc,0.00023217295529320836,Scratch,0.00011638839350780472,0.009227203008776996,0.9995678067207336,2.2371261366060935e-05,1.6589880857953432e-10,0.00023217295529320836,1.0140791346202604e-05,5.110455822432414e-05,2.664045720135455e-11,3.1962771318561067e-10,0.00011638839350780472,44,41,1376,120,0.0872093023255814,"{'source_height': 44, 'source_width': 41, 'resized_height': 96, 'resized_width': 89, 'padding_top': 0, 'padding_bottom': 0, 'padding_left': 3, 'padding_right': 4, 'scale': 2.1818181818181817}"
record_000766902:0,artifacts/input_files/record_000766902.npy,0,0,Normal,False,0.9993089437484741,0.006516392808407545,AUTO_ACCEPT,Production-enabled class meets the frozen confidence and probability-margin requirements.,True,0.9441788792610168,0.1,0.00034559803316369653,0.9989633457153104,True,0.7762330770492554,Normal,0.9993089437484741,Edge-Loc,0.00034559803316369653,Scratch,0.00021271816513035446,0.009227203008776996,0.9993089437484741,1.776898898242507e-05,1.8022687509056112e-10,0.00034559803316369653,1.0573982763162348e-05,0.00010438166646054015,1.1332319631296439e-11,2.9069827101046997e-10,0.00021271816513035446,44,41,1376,113,0.08212209302325581,"{'source_height': 44, 'source_width': 41, 'resized_height': 96, 'resized_width': 89, 'padding_top': 0, 'padding_bottom': 0, 'padding_left': 3, 'padding_right': 4, 'scale': 2.1818181818181817}"
record_000766916:0,artifacts/input_files/record_000766916.npy,0,0,Normal,False,0.9998500347137451,0.0016490200068801641,AUTO_ACCEPT,Production-enabled class meets the frozen confidence and probability-margin requirements.,True,0.9441788792610168,0.1,7.52887426642701e-05,0.9997747459710808,True,0.7762330770492554,Normal,0.9998500347137451,Edge-Loc,7.52887426642701e-05,Scratch,4.7466353862546384e-05,0.009227203008776996,0.9998500347137451,9.586304258846212e-06,1.6700451785367498e-11,7.52887426642701e-05,2.80017980003322e-06,1.4853960237815045e-05,2.453100006113984e-12,3.3077398459147034e-11,4.7466353862546384e-05,44,41,1376,117,0.08502906976744186,"{'source_height': 44, 'source_width': 41, 'resized_height': 96, 'resized_width': 89, 'padding_top': 0, 'padding_bottom': 0, 'padding_left': 3, 'padding_right': 4, 'scale': 2.1818181818181817}"
record_000766939:0,artifacts/input_files/record_000766939.npy,0,0,Normal,False,0.9998012185096741,0.0021210927516222,AUTO_ACCEPT,Production-enabled class meets the frozen confidence and probability-margin requirements.,True,0.9441788792610168,0.1,9.981396578950807e-05,0.9997014045438846,True,0.7762330770492554,Normal,0.9998012185096741,Edge-Loc,9.981396578950807e-05,Scratch,6.825181480962783e-05,0.009227203008776996,0.9998012185096741,9.214355486619752e-06,2.700689671897294e-11,9.981396578950807e-05,3.7325951325328788e-06,1.7797419786802493e-05,4.106034089124133e-12,5.671146538488436e-11,6.825181480962783e-05,44,41,1376,93,0.06758720930232558,"{'source_height': 44, 'source_width': 41, 'resized_height': 96, 'resized_width': 89, 'padding_top': 0, 'padding_bottom': 0, 'padding_left': 3, 'padding_right': 4, 'scale': 2.1818181818181817}"
record_000767052:0,artifacts/input_files/record_000767052.npy,0,0,Normal,False,0.9999186992645264,0.0009390492341481149,AUTO_ACCEPT,Production-enabled class meets the frozen confidence and probability-margin requirements.,True,0.9441788792610168,0.1,4.410528708831407e-05,0.999874593977438,True,0.7762330770492554,Normal,0.9999186992645264,Edge-Loc,4.410528708831407e-05,Scratch,2.3923370463307947e-05,0.009227203008776996,0.9999186992645264,5.990506451780675e-06,2.5907776358274903e-12,4.410528708831407e-05,1.5303007785405498e-06,5.6554076763859484e-06,4.99409975179832e-13,6.740890397954891e-12,2.3923370463307947e-05,44,41,1376,106,0.07703488372093023,"{'source_height': 44, 'source_width': 41, 'resized_height': 96, 'resized_width': 89, 'padding_top': 0, 'padding_bottom': 0, 'padding_left': 3, 'padding_right': 4, 'scale': 2.1818181818181817}"
record_000767064:0,artifacts/input_files/record_000767064.npy,0,0,Normal,False,0.9998711347579956,0.0014297504676505923,AUTO_ACCEPT,Production-enabled class meets the frozen confidence and probability-margin requirements.,True,0.9441788792610168,0.1,6.850518548162654e-05,0.999802629572514,True,0.7762330770492554,Normal,0.9998711347579956,Edge-Loc,6.850518548162654e-05,Scratch,4.046067260787822e-05,0.009227203008776996,0.9998711347579956,6.008014224789804e-06,9.888144990310987e-12,6.850518548162654e-05,2.6406955839775037e-06,1.1289667781966273e-05,1.6908008196661606e-12,2.2577446856519856e-11,4.046067260787822e-05,44,41,1376,99,0.07194767441860465,"{'source_height': 44, 'source_width': 41, 'resized_height': 96, 'resized_width': 89, 'padding_top': 0, 'padding_bottom': 0, 'padding_left': 3, 'padding_right': 4, 'scale': 2.1818181818181817}"
record_000767070:0,artifacts/input_files/record_000767070.npy,0,0,Normal,False,0.9999077320098877,0.0010487802792340517,AUTO_ACCEPT,Production-enabled class meets the frozen confidence and probability-margin requirements.,True,0.9441788792610168,0.1,5.2215360483387485e-05,0.9998555166494043,True,0.7762330770492554,Normal,0.9999077320098877,Edge-Loc,5.2215360483387485e-05,Scratch,2.7739066354115494e-05,0.009227203008776996,0.9999077320098877,3.404316885280423e-06,3.3543224621512824e-12,5.2215360483387485e-05,2.2115141291578766e-06,6.620242857025005e-06,5.363594767979207e-13,8.460863086534598e-12,2.7739066354115494e-05,44,41,1376,121,0.08793604651162791,"{'source_height': 44, 'source_width': 41, 'resized_height': 96, 'resized_width': 89, 'padding_top': 0, 'padding_bottom': 0, 'padding_left': 3, 'padding_right': 4, 'scale': 2.1818181818181817}"
record_000767153:0,artifacts/input_files/record_000767153.npy,0,0,Normal,False,0.9998825788497925,0.0013039126060903072,AUTO_ACCEPT,Production-enabled class meets the frozen confidence and probability-margin requirements.,True,0.9441788792610168,0.1,6.933418626431376e-05,0.9998132446635282,True,0.7762330770492554,Normal,0.9998825788497925,Edge-Loc,6.933418626431376e-05,Scratch,3.3490559872007e-05,0.009227203008776996,0.9998825788497925,3.6059038848179625e-06,3.7520073853380964e-12,6.933418626431376e-05,3.444490857873461e-06,7.5365433076513e-06,6.401320988037862e-13,9.990839752727076e-12,3.3490559872007e-05,44,41,1376,117,0.08502906976744186,"{'source_height': 44, 'source_width': 41, 'resized_height': 96, 'resized_width': 89, 'padding_top': 0, 'padding_bottom': 0, 'padding_left': 3, 'padding_right': 4, 'scale': 2.1818181818181817}"
record_000767166:0,artifacts/input_files/record_000767166.npy,0,0,Normal,False,0.9996247291564941,0.0038409424014389515,AUTO_ACCEPT,Production-enabled class meets the frozen confidence and probability-margin requirements.,True,0.9441788792610168,0.1,0.00012815963418688625,0.9994965695223073,True,0.7762330770492554,Normal,0.9996247291564941,Scratch,0.00012815963418688625,Edge-Loc,0.00012236121983733028,0.009227203008776996,0.9996247291564941,7.482824003091082e-05,1.4748448295964778e-10,0.00012236121983733028,2.4495698198734317e-06,4.7438647015951574e-05,1.5033823144716685e-11,2.0639387421361732e-10,0.00012815963418688625,44,41,1376,73,0.053052325581395346,"{'source_height': 44, 'source_width': 41, 'resized_height': 96, 'resized_width': 89, 'padding_top': 0, 'padding_bottom': 0, 'padding_left': 3, 'padding_right': 4, 'scale': 2.1818181818181817}"
record_000767555:0,artifacts/input_files/record_000767555.npy,0,0,Normal,False,0.9996912479400635,0.003183570224791765,AUTO_ACCEPT,Production-enabled class meets the frozen confidence and probability-margin requirements.,True,0.9441788792610168,0.1,0.00012497082934714854,0.9995662771107163,True,0.7762330770492554,Normal,0.9996912479400635,Scratch,0.00012497082934714854,Edge-Loc,0.00012095144484192133,0.009227203008776996,0.9996912479400635,2.4140785171766765e-05,7.099729137927113e-11,0.00012095144484192133,3.1570625651511364e-06,3.55349802703131e-05,6.1418634934862215e-12,1.1737130711786392e-10,0.00012497082934714854,44,41,1376,81,0.05886627906976744,"{'source_height': 44, 'source_width': 41, 'resized_height': 96, 'resized_width': 89, 'padding_top': 0, 'padding_bottom': 0, 'padding_left': 3, 'padding_right': 4, 'scale': 2.1818181818181817}"
record_000767630:0,artifacts/input_files/record_000767630.npy,0,0,Normal,False,0.9754477739334106,0.13583074510097504,AUTO_ACCEPT,Production-enabled class meets the frozen confidence and probability-margin requirements.,True,0.9441788792610168,0.1,0.017090458422899246,0.9583573155105114,True,0.7762330770492554,Normal,0.9754477739334106,Edge-Loc,0.017090458422899246,Loc,0.004862532485276461,0.009227203008776996,0.9754477739334106,6.17424157098867e-05,3.987599139776421e-09,0.017090458422899246,8.547677134629339e-05,0.004862532485276461,3.114601632159264e-10,1.3957031974598522e-08,0.0024520938750356436,44,41,1376,126,0.09156976744186046,"{'source_height': 44, 'source_width': 41, 'resized_height': 96, 'resized_width': 89, 'padding_top': 0, 'padding_bottom': 0, 'padding_left': 3, 'padding_right': 4, 'scale': 2.1818181818181817}"
record_000768249:0,artifacts/input_files/record_000768249.npy,0,0,Normal,False,0.9984287619590759,0.013784307986497879,AUTO_ACCEPT,Production-enabled class meets the frozen confidence and probability-margin requirements.,True,0.9441788792610168,0.1,0.0006920878659002483,0.9977366740931757,True,0.7762330770492554,Normal,0.9984287619590759,Scratch,0.0006920878659002483,Edge-Loc,0.0002995421818923205,0.009227203008776996,0.9984287619590759,0.0002954851370304823,2.075923433153548e-09,0.0002995421818923205,5.468796643981477e-06,0.0002786421973723918,3.2035766400762e-11,1.094907609022755e-09,0.0006920878659002483,44,41,1376,107,0.07776162790697674,"{'source_height': 44, 'source_width': 41, 'resized_height': 96, 'resized_width': 89, 'padding_top': 0, 'padding_bottom': 0, 'padding_left': 3, 'padding_right': 4, 'scale': 2.1818181818181817}"
record_000768254:0,artifacts/input_files/record_000768254.npy,0,0,Normal,False,0.9996154308319092,0.003904343582689762,AUTO_ACCEPT,Production-enabled class meets the frozen confidence and probability-margin requirements.,True,0.9441788792610168,0.1,0.0001439085026504472,0.9994715223292587,True,0.7762330770492554,Normal,0.9996154308319092,Edge-Loc,0.0001439085026504472,Scratch,0.00014214568363968283,0.009227203008776996,0.9996154308319092,3.560127515811473e-05,1.4597272002259132e-10,0.0001439085026504472,3.9113315324357245e-06,5.8959478337783366e-05,1.3305366357296844e-11,2.309351737617149e-10,0.00014214568363968283,44,41,1376,69,0.0501453488372093,"{'source_height': 44, 'source_width': 41, 'resized_height': 96, 'resized_width': 89, 'padding_top': 0, 'padding_bottom': 0, 'padding_left': 3, 'padding_right': 4, 'scale': 2.1818181818181817}"
record_000769068:0,artifacts/input_files/record_000769068.npy,0,0,Normal,False,0.9993791580200195,0.005997729487717152,AUTO_ACCEPT,Production-enabled class meets the frozen confidence and probability-margin requirements.,True,0.9441788792610168,0.1,0.000245251867454499,0.999133906152565,True,0.7762330770492554,Normal,0.9993791580200195,Scratch,0.000245251867454499,Edge-Loc,0.00022090302081778646,0.009227203008776996,0.9993791580200195,4.827761949854903e-05,3.8151254377893906e-10,0.00022090302081778646,6.962449788261438e-06,9.941431926563382e-05,2.58132838021341e-11,5.32090649318917e-10,0.000245251867454499,44,41,1376,66,0.04796511627906977,"{'source_height': 44, 'source_width': 41, 'resized_height': 96, 'resized_width': 89, 'padding_top': 0, 'padding_bottom': 0, 'padding_left': 3, 'padding_right': 4, 'scale': 2.1818181818181817}"
record_000769069:0,artifacts/input_files/record_000769069.npy,0,0,Normal,False,0.9985361099243164,0.012690684758126736,AUTO_ACCEPT,Production-enabled class meets the frozen confidence and probability-margin requirements.,True,0.9441788792610168,0.1,0.0007301221485249698,0.9978059877757914,True,0.7762330770492554,Normal,0.9985361099243164,Edge-Loc,0.0007301221485249698,Scratch,0.00043792810174636543,0.009227203008776996,0.9985361099243164,3.4798180422512814e-05,5.529285918015603e-10,0.0007301221485249698,1.496896493335953e-05,0.00024601881159469485,3.3071254068595124e-11,9.82020131878869e-10,0.00043792810174636543,44,41,1376,111,0.0806686046511628,"{'source_height': 44, 'source_width': 41, 'resized_height': 96, 'resized_width': 89, 'padding_top': 0, 'padding_bottom': 0, 'padding_left': 3, 'padding_right': 4, 'scale': 2.1818181818181817}"
record_000769091:0,artifacts/input_files/record_000769091.npy,0,0,Normal,False,0.8672723174095154,0.5142574310302734,ENGINEER_REVIEW,Class is review-only or confidence does not meet its production auto-accept threshold.,True,0.9441788792610168,0.1,0.0920240730047226,0.7752482444047928,True,0.7762330770492554,Normal,0.8672723174095154,Loc,0.0920240730047226,Scratch,0.02069901116192341,0.009227203008776996,0.8672723174095154,0.013567093759775162,1.2562170468299882e-06,0.00641980767250061,1.6022861018427648e-05,0.0920240730047226,3.027924577736485e-09,4.159523143698607e-07,0.02069901116192341,44,41,1376,88,0.06395348837209303,"{'source_height': 44, 'source_width': 41, 'resized_height': 96, 'resized_width': 89, 'padding_top': 0, 'padding_bottom': 0, 'padding_left': 3, 'padding_right': 4, 'scale': 2.1818181818181817}"
record_000769429:0,artifacts/input_files/record_000769429.npy,0,0,Normal,False,0.9998416900634766,0.0017347823595628142,AUTO_ACCEPT,Production-enabled class meets the frozen confidence and probability-margin requirements.,True,0.9441788792610168,0.1,6.601399945793673e-05,0.9997756760640186,True,0.7762330770492554,Normal,0.9998416900634766,Edge-Loc,6.601399945793673e-05,Scratch,6.245563417905942e-05,0.009227203008776996,0.9998416900634766,9.31854810914956e-06,1.781221177499237e-11,6.601399945793673e-05,1.9425642676651478e-06,1.863369470811449e-05,1.4517641646130675e-12,2.9985805505283736e-11,6.245563417905942e-05,44,41,1376,93,0.06758720930232558,"{'source_height': 44, 'source_width': 41, 'resized_height': 96, 'resized_width': 89, 'padding_top': 0, 'padding_bottom': 0, 'padding_left': 3, 'padding_right': 4, 'scale': 2.1818181818181817}"
record_000769434:0,artifacts/input_files/record_000769434.npy,0,0,Normal,False,0.9998998641967773,0.0011393792228773236,AUTO_ACCEPT,Production-enabled class meets the frozen confidence and probability-margin requirements.,True,0.9441788792610168,0.1,4.696215910371393e-05,0.9998529020376736,True,0.7762330770492554,Normal,0.9998998641967773,Edge-Loc,4.696215910371393e-05,Scratch,3.571531124180183e-05,0.009227203008776996,0.9998998641967773,4.935925971949473e-06,6.0651973894654265e-12,4.696215910371393e-05,1.340827679996437e-06,1.113986309064785e-05,6.151032374418497e-13,1.0997117279309965e-11,3.571531124180183e-05,44,41,1376,91,0.06613372093023256,"{'source_height': 44, 'source_width': 41, 'resized_height': 96, 'resized_width': 89, 'padding_top': 0, 'padding_bottom': 0, 'padding_left': 3, 'padding_right': 4, 'scale': 2.1818181818181817}"
record_000769439:0,artifacts/input_files/record_000769439.npy,0,0,Normal,False,0.4637911915779114,1.2159039974212646,ABSTAIN,Confidence is below the frozen abstain threshold.,True,0.9441788792610168,0.1,0.25549617409706116,0.20829501748085022,True,0.7762330770492554,Normal,0.4637911915779114,Loc,0.25549617409706116,Edge-Loc,0.2258966714143753,0.009227203008776996,0.4637911915779114,0.0008944942383095622,2.034469616774004e-05,0.2258966714143753,0.002555801998823881,0.25549617409706116,1.4614511201216374e-06,8.669139788253233e-05,0.05125712975859642,44,41,1376,168,0.12209302325581395,"{'source_height': 44, 'source_width': 41, 'resized_height': 96, 'resized_width': 89, 'padding_top': 0, 'padding_bottom': 0, 'padding_left': 3, 'padding_right': 4, 'scale': 2.1818181818181817}"
record_000769685:0,artifacts/input_files/record_000769685.npy,0,0,Normal,False,0.9992581009864807,0.00689610093832016,AUTO_ACCEPT,Production-enabled class meets the frozen confidence and probability-margin requirements.,True,0.9441788792610168,0.1,0.00041800146573223174,0.9988400995207485,True,0.7762330770492554,Normal,0.9992581009864807,Edge-Loc,0.00041800146573223174,Scratch,0.00021646970708388835,0.009227203008776996,0.9992581009864807,3.0810544558335096e-05,1.1887218986927905e-10,0.00041800146573223174,9.860836144071072e-06,6.678888894384727e-05,2.3018507239180863e-11,3.095649292461644e-10,0.00021646970708388835,44,41,1376,87,0.06322674418604651,"{'source_height': 44, 'source_width': 41, 'resized_height': 96, 'resized_width': 89, 'padding_top': 0, 'padding_bottom': 0, 'padding_left': 3, 'padding_right': 4, 'scale': 2.1818181818181817}"
record_000769990:0,artifacts/input_files/record_000769990.npy,0,0,Normal,False,0.9996917247772217,0.0031942641362547874,AUTO_ACCEPT,Production-enabled class meets the frozen confidence and probability-margin requirements.,True,0.9441788792610168,0.1,0.00013180510723032057,0.9995599196699914,True,0.7762330770492554,Normal,0.9996917247772217,Scratch,0.00013180510723032057,Edge-Loc,9.685388795332983e-05,0.009227203008776996,0.9996917247772217,2.9342119887587614e-05,8.636959203389694e-11,9.685388795332983e-05,2.385869493082282e-06,4.787305078934878e-05,4.842084198874996e-12,1.1154991513828705e-10,0.00013180510723032057,44,41,1376,71,0.05159883720930233,"{'source_height': 44, 'source_width': 41, 'resized_height': 96, 'resized_width': 89, 'padding_top': 0, 'padding_bottom': 0, 'padding_left': 3, 'padding_right': 4, 'scale': 2.1818181818181817}"
record_000769991:0,artifacts/input_files/record_000769991.npy,0,0,Normal,False,0.9994291663169861,0.005592011846601963,AUTO_ACCEPT,Production-enabled class meets the frozen confidence and probability-margin requirements.,True,0.9441788792610168,0.1,0.0002126670879079029,0.9992164992290782,True,0.7762330770492554,Normal,0.9994291663169861,Edge-Loc,0.0002126670879079029,Scratch,0.0001937900233315304,0.009227203008776996,0.9994291663169861,7.994349289219826e-05,3.358102684813957e-10,0.0002126670879079029,5.944440999883227e-06,7.833992276573554e-05,4.504550898953852e-11,6.411169373166103e-10,0.0001937900233315304,44,41,1376,70,0.050872093023255814,"{'source_height': 44, 'source_width': 41, 'resized_height': 96, 'resized_width': 89, 'padding_top': 0, 'padding_bottom': 0, 'padding_left': 3, 'padding_right': 4, 'scale': 2.1818181818181817}"
record_000770051:0,artifacts/input_files/record_000770051.npy,0,0,Normal,False,0.9995070695877075,0.004899792373180389,AUTO_ACCEPT,Production-enabled class meets the frozen confidence and probability-margin requirements.,True,0.9441788792610168,0.1,0.0001934535539476201,0.9993136160337599,True,0.7762330770492554,Normal,0.9995070695877075,Scratch,0.0001934535539476201,Edge-Loc,0.00015513978723902255,0.009227203008776996,0.9995070695877075,6.512847903650254e-05,2.954405609045807e-10,0.00015513978723902255,4.195290784991812e-06,7.50013132346794e-05,1.9360492375941618e-11,3.3944475008595987e-10,0.0001934535539476201,44,41,1376,75,0.05450581395348837,"{'source_height': 44, 'source_width': 41, 'resized_height': 96, 'resized_width': 89, 'padding_top': 0, 'padding_bottom': 0, 'padding_left': 3, 'padding_right': 4, 'scale': 2.1818181818181817}"
record_000770057:0,artifacts/input_files/record_000770057.npy,0,0,Normal,False,0.9995483756065369,0.004467332735657692,AUTO_ACCEPT,Production-enabled class meets the frozen confidence and probability-margin requirements.,True,0.9441788792610168,0.1,0.00024101442249957472,0.9993073611840373,True,0.7762330770492554,Normal,0.9995483756065369,Edge-Loc,0.00024101442249957472,Scratch,0.00011993217776762322,0.009227203008776996,0.9995483756065369,4.535359767032787e-05,7.914417038401567e-11,0.00024101442249957472,6.97501400281908e-06,3.822001599473879e-05,2.0676885550963142e-11,2.2454149650741329e-10,0.00011993217776762322,44,41,1376,83,0.06031976744186047,"{'source_height': 44, 'source_width': 41, 'resized_height': 96, 'resized_width': 89, 'padding_top': 0, 'padding_bottom': 0, 'padding_left': 3, 'padding_right': 4, 'scale': 2.1818181818181817}"
record_000770087:0,artifacts/input_files/record_000770087.npy,0,3,Edge-Loc,True,0.6938620805740356,0.677873969078064,ABSTAIN,Confidence is below the frozen abstain threshold.,False,,,0.2946186363697052,0.39924344420433044,True,0.7762330770492554,Edge-Loc,0.6938620805740356,Normal,0.2946186363697052,Loc,0.005066415760666132,0.009227203008776996,0.2946186363697052,9.620007767807692e-05,3.340892007486218e-08,0.6938620805740356,0.003310510190203786,0.005066415760666132,4.140999294577341e-07,9.90003513834381e-07,0.0030447517056018114,44,41,1376,98,0.07122093023255814,"{'source_height': 44, 'source_width': 41, 'resized_height': 96, 'resized_width': 89, 'padding_top': 0, 'padding_bottom': 0, 'padding_left': 3, 'padding_right': 4, 'scale': 2.1818181818181817}"
record_000770105:0,artifacts/input_files/record_000770105.npy,0,0,Normal,False,0.9998990297317505,0.0011496379738673568,AUTO_ACCEPT,Production-enabled class meets the frozen confidence and probability-margin requirements.,True,0.9441788792610168,0.1,5.1396269554970786e-05,0.9998476334621955,True,0.7762330770492554,Normal,0.9998990297317505,Edge-Loc,5.1396269554970786e-05,Scratch,3.167317481711507e-05,0.009227203008776996,0.9998990297317505,6.8160229602654e-06,7.817597263981568e-12,5.1396269554970786e-05,1.927243374666432e-06,9.1827796495636e-06,1.455235346288497e-12,1.775773625367627e-11,3.167317481711507e-05,44,41,1376,89,0.06468023255813954,"{'source_height': 44, 'source_width': 41, 'resized_height': 96, 'resized_width': 89, 'padding_top': 0, 'padding_bottom': 0, 'padding_left': 3, 'padding_right': 4, 'scale': 2.1818181818181817}"
record_000770489:0,artifacts/input_files/record_000770489.npy,0,0,Normal,False,0.9996752738952637,0.0033101006411015987,AUTO_ACCEPT,Production-enabled class meets the frozen confidence and probability-margin requirements.,True,0.9441788792610168,0.1,0.00015547918155789375,0.9995197947137058,True,0.7762330770492554,Normal,0.9996752738952637,Edge-Loc,0.00015547918155789375,Scratch,0.00011735928273992613,0.009227203008776996,0.9996752738952637,1.1615598850767128e-05,5.6802073461481584e-11,0.00015547918155789375,8.463279300485738e-06,3.1771349313203245e-05,6.308543097632846e-12,1.1104349384449819e-10,0.00011735928273992613,44,41,1376,109,0.07921511627906977,"{'source_height': 44, 'source_width': 41, 'resized_height': 96, 'resized_width': 89, 'padding_top': 0, 'padding_bottom': 0, 'padding_left': 3, 'padding_right': 4, 'scale': 2.1818181818181817}"
record_000770539:0,artifacts/input_files/record_000770539.npy,0,0,Normal,False,0.9994155168533325,0.005383769050240517,AUTO_ACCEPT,Production-enabled class meets the frozen confidence and probability-margin requirements.,True,0.9441788792610168,0.1,0.00045484848669730127,0.9989606683666352,True,0.7762330770492554,Normal,0.9994155168533325,Edge-Loc,0.00045484848669730127,Scratch,7.364576595136896e-05,0.009227203008776996,0.9994155168533325,4.308361440052977e-06,1.3423057804162752e-11,0.00045484848669730127,3.1309391488321126e-05,2.0403973394422792e-05,6.8736604949548585e-12,7.777733318503621e-11,7.364576595136896e-05,44,41,1376,125,0.09084302325581395,"{'source_height': 44, 'source_width': 41, 'resized_height': 96, 'resized_width': 89, 'padding_top': 0, 'padding_bottom': 0, 'padding_left': 3, 'padding_right': 4, 'scale': 2.1818181818181817}"
record_000770547:0,artifacts/input_files/record_000770547.npy,0,0,Normal,False,0.8758233189582825,0.5067974328994751,ENGINEER_REVIEW,Class is review-only or confidence does not meet its production auto-accept threshold.,True,0.9441788792610168,0.1,0.06000151112675667,0.8158218078315258,True,0.7762330770492554,Normal,0.8758233189582825,Scratch,0.06000151112675667,Edge-Loc,0.040139682590961456,0.009227203008776996,0.8758233189582825,0.00020222070452291518,3.4596376963236253e-07,0.040139682590961456,0.0003955816791858524,0.023436905816197395,2.686955102859656e-09,3.551299414539244e-07,0.06000151112675667,44,41,1376,130,0.09447674418604651,"{'source_height': 44, 'source_width': 41, 'resized_height': 96, 'resized_width': 89, 'padding_top': 0, 'padding_bottom': 0, 'padding_left': 3, 'padding_right': 4, 'scale': 2.1818181818181817}"
record_000770778:0,artifacts/input_files/record_000770778.npy,0,0,Normal,False,0.9996980428695679,0.0031118527986109257,AUTO_ACCEPT,Production-enabled class meets the frozen confidence and probability-margin requirements.,True,0.9441788792610168,0.1,0.0001468674890929833,0.9995511753804749,True,0.7762330770492554,Normal,0.9996980428695679,Edge-Loc,0.0001468674890929833,Scratch,0.0001016776222968474,0.009227203008776996,0.9996980428695679,1.493878062319709e-05,6.200466529104887e-11,0.0001468674890929833,9.285825399274472e-06,2.9244250981719233e-05,9.161489275544277e-12,1.3165904477752122e-10,0.0001016776222968474,44,41,1376,88,0.06395348837209303,"{'source_height': 44, 'source_width': 41, 'resized_height': 96, 'resized_width': 89, 'padding_top': 0, 'padding_bottom': 0, 'padding_left': 3, 'padding_right': 4, 'scale': 2.1818181818181817}"
record_000770855:0,artifacts/input_files/record_000770855.npy,0,0,Normal,False,0.999721109867096,0.0029143947176635265,AUTO_ACCEPT,Production-enabled class meets the frozen confidence and probability-margin requirements.,True,0.9441788792610168,0.1,0.00011973129585385323,0.9996013785712421,True,0.7762330770492554,Normal,0.999721109867096,Scratch,0.00011973129585385323,Edge-Loc,9.292839240515605e-05,0.009227203008776996,0.999721109867096,2.7134821721119806e-05,8.205218449131024e-11,9.292839240515605e-05,2.7560593025555136e-06,3.628914782893844e-05,6.010407015838437e-12,1.1105514424736285e-10,0.00011973129585385323,44,41,1376,73,0.053052325581395346,"{'source_height': 44, 'source_width': 41, 'resized_height': 96, 'resized_width': 89, 'padding_top': 0, 'padding_bottom': 0, 'padding_left': 3, 'padding_right': 4, 'scale': 2.1818181818181817}"
record_000771591:0,artifacts/input_files/record_000771591.npy,0,0,Normal,False,0.9998440742492676,0.0017321850173175335,AUTO_ACCEPT,Production-enabled class meets the frozen confidence and probability-margin requirements.,True,0.9441788792610168,0.1,5.8419580454938114e-05,0.9997856546688126,True,0.7762330770492554,Normal,0.9998440742492676,Edge-Loc,5.8419580454938114e-05,Scratch,4.9221343942917883e-05,0.009227203008776996,0.9998440742492676,2.5774021196411923e-05,2.927477357750341e-11,5.8419580454938114e-05,1.5873742995609064e-06,2.0882214812445454e-05,1.91256494148917e-12,3.6949936166319475e-11,4.9221343942917883e-05,44,41,1376,113,0.08212209302325581,"{'source_height': 44, 'source_width': 41, 'resized_height': 96, 'resized_width': 89, 'padding_top': 0, 'padding_bottom': 0, 'padding_left': 3, 'padding_right': 4, 'scale': 2.1818181818181817}"
record_000771659:0,artifacts/input_files/record_000771659.npy,0,0,Normal,False,0.9987887740135193,0.01018550619482994,AUTO_ACCEPT,Production-enabled class meets the frozen confidence and probability-margin requirements.,True,0.9441788792610168,0.1,0.0009904237231239676,0.9977983502903953,True,0.7762330770492554,Normal,0.9987887740135193,Edge-Loc,0.0009904237231239676,Scratch,0.00011518572136992589,0.009227203008776996,0.9987887740135193,2.6568188332021236e-05,6.452360173936356e-11,0.0009904237231239676,2.989823406096548e-05,4.917951810057275e-05,7.41583600083473e-11,4.782074736198183e-10,0.00011518572136992589,44,41,1376,115,0.08357558139534883,"{'source_height': 44, 'source_width': 41, 'resized_height': 96, 'resized_width': 89, 'padding_top': 0, 'padding_bottom': 0, 'padding_left': 3, 'padding_right': 4, 'scale': 2.1818181818181817}"
record_000771675:0,artifacts/input_files/record_000771675.npy,0,0,Normal,False,0.9995495676994324,0.00450464803725481,AUTO_ACCEPT,Production-enabled class meets the frozen confidence and probability-margin requirements.,True,0.9441788792610168,0.1,0.0001836549781728536,0.9993659127212595,True,0.7762330770492554,Normal,0.9995495676994324,Scratch,0.0001836549781728536,Edge-Loc,0.00014775017916690558,0.009227203008776996,0.9995495676994324,4.495742541621439e-05,2.7079277709063376e-10,0.00014775017916690558,4.594604888552567e-06,6.942706386325881e-05,1.8520423042400758e-11,3.5884137328245913e-10,0.0001836549781728536,44,41,1376,74,0.05377906976744186,"{'source_height': 44, 'source_width': 41, 'resized_height': 96, 'resized_width': 89, 'padding_top': 0, 'padding_bottom': 0, 'padding_left': 3, 'padding_right': 4, 'scale': 2.1818181818181817}"
record_000771887:0,artifacts/input_files/record_000771887.npy,0,0,Normal,False,0.9986312985420227,0.011768017895519733,AUTO_ACCEPT,Production-enabled class meets the frozen confidence and probability-margin requirements.,True,0.9441788792610168,0.1,0.0007376805879175663,0.9978936179541051,True,0.7762330770492554,Normal,0.9986312985420227,Edge-Loc,0.0007376805879175663,Scratch,0.0005059441900812089,0.009227203008776996,0.9986312985420227,1.15084721983294e-05,1.8337584228866888e-10,0.0007376805879175663,4.9199301429325715e-05,6.440353172365576e-05,2.7101746194468923e-11,4.613771309447401e-10,0.0005059441900812089,44,41,1376,100,0.07267441860465117,"{'source_height': 44, 'source_width': 41, 'resized_height': 96, 'resized_width': 89, 'padding_top': 0, 'padding_bottom': 0, 'padding_left': 3, 'padding_right': 4, 'scale': 2.1818181818181817}"
record_000771979:0,artifacts/input_files/record_000771979.npy,0,0,Normal,False,0.9995508790016174,0.004496213048696518,AUTO_ACCEPT,Production-enabled class meets the frozen confidence and probability-margin requirements.,True,0.9441788792610168,0.1,0.0001831086992751807,0.9993677703023423,True,0.7762330770492554,Normal,0.9995508790016174,Center,0.0001831086992751807,Scratch,0.00011761916539398953,0.009227203008776996,0.9995508790016174,0.0001831086992751807,1.9120899308333605e-10,0.00010372413817094639,1.928793153638253e-06,4.277596963220276e-05,2.1291343688112363e-11,2.4403068454859067e-10,0.00011761916539398953,44,41,1376,87,0.06322674418604651,"{'source_height': 44, 'source_width': 41, 'resized_height': 96, 'resized_width': 89, 'padding_top': 0, 'padding_bottom': 0, 'padding_left': 3, 'padding_right': 4, 'scale': 2.1818181818181817}"
record_000772539:0,artifacts/input_files/record_000772539.npy,0,0,Normal,False,0.9999154806137085,0.0009731157915666699,AUTO_ACCEPT,Production-enabled class meets the frozen confidence and probability-margin requirements.,True,0.9441788792610168,0.1,4.451822314877063e-05,0.9998709623905597,True,0.7762330770492554,Normal,0.9999154806137085,Edge-Loc,4.451822314877063e-05,Scratch,2.6204354071523994e-05,0.009227203008776996,0.9999154806137085,5.778812919743359e-06,2.4173510415614885e-12,4.451822314877063e-05,1.3867681900592288e-06,6.505459623440402e-06,3.369993899823148e-13,4.884058869142338e-12,2.6204354071523994e-05,41,42,1334,111,0.08320839580209895,"{'source_height': 41, 'source_width': 42, 'resized_height': 94, 'resized_width': 96, 'padding_top': 1, 'padding_bottom': 1, 'padding_left': 0, 'padding_right': 0, 'scale': 2.2857142857142856}"
record_000773539:0,artifacts/input_files/record_000773539.npy,0,0,Normal,False,0.9992808699607849,0.0068048145622015,AUTO_ACCEPT,Production-enabled class meets the frozen confidence and probability-margin requirements.,True,0.9441788792610168,0.1,0.0003193556622136384,0.9989615142985713,True,0.7762330770492554,Normal,0.9992808699607849,Scratch,0.0003193556622136384,Edge-Loc,0.00022650309256277978,0.009227203008776996,0.9992808699607849,3.78361510229297e-05,4.5351594701870113e-10,0.00022650309256277978,5.432909802038921e-06,0.00013000280887354165,1.8092123285629036e-11,4.977441236952984e-10,0.0003193556622136384,41,45,1442,65,0.04507628294036061,"{'source_height': 41, 'source_width': 45, 'resized_height': 87, 'resized_width': 96, 'padding_top': 4, 'padding_bottom': 5, 'padding_left': 0, 'padding_right': 0, 'scale': 2.1333333333333333}"
record_000773715:0,artifacts/input_files/record_000773715.npy,0,0,Normal,False,0.9937782287597656,0.04470621049404144,AUTO_ACCEPT,Production-enabled class meets the frozen confidence and probability-margin requirements.,True,0.9441788792610168,0.1,0.0037809964269399643,0.9899972323328257,True,0.7762330770492554,Normal,0.9937782287597656,Scratch,0.0037809964269399643,Loc,0.0008503968711011112,0.009227203008776996,0.9937782287597656,0.0008483147830702364,2.0250848109526487e-08,0.0007317712879739702,1.0344064321543556e-05,0.0008503968711011112,1.6314510853376873e-10,8.07318123463574e-09,0.0037809964269399643,41,45,1442,99,0.06865464632454923,"{'source_height': 41, 'source_width': 45, 'resized_height': 87, 'resized_width': 96, 'padding_top': 4, 'padding_bottom': 5, 'padding_left': 0, 'padding_right': 0, 'scale': 2.1333333333333333}"
record_000773717:0,artifacts/input_files/record_000773717.npy,0,0,Normal,False,0.9993828535079956,0.005981612950563431,AUTO_ACCEPT,Production-enabled class meets the frozen confidence and probability-margin requirements.,True,0.9441788792610168,0.1,0.00027114117983728647,0.9991117123281583,True,0.7762330770492554,Normal,0.9993828535079956,Scratch,0.00027114117983728647,Edge-Loc,0.0001624807482585311,0.009227203008776996,0.9993828535079956,8.858669025357813e-05,4.631912631225532e-10,0.0001624807482585311,3.3704213819873985e-06,9.1519184934441e-05,2.4262333461755325e-11,5.018426785241559e-10,0.00027114117983728647,41,45,1442,53,0.036754507628294034,"{'source_height': 41, 'source_width': 45, 'resized_height': 87, 'resized_width': 96, 'padding_top': 4, 'padding_bottom': 5, 'padding_left': 0, 'padding_right': 0, 'scale': 2.1333333333333333}"
record_000773866:0,artifacts/input_files/record_000773866.npy,0,0,Normal,False,0.9990668892860413,0.008657864294946194,AUTO_ACCEPT,Production-enabled class meets the frozen confidence and probability-margin requirements.,True,0.9441788792610168,0.1,0.00041655541281215847,0.9986503338732291,True,0.7762330770492554,Normal,0.9990668892860413,Scratch,0.00041655541281215847,Center,0.00020804138330277056,0.009227203008776996,0.9990668892860413,0.00020804138330277056,9.021473013071102e-10,0.00017201407172251493,2.789702875816147e-06,0.00013368634972721338,3.572191847878159e-11,7.786376543528206e-10,0.00041655541281215847,41,45,1442,58,0.04022191400832178,"{'source_height': 41, 'source_width': 45, 'resized_height': 87, 'resized_width': 96, 'padding_top': 4, 'padding_bottom': 5, 'padding_left': 0, 'padding_right': 0, 'scale': 2.1333333333333333}"
record_000774103:0,artifacts/input_files/record_000774103.npy,0,0,Normal,False,0.9989462494850159,0.00957186333835125,AUTO_ACCEPT,Production-enabled class meets the frozen confidence and probability-margin requirements.,True,0.9441788792610168,0.1,0.0005019906675443053,0.9984442588174716,True,0.7762330770492554,Normal,0.9989462494850159,Scratch,0.0005019906675443053,Edge-Loc,0.00030587814399041235,0.009227203008776996,0.9989462494850159,8.275001891888678e-05,9.884888463318475e-10,0.00030587814399041235,7.085639026627177e-06,0.0001560624223202467,5.03385805261658e-11,1.2156580186939436e-09,0.0005019906675443053,41,45,1442,55,0.03814147018030513,"{'source_height': 41, 'source_width': 45, 'resized_height': 87, 'resized_width': 96, 'padding_top': 4, 'padding_bottom': 5, 'padding_left': 0, 'padding_right': 0, 'scale': 2.1333333333333333}"
record_000774105:0,artifacts/input_files/record_000774105.npy,0,0,Normal,False,0.9983519315719604,0.014274182729423046,AUTO_ACCEPT,Production-enabled class meets the frozen confidence and probability-margin requirements.,True,0.9441788792610168,0.1,0.000775267428252846,0.9975766641437076,True,0.7762330770492554,Normal,0.9983519315719604,Scratch,0.000775267428252846,Edge-Loc,0.00038239179411903024,0.009227203008776996,0.9983519315719604,0.0001370827667415142,2.9821238811678086e-09,0.00038239179411903024,7.970777915033977e-06,0.0003453367098700255,9.166432196616725e-11,2.8274491636892662e-09,0.000775267428252846,41,45,1442,39,0.027045769764216365,"{'source_height': 41, 'source_width': 45, 'resized_height': 87, 'resized_width': 96, 'padding_top': 4, 'padding_bottom': 5, 'padding_left': 0, 'padding_right': 0, 'scale': 2.1333333333333333}"
record_000774468:0,artifacts/input_files/record_000774468.npy,0,0,Normal,False,0.996731162071228,0.02583402767777443,AUTO_ACCEPT,Production-enabled class meets the frozen confidence and probability-margin requirements.,True,0.9441788792610168,0.1,0.0015411709900945425,0.9951899910811335,True,0.7762330770492554,Normal,0.996731162071228,Edge-Loc,0.0015411709900945425,Scratch,0.0011735489824786782,0.009227203008776996,0.996731162071228,0.00011873943003593013,4.422882060595157e-09,0.0015411709900945425,9.581338235875592e-05,0.0003395444655325264,6.852067802043393e-10,1.040189001599856e-08,0.0011735489824786782,41,45,1442,67,0.046463245492371706,"{'source_height': 41, 'source_width': 45, 'resized_height': 87, 'resized_width': 96, 'padding_top': 4, 'padding_bottom': 5, 'padding_left': 0, 'padding_right': 0, 'scale': 2.1333333333333333}"
record_000774813:0,artifacts/input_files/record_000774813.npy,0,0,Normal,False,0.9996334314346313,0.0037338566035032272,AUTO_ACCEPT,Production-enabled class meets the frozen confidence and probability-margin requirements.,True,0.9441788792610168,0.1,0.0001533559843664989,0.9994800754502648,True,0.7762330770492554,Normal,0.9996334314346313,Scratch,0.0001533559843664989,Edge-Loc,0.00012198897456983104,0.009227203008776996,0.9996334314346313,4.160087337368168e-05,1.2744343080850484e-10,0.00012198897456983104,2.400716311967699e-06,4.723055099020712e-05,1.0102833500336139e-11,1.8917076238800234e-10,0.0001533559843664989,41,45,1442,71,0.049237170596393896,"{'source_height': 41, 'source_width': 45, 'resized_height': 87, 'resized_width': 96, 'padding_top': 4, 'padding_bottom': 5, 'padding_left': 0, 'padding_right': 0, 'scale': 2.1333333333333333}"
record_000775000:0,artifacts/input_files/record_000775000.npy,0,0,Normal,False,0.9993830919265747,0.005756976082921028,AUTO_ACCEPT,Production-enabled class meets the frozen confidence and probability-margin requirements.,True,0.9441788792610168,0.1,0.00043373231892473996,0.99894935960765,True,0.7762330770492554,Normal,0.9993830919265747,Edge-Loc,0.00043373231892473996,Scratch,8.339946361957118e-05,0.009227203008776996,0.9993830919265747,2.534180566726718e-06,8.340661494798951e-11,0.00043373231892473996,4.6399632992688566e-05,5.0869515689555556e-05,3.849593820798303e-12,2.4994212255435855e-10,8.339946361957118e-05,41,45,1442,261,0.180998613037448,"{'source_height': 41, 'source_width': 45, 'resized_height': 87, 'resized_width': 96, 'padding_top': 4, 'padding_bottom': 5, 'padding_left': 0, 'padding_right': 0, 'scale': 2.1333333333333333}"
record_000775508:0,artifacts/input_files/record_000775508.npy,0,0,Normal,False,0.9946950078010559,0.03927648440003395,AUTO_ACCEPT,Production-enabled class meets the frozen confidence and probability-margin requirements.,True,0.9441788792610168,0.1,0.0029756701551377773,0.9917193376459181,True,0.7762330770492554,Normal,0.9946950078010559,Edge-Loc,0.0029756701551377773,Scratch,0.0013972227461636066,0.009227203008776996,0.9946950078010559,0.0002807926794048399,2.6534490160656787e-09,0.0029756701551377773,0.0002181015006499365,0.0004333261167630553,7.445270511219348e-10,9.730658945272808e-09,0.0013972227461636066,41,45,1442,77,0.05339805825242718,"{'source_height': 41, 'source_width': 45, 'resized_height': 87, 'resized_width': 96, 'padding_top': 4, 'padding_bottom': 5, 'padding_left': 0, 'padding_right': 0, 'scale': 2.1333333333333333}"
record_000775621:0,artifacts/input_files/record_000775621.npy,0,0,Normal,False,0.9996191263198853,0.0037530057597905397,AUTO_ACCEPT,Production-enabled class meets the frozen confidence and probability-margin requirements.,True,0.9441788792610168,0.1,0.00026191232609562576,0.9993572139937896,True,0.7762330770492554,Normal,0.9996191263198853,Edge-Loc,0.00026191232609562576,Scratch,6.696509080938995e-05,0.010505218597245403,0.9996191263198853,1.643756877456326e-05,1.7373803784526132e-11,0.00026191232609562576,2.223220326413866e-05,1.3285916793392971e-05,1.2616118219566097e-11,9.851081061995615e-11,6.696509080938995e-05,41,45,1442,114,0.07905686546463246,"{'source_height': 41, 'source_width': 45, 'resized_height': 87, 'resized_width': 96, 'padding_top': 4, 'padding_bottom': 5, 'padding_left': 0, 'padding_right': 0, 'scale': 2.1333333333333333}"
record_000775660:0,artifacts/input_files/record_000775660.npy,0,8,Scratch,True,0.8949760794639587,0.3630620539188385,ENGINEER_REVIEW,Class is review-only or confidence does not meet its production auto-accept threshold.,False,,,0.0992712676525116,0.7957048118114471,True,0.7762330770492554,Scratch,0.8949760794639587,Normal,0.0992712676525116,Loc,0.003536466509103775,0.010505218597245403,0.0992712676525116,3.362246570759453e-05,8.496746886521578e-06,0.001954737352207303,0.00021899421699345112,0.003536466509103775,2.202294457909204e-10,3.2597802146483446e-07,0.8949760794639587,41,45,1442,109,0.07558945908460471,"{'source_height': 41, 'source_width': 45, 'resized_height': 87, 'resized_width': 96, 'padding_top': 4, 'padding_bottom': 5, 'padding_left': 0, 'padding_right': 0, 'scale': 2.1333333333333333}"
record_000776064:0,artifacts/input_files/record_000776064.npy,0,5,Loc,True,0.5639598965644836,1.236581802368164,ABSTAIN,Confidence is below the frozen abstain threshold.,False,,,0.2306317836046219,0.33332811295986176,True,0.7762330770492554,Loc,0.5639598965644836,Scratch,0.2306317836046219,Normal,0.12006397545337677,0.010505218597245403,0.12006397545337677,0.021672416478395462,0.036212362349033356,0.009564048610627651,0.00016211192996706814,0.5639598965644836,1.7259975720662624e-05,0.017716173082590103,0.2306317836046219,39,50,1485,289,0.19461279461279463,"{'source_height': 39, 'source_width': 50, 'resized_height': 75, 'resized_width': 96, 'padding_top': 10, 'padding_bottom': 11, 'padding_left': 0, 'padding_right': 0, 'scale': 1.92}"
record_000776083:0,artifacts/input_files/record_000776083.npy,0,0,Normal,False,0.9950672388076782,0.03751443699002266,AUTO_ACCEPT,Production-enabled class meets the frozen confidence and probability-margin requirements.,True,0.9441788792610168,0.1,0.0021259330678731203,0.9929413057398051,True,0.7762330770492554,Normal,0.9950672388076782,Scratch,0.0021259330678731203,Edge-Loc,0.0014478327939286828,0.010505218597245403,0.9950672388076782,0.0005684054922312498,4.292812860740014e-08,0.0014478327939286828,3.735760401468724e-05,0.000753226107917726,2.196902437745507e-09,3.8727705486962805e-08,0.0021259330678731203,39,50,1485,109,0.0734006734006734,"{'source_height': 39, 'source_width': 50, 'resized_height': 75, 'resized_width': 96, 'padding_top': 10, 'padding_bottom': 11, 'padding_left': 0, 'padding_right': 0, 'scale': 1.92}"
record_000776107:0,artifacts/input_files/record_000776107.npy,0,0,Normal,False,0.9996597766876221,0.0034207100979983807,AUTO_ACCEPT,Production-enabled class meets the frozen confidence and probability-margin requirements.,True,0.9441788792610168,0.1,0.00018707261187955737,0.9994727040757425,True,0.7762330770492554,Normal,0.9996597766876221,Edge-Loc,0.00018707261187955737,Scratch,0.00011156668188050389,0.010505218597245403,0.9996597766876221,7.4625431807362475e-06,9.974130549261773e-11,0.00018707261187955737,8.757066098041832e-06,2.5453582566115074e-05,1.6395600155316714e-11,2.551437117137567e-10,0.00011156668188050389,39,50,1485,200,0.13468013468013468,"{'source_height': 39, 'source_width': 50, 'resized_height': 75, 'resized_width': 96, 'padding_top': 10, 'padding_bottom': 11, 'padding_left': 0, 'padding_right': 0, 'scale': 1.92}"
record_000776400:0,artifacts/input_files/record_000776400.npy,0,3,Edge-Loc,True,0.9952102303504944,0.03342776373028755,ENGINEER_REVIEW,Class is review-only or confidence does not meet its production auto-accept threshold.,False,,,0.0038119300734251738,0.9913983002770692,True,0.7762330770492554,Edge-Loc,0.9952102303504944,Edge-Ring,0.0038119300734251738,Near-full,0.0006661073421128094,0.010505218597245403,3.330658771005801e-08,7.938997792500402e-10,4.879946686742187e-07,0.9952102303504944,0.0038119300734251738,4.919142611470306e-06,0.0006661073421128094,0.0003063192416448146,1.873843835653588e-08,22,50,822,346,0.4209245742092457,"{'source_height': 22, 'source_width': 50, 'resized_height': 42, 'resized_width': 96, 'padding_top': 27, 'padding_bottom': 27, 'padding_left': 0, 'padding_right': 0, 'scale': 1.92}"
record_000776422:0,artifacts/input_files/record_000776422.npy,0,3,Edge-Loc,True,0.8586204051971436,0.5084701776504517,ENGINEER_REVIEW,Class is review-only or confidence does not meet its production auto-accept threshold.,False,,,0.10033142566680908,0.7582889795303345,True,0.7762330770492554,Edge-Loc,0.8586204051971436,Edge-Ring,0.10033142566680908,Normal,0.037810537964105606,0.010505218597245403,0.037810537964105606,0.00024498943821527064,1.6220308225456392e-06,0.8586204051971436,0.10033142566680908,0.0009587883250787854,0.0004580251988954842,0.00023501990654040128,0.0013391075190156698,22,50,822,142,0.17274939172749393,"{'source_height': 22, 'source_width': 50, 'resized_height': 42, 'resized_width': 96, 'padding_top': 27, 'padding_bottom': 27, 'padding_left': 0, 'padding_right': 0, 'scale': 1.92}"
record_000776653:0,artifacts/input_files/record_000776653.npy,0,0,Normal,False,0.9995768666267395,0.0041054654866456985,AUTO_ACCEPT,Production-enabled class meets the frozen confidence and probability-margin requirements.,True,0.9441788792610168,0.1,0.00029600050766021013,0.9992808661190793,True,0.7762330770492554,Normal,0.9995768666267395,Scratch,0.00029600050766021013,Center,5.80393971176818e-05,0.010505218597245403,0.9995768666267395,5.80393971176818e-05,6.908410649097974e-11,2.5819330403464846e-05,6.219992769729288e-07,4.2695606680354103e-05,4.5080231865154974e-13,2.5936254879899145e-11,0.00029600050766021013,35,34,935,39,0.04171122994652406,"{'source_height': 35, 'source_width': 34, 'resized_height': 96, 'resized_width': 93, 'padding_top': 0, 'padding_bottom': 0, 'padding_left': 1, 'padding_right': 2, 'scale': 2.742857142857143}"
record_000776862:0,artifacts/input_files/record_000776862.npy,0,0,Normal,False,0.9927449226379395,0.049752794206142426,AUTO_ACCEPT,Production-enabled class meets the frozen confidence and probability-margin requirements.,True,0.9441788792610168,0.1,0.004686477594077587,0.9880584450438619,True,0.7762330770492554,Normal,0.9927449226379395,Scratch,0.004686477594077587,Loc,0.001838537398725748,0.010505218597245403,0.9927449226379395,0.0003497619181871414,6.360804327698588e-09,0.0003743401321116835,6.0147845033498015e-06,0.001838537398725748,9.366585632109015e-12,1.5550227772109793e-09,0.004686477594077587,35,34,935,58,0.06203208556149733,"{'source_height': 35, 'source_width': 34, 'resized_height': 96, 'resized_width': 93, 'padding_top': 0, 'padding_bottom': 0, 'padding_left': 1, 'padding_right': 2, 'scale': 2.742857142857143}"
record_000776865:0,artifacts/input_files/record_000776865.npy,0,0,Normal,False,0.9999610185623169,0.0004818349261768162,AUTO_ACCEPT,Production-enabled class meets the frozen confidence and probability-margin requirements.,True,0.9441788792610168,0.1,2.198802394559607e-05,0.9999390305383713,True,0.7762330770492554,Normal,0.9999610185623169,Scratch,2.198802394559607e-05,Center,7.5193865995970555e-06,0.010505218597245403,0.9999610185623169,7.5193865995970555e-06,5.505438227700055e-13,5.975702151772566e-06,1.6682726311501028e-07,3.4888118989329087e-06,1.2308983686644664e-14,4.29807095947074e-13,2.198802394559607e-05,35,34,935,58,0.06203208556149733,"{'source_height': 35, 'source_width': 34, 'resized_height': 96, 'resized_width': 93, 'padding_top': 0, 'padding_bottom': 0, 'padding_left': 1, 'padding_right': 2, 'scale': 2.742857142857143}"
record_000776873:0,artifacts/input_files/record_000776873.npy,0,0,Normal,False,0.9970595240592957,0.02227184548974037,AUTO_ACCEPT,Production-enabled class meets the frozen confidence and probability-margin requirements.,True,0.9441788792610168,0.1,0.0022726429160684347,0.9947868811432272,True,0.7762330770492554,Normal,0.9970595240592957,Scratch,0.0022726429160684347,Loc,0.0004242506402079016,0.010505218597245403,0.9970595240592957,0.0001341408642474562,2.790284225895334e-09,0.0001063048912328668,3.1071506327862153e-06,0.0004242506402079016,5.353616421704954e-12,6.399922813926651e-10,0.0022726429160684347,35,34,935,27,0.028877005347593583,"{'source_height': 35, 'source_width': 34, 'resized_height': 96, 'resized_width': 93, 'padding_top': 0, 'padding_bottom': 0, 'padding_left': 1, 'padding_right': 2, 'scale': 2.742857142857143}"
record_000776999:0,artifacts/input_files/record_000776999.npy,0,0,Normal,False,0.9997941851615906,0.0021325163543224335,AUTO_ACCEPT,Production-enabled class meets the frozen confidence and probability-margin requirements.,True,0.9441788792610168,0.1,0.0001512654562247917,0.9996429197053658,True,0.7762330770492554,Normal,0.9997941851615906,Scratch,0.0001512654562247917,Center,2.3559716282761656e-05,0.010505218597245403,0.9997941851615906,2.3559716282761656e-05,1.05766229108184e-11,1.3263428627396934e-05,2.950747273189336e-07,1.7499331079307012e-05,6.806121828238296e-14,4.388328676135922e-12,0.0001512654562247917,35,34,935,50,0.053475935828877004,"{'source_height': 35, 'source_width': 34, 'resized_height': 96, 'resized_width': 93, 'padding_top': 0, 'padding_bottom': 0, 'padding_left': 1, 'padding_right': 2, 'scale': 2.742857142857143}"
record_000777099:0,artifacts/input_files/record_000777099.npy,0,0,Normal,False,0.9998670816421509,0.0014705114299431443,AUTO_ACCEPT,Production-enabled class meets the frozen confidence and probability-margin requirements.,True,0.9441788792610168,0.1,7.928538980195299e-05,0.9997877962523489,True,0.7762330770492554,Normal,0.9998670816421509,Scratch,7.928538980195299e-05,Edge-Loc,1.9196913854102604e-05,0.010505218597245403,0.9998670816421509,1.8344990166951902e-05,6.483800475687307e-12,1.9196913854102604e-05,5.334591719474702e-07,1.5601652194163762e-05,1.1075281046001723e-13,4.40171770560438e-12,7.928538980195299e-05,35,34,935,53,0.05668449197860963,"{'source_height': 35, 'source_width': 34, 'resized_height': 96, 'resized_width': 93, 'padding_top': 0, 'padding_bottom': 0, 'padding_left': 1, 'padding_right': 2, 'scale': 2.742857142857143}"
record_000777514:0,artifacts/input_files/record_000777514.npy,0,0,Normal,False,0.9987654685974121,0.011121101677417755,AUTO_ACCEPT,Production-enabled class meets the frozen confidence and probability-margin requirements.,True,0.9441788792610168,0.1,0.0005440728855319321,0.9982213957118802,True,0.7762330770492554,Normal,0.9987654685974121,Scratch,0.0005440728855319321,Loc,0.0002539776323828846,0.010505218597245403,0.9987654685974121,0.00018355308566242456,1.6684484904772034e-09,0.00024858544929884374,4.2871706682490185e-06,0.0002539776323828846,5.4830990442455985e-11,1.5339511882928036e-09,0.0005440728855319321,42,44,1414,38,0.026874115983026876,"{'source_height': 42, 'source_width': 44, 'resized_height': 92, 'resized_width': 96, 'padding_top': 2, 'padding_bottom': 2, 'padding_left': 0, 'padding_right': 0, 'scale': 2.1818181818181817}"
record_000777566:0,artifacts/input_files/record_000777566.npy,0,0,Normal,False,0.9989902377128601,0.009289350360631943,AUTO_ACCEPT,Production-enabled class meets the frozen confidence and probability-margin requirements.,True,0.9441788792610168,0.1,0.00043759780237451196,0.9985526399104856,True,0.7762330770492554,Normal,0.9989902377128601,Scratch,0.00043759780237451196,Edge-Loc,0.0002685241342987865,0.010505218597245403,0.9989902377128601,0.00012288949801586568,9.014107793525739e-10,0.0002685241342987865,5.167291874386137e-06,0.00017556481179781258,4.4931020709571e-11,1.0849928733236425e-09,0.00043759780237451196,42,44,1414,40,0.028288543140028287,"{'source_height': 42, 'source_width': 44, 'resized_height': 92, 'resized_width': 96, 'padding_top': 2, 'padding_bottom': 2, 'padding_left': 0, 'padding_right': 0, 'scale': 2.1818181818181817}"
record_000778038:0,artifacts/input_files/record_000778038.npy,0,0,Normal,False,0.9981209635734558,0.015980519354343414,AUTO_ACCEPT,Production-enabled class meets the frozen confidence and probability-margin requirements.,True,0.9441788792610168,0.1,0.000908015004824847,0.997212948568631,True,0.7762330770492554,Normal,0.9981209635734558,Scratch,0.000908015004824847,Edge-Loc,0.0004264478920958936,0.010505218597245403,0.9981209635734558,0.00012741250975523144,3.449097008001445e-09,0.0004264478920958936,9.20137063076254e-06,0.0004080644575878978,7.900808479677224e-11,2.790714326295074e-09,0.000908015004824847,42,44,1414,37,0.02616690240452617,"{'source_height': 42, 'source_width': 44, 'resized_height': 92, 'resized_width': 96, 'padding_top': 2, 'padding_bottom': 2, 'padding_left': 0, 'padding_right': 0, 'scale': 2.1818181818181817}"
record_000778289:0,artifacts/input_files/record_000778289.npy,0,0,Normal,False,0.9972687363624573,0.022098589688539505,AUTO_ACCEPT,Production-enabled class meets the frozen confidence and probability-margin requirements.,True,0.9441788792610168,0.1,0.0014437934150919318,0.9958249429473653,True,0.7762330770492554,Normal,0.9972687363624573,Scratch,0.0014437934150919318,Loc,0.0006329266470856965,0.010505218597245403,0.9972687363624573,0.0002459062961861491,5.494796173621808e-09,0.0004018962208647281,6.716381903970614e-06,0.0006329266470856965,8.019875041842539e-11,3.786237101621737e-09,0.0014437934150919318,42,44,1414,26,0.018387553041018388,"{'source_height': 42, 'source_width': 44, 'resized_height': 92, 'resized_width': 96, 'padding_top': 2, 'padding_bottom': 2, 'padding_left': 0, 'padding_right': 0, 'scale': 2.1818181818181817}"
record_000778300:0,artifacts/input_files/record_000778300.npy,0,0,Normal,False,0.9989284873008728,0.009758617728948593,AUTO_ACCEPT,Production-enabled class meets the frozen confidence and probability-margin requirements.,True,0.9441788792610168,0.1,0.0005073969368822873,0.9984210903639905,True,0.7762330770492554,Normal,0.9989284873008728,Scratch,0.0005073969368822873,Loc,0.0002228252706117928,0.010505218597245403,0.9989284873008728,0.0001221553684445098,1.0403067296493873e-09,0.00021552812540903687,3.539313865985605e-06,0.0002228252706117928,2.6756437343511408e-11,9.21013931787229e-10,0.0005073969368822873,42,44,1414,36,0.02545968882602546,"{'source_height': 42, 'source_width': 44, 'resized_height': 92, 'resized_width': 96, 'padding_top': 2, 'padding_bottom': 2, 'padding_left': 0, 'padding_right': 0, 'scale': 2.1818181818181817}"
record_000778774:0,artifacts/input_files/record_000778774.npy,0,0,Normal,False,0.9995589852333069,0.00439517293125391,AUTO_ACCEPT,Production-enabled class meets the frozen confidence and probability-margin requirements.,True,0.9441788792610168,0.1,0.0002169387589674443,0.9993420464743394,True,0.7762330770492554,Normal,0.9995589852333069,Scratch,0.0002169387589674443,Edge-Loc,0.00010957902122754604,0.010505218597245403,0.9995589852333069,4.1409290133742616e-05,1.9269882911565617e-10,0.00010957902122754604,2.6576544769341126e-06,7.037659088382497e-05,4.596996394656827e-12,1.4495928069013786e-10,0.0002169387589674443,42,44,1414,65,0.04596888260254597,"{'source_height': 42, 'source_width': 44, 'resized_height': 92, 'resized_width': 96, 'padding_top': 2, 'padding_bottom': 2, 'padding_left': 0, 'padding_right': 0, 'scale': 2.1818181818181817}"
record_000778834:0,artifacts/input_files/record_000778834.npy,0,0,Normal,False,0.9994650483131409,0.005235608201473951,AUTO_ACCEPT,Production-enabled class meets the frozen confidence and probability-margin requirements.,True,0.9441788792610168,0.1,0.0002654717245604843,0.9991995765885804,True,0.7762330770492554,Normal,0.9994650483131409,Scratch,0.0002654717245604843,Edge-Loc,0.00011624630860751495,0.010505218597245403,0.9994650483131409,6.974030839046463e-05,2.7277541336800937e-10,0.00011624630860751495,2.108617309204419e-06,8.14269733382389e-05,1.0098472405517533e-11,2.607029869761135e-10,0.0002654717245604843,42,44,1414,53,0.03748231966053748,"{'source_height': 42, 'source_width': 44, 'resized_height': 92, 'resized_width': 96, 'padding_top': 2, 'padding_bottom': 2, 'padding_left': 0, 'padding_right': 0, 'scale': 2.1818181818181817}"
record_000778853:0,artifacts/input_files/record_000778853.npy,0,0,Normal,False,0.998611330986023,0.012279174290597439,AUTO_ACCEPT,Production-enabled class meets the frozen confidence and probability-margin requirements.,True,0.9441788792610168,0.1,0.0006407235050573945,0.9979706074809656,True,0.7762330770492554,Normal,0.998611330986023,Scratch,0.0006407235050573945,Loc,0.00031552076688967645,0.010505218597245403,0.998611330986023,0.0001199185207951814,2.2067381255652663e-09,0.00030592374969273806,6.570086952706333e-06,0.00031552076688967645,6.23291765422529e-11,2.003574639530825e-09,0.0006407235050573945,42,44,1414,40,0.028288543140028287,"{'source_height': 42, 'source_width': 44, 'resized_height': 92, 'resized_width': 96, 'padding_top': 2, 'padding_bottom': 2, 'padding_left': 0, 'padding_right': 0, 'scale': 2.1818181818181817}"
record_000778899:0,artifacts/input_files/record_000778899.npy,0,0,Normal,False,0.9992544054985046,0.006916183978319168,AUTO_ACCEPT,Production-enabled class meets the frozen confidence and probability-margin requirements.,True,0.9441788792610168,0.1,0.0004402660415507853,0.9988141394569539,True,0.7762330770492554,Normal,0.9992544054985046,Edge-Loc,0.0004402660415507853,Scratch,0.0001915890461532399,0.010505218597245403,0.9992544054985046,2.4646018573548645e-05,1.4426508598841536e-10,0.0004402660415507853,1.2603040886460803e-05,7.645374716958031e-05,2.6006290870794757e-11,3.370123069501574e-10,0.0001915890461532399,42,44,1414,98,0.06930693069306931,"{'source_height': 42, 'source_width': 44, 'resized_height': 92, 'resized_width': 96, 'padding_top': 2, 'padding_bottom': 2, 'padding_left': 0, 'padding_right': 0, 'scale': 2.1818181818181817}"
record_000779056:0,artifacts/input_files/record_000779056.npy,0,0,Normal,False,0.9992300271987915,0.0073002660647034645,AUTO_ACCEPT,Production-enabled class meets the frozen confidence and probability-margin requirements.,True,0.9441788792610168,0.1,0.0003420198045205325,0.998888007394271,True,0.7762330770492554,Normal,0.9992300271987915,Scratch,0.0003420198045205325,Edge-Loc,0.00016282846627291292,0.010505218597245403,0.9992300271987915,0.0001317786518484354,5.842365480290823e-10,0.00016282846627291292,2.8379295144986827e-06,0.00013048558321315795,2.220625940074772e-11,5.865645746894188e-10,0.0003420198045205325,42,44,1414,41,0.028995756718528994,"{'source_height': 42, 'source_width': 44, 'resized_height': 92, 'resized_width': 96, 'padding_top': 2, 'padding_bottom': 2, 'padding_left': 0, 'padding_right': 0, 'scale': 2.1818181818181817}"
record_000779080:0,artifacts/input_files/record_000779080.npy,0,0,Normal,False,0.9991275668144226,0.008123606443405151,AUTO_ACCEPT,Production-enabled class meets the frozen confidence and probability-margin requirements.,True,0.9441788792610168,0.1,0.0003952562401536852,0.9987323105742689,True,0.7762330770492554,Normal,0.9991275668144226,Scratch,0.0003952562401536852,Edge-Loc,0.00021966251370031387,0.010505218597245403,0.9991275668144226,7.410693797282875e-05,7.667120272003558e-10,0.00021966251370031387,4.830434590985533e-06,0.00017843318346422166,2.2572924432417985e-11,7.203815322043283e-10,0.0003952562401536852,42,44,1414,46,0.03253182461103253,"{'source_height': 42, 'source_width': 44, 'resized_height': 92, 'resized_width': 96, 'padding_top': 2, 'padding_bottom': 2, 'padding_left': 0, 'padding_right': 0, 'scale': 2.1818181818181817}"
record_000779133:0,artifacts/input_files/record_000779133.npy,0,0,Normal,False,0.9996978044509888,0.0031361831352114677,AUTO_ACCEPT,Production-enabled class meets the frozen confidence and probability-margin requirements.,True,0.9441788792610168,0.1,0.00014148897025734186,0.9995563154807314,True,0.7762330770492554,Normal,0.9996978044509888,Scratch,0.00014148897025734186,Edge-Loc,7.701187860220671e-05,0.010505218597245403,0.9996978044509888,4.142392936046235e-05,9.932287631242431e-11,7.701187860220671e-05,1.5461604334632284e-06,4.074151729582809e-05,4.280761509156683e-12,9.864980360374531e-11,0.00014148897025734186,42,44,1414,58,0.04101838755304102,"{'source_height': 42, 'source_width': 44, 'resized_height': 92, 'resized_width': 96, 'padding_top': 2, 'padding_bottom': 2, 'padding_left': 0, 'padding_right': 0, 'scale': 2.1818181818181817}"
record_000779141:0,artifacts/input_files/record_000779141.npy,0,0,Normal,False,0.9989718198776245,0.00947996973991394,AUTO_ACCEPT,Production-enabled class meets the frozen confidence and probability-margin requirements.,True,0.9441788792610168,0.1,0.000414765760069713,0.9985570541175548,True,0.7762330770492554,Normal,0.9989718198776245,Scratch,0.000414765760069713,Edge-Loc,0.00024529569782316685,0.010505218597245403,0.9989718198776245,0.0001714067329885438,9.634573139294389e-10,0.00024529569782316685,3.6425662983674556e-06,0.0001930462894961238,4.937402917071232e-11,1.1305217872958906e-09,0.000414765760069713,42,44,1414,38,0.026874115983026876,"{'source_height': 42, 'source_width': 44, 'resized_height': 92, 'resized_width': 96, 'padding_top': 2, 'padding_bottom': 2, 'padding_left': 0, 'padding_right': 0, 'scale': 2.1818181818181817}"
record_000779144:0,artifacts/input_files/record_000779144.npy,0,0,Normal,False,0.9988987445831299,0.010040970519185066,AUTO_ACCEPT,Production-enabled class meets the frozen confidence and probability-margin requirements.,True,0.9441788792610168,0.1,0.0004495481261983514,0.9984491964569315,True,0.7762330770492554,Normal,0.9988987445831299,Scratch,0.0004495481261983514,Edge-Loc,0.0003331212210468948,0.010505218597245403,0.9988987445831299,0.00012490677181631327,1.3056620229434657e-09,0.0003331212210468948,6.984741048654541e-06,0.00018664517847355455,8.536628348654318e-11,1.6709706951445469e-09,0.0004495481261983514,42,44,1414,57,0.04031117397454031,"{'source_height': 42, 'source_width': 44, 'resized_height': 92, 'resized_width': 96, 'padding_top': 2, 'padding_bottom': 2, 'padding_left': 0, 'padding_right': 0, 'scale': 2.1818181818181817}"
record_000779270:0,artifacts/input_files/record_000779270.npy,0,0,Normal,False,0.9979351758956909,0.017402207478880882,AUTO_ACCEPT,Production-enabled class meets the frozen confidence and probability-margin requirements.,True,0.9441788792610168,0.1,0.0009874419774860144,0.9969477339182049,True,0.7762330770492554,Normal,0.9979351758956909,Scratch,0.0009874419774860144,Loc,0.0005122110596857965,0.010505218597245403,0.9979351758956909,0.0001871524436865002,4.243015272464845e-09,0.0003699344233609736,8.12665621197084e-06,0.0005122110596857965,8.257020067681253e-11,3.1695484015159536e-09,0.0009874419774860144,42,44,1414,29,0.02050919377652051,"{'source_height': 42, 'source_width': 44, 'resized_height': 92, 'resized_width': 96, 'padding_top': 2, 'padding_bottom': 2, 'padding_left': 0, 'padding_right': 0, 'scale': 2.1818181818181817}"
record_000779403:0,artifacts/input_files/record_000779403.npy,0,0,Normal,False,0.9989368319511414,0.009706776589155197,AUTO_ACCEPT,Production-enabled class meets the frozen confidence and probability-margin requirements.,True,0.9441788792610168,0.1,0.0004944366519339383,0.9984423952992074,True,0.7762330770492554,Normal,0.9989368319511414,Scratch,0.0004944366519339383,Edge-Loc,0.00023921324464026839,0.010505218597245403,0.9989368319511414,0.00012662378139793873,1.2470575683209972e-09,0.00023921324464026839,5.205594789003953e-06,0.00019770066137425601,4.024802366386915e-11,1.1690201029423974e-09,0.0004944366519339383,42,44,1414,40,0.028288543140028287,"{'source_height': 42, 'source_width': 44, 'resized_height': 92, 'resized_width': 96, 'padding_top': 2, 'padding_bottom': 2, 'padding_left': 0, 'padding_right': 0, 'scale': 2.1818181818181817}"
record_000779637:0,artifacts/input_files/record_000779637.npy,0,0,Normal,False,0.9981175661087036,0.01614372245967388,AUTO_ACCEPT,Production-enabled class meets the frozen confidence and probability-margin requirements.,True,0.9441788792610168,0.1,0.0008078528335317969,0.9973097132751718,True,0.7762330770492554,Normal,0.9981175661087036,Scratch,0.0008078528335317969,Loc,0.0004820327158086002,0.010505218597245403,0.9981175661087036,0.00022174064361024648,3.8569396565435454e-09,0.000364262203220278,6.601688255614135e-06,0.0004820327158086002,9.952078050545765e-11,3.4017706429523287e-09,0.0008078528335317969,42,44,1414,26,0.018387553041018388,"{'source_height': 42, 'source_width': 44, 'resized_height': 92, 'resized_width': 96, 'padding_top': 2, 'padding_bottom': 2, 'padding_left': 0, 'padding_right': 0, 'scale': 2.1818181818181817}"
record_000779641:0,artifacts/input_files/record_000779641.npy,0,0,Normal,False,0.9976887702941895,0.019333358854055405,AUTO_ACCEPT,Production-enabled class meets the frozen confidence and probability-margin requirements.,True,0.9441788792610168,0.1,0.0009773480705916882,0.9967114222235978,True,0.7762330770492554,Normal,0.9976887702941895,Scratch,0.0009773480705916882,Loc,0.0006491338135674596,0.010505218597245403,0.9976887702941895,0.0002987469488289207,4.931169694799564e-09,0.00038071314338594675,5.289155069476692e-06,0.0006491338135674596,9.350480806302741e-11,3.753819477481102e-09,0.0009773480705916882,42,44,1414,32,0.02263083451202263,"{'source_height': 42, 'source_width': 44, 'resized_height': 92, 'resized_width': 96, 'padding_top': 2, 'padding_bottom': 2, 'padding_left': 0, 'padding_right': 0, 'scale': 2.1818181818181817}"
record_000779782:0,artifacts/input_files/record_000779782.npy,0,0,Normal,False,0.9984279870986938,0.013457896187901497,AUTO_ACCEPT,Production-enabled class meets the frozen confidence and probability-margin requirements.,True,0.9441788792610168,0.1,0.000914873497094959,0.9975131136015989,True,0.7762330770492554,Normal,0.9984279870986938,Scratch,0.000914873497094959,Edge-Loc,0.00031803225283510983,0.010505218597245403,0.9984279870986938,7.886082312325016e-05,1.3399709120065495e-09,0.00031803225283510983,6.982168542890577e-06,0.0002531906357035041,2.8378898189740376e-11,1.1698139124050044e-09,0.000914873497094959,42,44,1414,53,0.03748231966053748,"{'source_height': 42, 'source_width': 44, 'resized_height': 92, 'resized_width': 96, 'padding_top': 2, 'padding_bottom': 2, 'padding_left': 0, 'padding_right': 0, 'scale': 2.1818181818181817}"
record_000780119:0,artifacts/input_files/record_000780119.npy,0,0,Normal,False,0.9992688298225403,0.006908467039465904,AUTO_ACCEPT,Production-enabled class meets the frozen confidence and probability-margin requirements.,True,0.9441788792610168,0.1,0.00037816938129253685,0.9988906604412477,True,0.7762330770492554,Normal,0.9992688298225403,Scratch,0.00037816938129253685,Edge-Loc,0.00014896801440045238,0.010505218597245403,0.9992688298225403,8.712851558811963e-05,4.665109409884849e-10,0.00014896801440045238,2.6035320388473338e-06,0.00011422601528465748,1.253113151439278e-11,4.037885581453793e-10,0.00037816938129253685,42,44,1414,50,0.03536067892503536,"{'source_height': 42, 'source_width': 44, 'resized_height': 92, 'resized_width': 96, 'padding_top': 2, 'padding_bottom': 2, 'padding_left': 0, 'padding_right': 0, 'scale': 2.1818181818181817}"
record_000780161:0,artifacts/input_files/record_000780161.npy,0,0,Normal,False,0.9992628693580627,0.007006378378719091,AUTO_ACCEPT,Production-enabled class meets the frozen confidence and probability-margin requirements.,True,0.9441788792610168,0.1,0.00034211386810056865,0.9989207554899622,True,0.7762330770492554,Normal,0.9992628693580627,Scratch,0.00034211386810056865,Edge-Loc,0.00015102511679288,0.010505218597245403,0.9992628693580627,0.00011754356819437817,4.828669686318676e-10,0.00015102511679288,2.4134917566698277e-06,0.00012404174776747823,1.614929023840972e-11,4.695522304309918e-10,0.00034211386810056865,42,44,1414,47,0.03323903818953324,"{'source_height': 42, 'source_width': 44, 'resized_height': 92, 'resized_width': 96, 'padding_top': 2, 'padding_bottom': 2, 'padding_left': 0, 'padding_right': 0, 'scale': 2.1818181818181817}"
record_000780366:0,artifacts/input_files/record_000780366.npy,0,0,Normal,False,0.9952768087387085,0.03574719280004501,AUTO_ACCEPT,Production-enabled class meets the frozen confidence and probability-margin requirements.,True,0.9441788792610168,0.1,0.002156081609427929,0.9931207271292806,True,0.7762330770492554,Normal,0.9952768087387085,Scratch,0.002156081609427929,Loc,0.0015340837417170405,0.010505218597245403,0.9952768087387085,0.0005319219781085849,1.8211006036494837e-08,0.0004934933967888355,7.569654826511396e-06,0.0015340837417170405,1.7351839409762704e-10,1.0246123061108392e-08,0.002156081609427929,42,44,1414,14,0.009900990099009901,"{'source_height': 42, 'source_width': 44, 'resized_height': 92, 'resized_width': 96, 'padding_top': 2, 'padding_bottom': 2, 'padding_left': 0, 'padding_right': 0, 'scale': 2.1818181818181817}"
record_000780580:0,artifacts/input_files/record_000780580.npy,0,0,Normal,False,0.9966936111450195,0.0262770876288414,AUTO_ACCEPT,Production-enabled class meets the frozen confidence and probability-margin requirements.,True,0.9441788792610168,0.1,0.0016104192472994328,0.9950831918977201,True,0.7762330770492554,Normal,0.9966936111450195,Scratch,0.0016104192472994328,Loc,0.000827621144708246,0.010505218597245403,0.9966936111450195,0.00034495562431402504,9.689994584505257e-09,0.0005155245889909565,7.8731673056609e-06,0.000827621144708246,1.8570760207392567e-10,7.346325325841008e-09,0.0016104192472994328,42,44,1414,28,0.019801980198019802,"{'source_height': 42, 'source_width': 44, 'resized_height': 92, 'resized_width': 96, 'padding_top': 2, 'padding_bottom': 2, 'padding_left': 0, 'padding_right': 0, 'scale': 2.1818181818181817}"
record_000780839:0,artifacts/input_files/record_000780839.npy,0,0,Normal,False,0.9981392621994019,0.015997281298041344,AUTO_ACCEPT,Production-enabled class meets the frozen confidence and probability-margin requirements.,True,0.9441788792610168,0.1,0.0007473410805687308,0.9973919211188331,True,0.7762330770492554,Normal,0.9981392621994019,Scratch,0.0007473410805687308,Edge-Loc,0.0005154414102435112,0.010505218597245403,0.9981392621994019,0.00020029938605148345,2.0606132355993623e-09,0.0005154414102435112,7.410791113215964e-06,0.0003902131866198033,1.0267587474688256e-10,2.4862332193009706e-09,0.0007473410805687308,42,44,1414,51,0.03606789250353607,"{'source_height': 42, 'source_width': 44, 'resized_height': 92, 'resized_width': 96, 'padding_top': 2, 'padding_bottom': 2, 'padding_left': 0, 'padding_right': 0, 'scale': 2.1818181818181817}"
record_000780857:0,artifacts/input_files/record_000780857.npy,0,0,Normal,False,0.9953488707542419,0.03555724397301674,AUTO_ACCEPT,Production-enabled class meets the frozen confidence and probability-margin requirements.,True,0.9441788792610168,0.1,0.0018837115494534373,0.9934651592047885,True,0.7762330770492554,Normal,0.9953488707542419,Scratch,0.0018837115494534373,Loc,0.0013670126209035516,0.010505218597245403,0.9953488707542419,0.00034806650364771485,1.6043404826859842e-08,0.0010335524566471577,1.8768194422591478e-05,0.0013670126209035516,4.6031256584200264e-10,1.5843857781305815e-08,0.0018837115494534373,42,44,1414,29,0.02050919377652051,"{'source_height': 42, 'source_width': 44, 'resized_height': 92, 'resized_width': 96, 'padding_top': 2, 'padding_bottom': 2, 'padding_left': 0, 'padding_right': 0, 'scale': 2.1818181818181817}"
record_000781426:0,artifacts/input_files/record_000781426.npy,0,0,Normal,False,0.9987080097198486,0.011574147269129753,AUTO_ACCEPT,Production-enabled class meets the frozen confidence and probability-margin requirements.,True,0.9441788792610168,0.1,0.0005698429886251688,0.9981381667312235,True,0.7762330770492554,Normal,0.9987080097198486,Scratch,0.0005698429886251688,Edge-Loc,0.0002789988648146391,0.010505218597245403,0.9987080097198486,0.00016834780399221927,1.7319952139160932e-09,0.0002789988648146391,5.278113349049818e-06,0.00026959687238559127,5.81571284186122e-11,1.644995251126602e-09,0.0005698429886251688,42,44,1414,32,0.02263083451202263,"{'source_height': 42, 'source_width': 44, 'resized_height': 92, 'resized_width': 96, 'padding_top': 2, 'padding_bottom': 2, 'padding_left': 0, 'padding_right': 0, 'scale': 2.1818181818181817}"
record_000781430:0,artifacts/input_files/record_000781430.npy,0,0,Normal,False,0.9962305426597595,0.02959366887807846,AUTO_ACCEPT,Production-enabled class meets the frozen confidence and probability-margin requirements.,True,0.9441788792610168,0.1,0.001636415719985962,0.9945941269397736,True,0.7762330770492554,Normal,0.9962305426597595,Scratch,0.001636415719985962,Loc,0.001116732251830399,0.010505218597245403,0.9962305426597595,0.00042719405610114336,1.2378769120857669e-08,0.0005799304344691336,9.118262823903933e-06,0.001116732251830399,1.9724907818208237e-10,8.972970810816605e-09,0.001636415719985962,42,44,1414,25,0.01768033946251768,"{'source_height': 42, 'source_width': 44, 'resized_height': 92, 'resized_width': 96, 'padding_top': 2, 'padding_bottom': 2, 'padding_left': 0, 'padding_right': 0, 'scale': 2.1818181818181817}"
record_000781486:0,artifacts/input_files/record_000781486.npy,0,0,Normal,False,0.998893678188324,0.010063590481877327,AUTO_ACCEPT,Production-enabled class meets the frozen confidence and probability-margin requirements.,True,0.9441788792610168,0.1,0.0004817333538085222,0.9984119448345155,True,0.7762330770492554,Normal,0.998893678188324,Scratch,0.0004817333538085222,Edge-Loc,0.0002681732003111392,0.010505218597245403,0.998893678188324,0.00010787942301249132,1.2510728009118566e-09,0.0002681732003111392,5.139488166605588e-06,0.00024334107001777738,4.19743025059649e-11,1.2475557253921465e-09,0.0004817333538085222,42,44,1414,43,0.03041018387553041,"{'source_height': 42, 'source_width': 44, 'resized_height': 92, 'resized_width': 96, 'padding_top': 2, 'padding_bottom': 2, 'padding_left': 0, 'padding_right': 0, 'scale': 2.1818181818181817}"
record_000781516:0,artifacts/input_files/record_000781516.npy,0,0,Normal,False,0.9955918192863464,0.03378646448254585,AUTO_ACCEPT,Production-enabled class meets the frozen confidence and probability-margin requirements.,True,0.9441788792610168,0.1,0.001956542255356908,0.9936352770309895,True,0.7762330770492554,Normal,0.9955918192863464,Scratch,0.001956542255356908,Loc,0.0013864332577213645,0.010505218597245403,0.9955918192863464,0.00044646437163464725,1.5147524123904077e-08,0.0006098338053561747,8.852642167767044e-06,0.0013864332577213645,1.9965253061915433e-10,1.0079250323258293e-08,0.001956542255356908,42,44,1414,19,0.013437057991513438,"{'source_height': 42, 'source_width': 44, 'resized_height': 92, 'resized_width': 96, 'padding_top': 2, 'padding_bottom': 2, 'padding_left': 0, 'padding_right': 0, 'scale': 2.1818181818181817}"
record_000781629:0,artifacts/input_files/record_000781629.npy,0,0,Normal,False,0.9976840019226074,0.019376268610358238,AUTO_ACCEPT,Production-enabled class meets the frozen confidence and probability-margin requirements.,True,0.9441788792610168,0.1,0.0009836612734943628,0.9967003406491131,True,0.7762330770492554,Normal,0.9976840019226074,Scratch,0.0009836612734943628,Loc,0.0005776225007139146,0.010505218597245403,0.9976840019226074,0.00024376341025345027,5.186489460129451e-09,0.0005023868288844824,8.610884833615273e-06,0.0005776225007139146,1.4933321246246578e-10,4.8557518006475675e-09,0.0009836612734943628,42,44,1414,29,0.02050919377652051,"{'source_height': 42, 'source_width': 44, 'resized_height': 92, 'resized_width': 96, 'padding_top': 2, 'padding_bottom': 2, 'padding_left': 0, 'padding_right': 0, 'scale': 2.1818181818181817}"
record_000781676:0,artifacts/input_files/record_000781676.npy,0,0,Normal,False,0.9953503608703613,0.03561704233288765,AUTO_ACCEPT,Production-enabled class meets the frozen confidence and probability-margin requirements.,True,0.9441788792610168,0.1,0.0015701159136369824,0.9937802449567243,True,0.7762330770492554,Normal,0.9953503608703613,Edge-Loc,0.0015701159136369824,Scratch,0.0015073573449626565,0.010505218597245403,0.9953503608703613,0.00030306875123642385,1.049492048821321e-08,0.0015701159136369824,2.60681063082302e-05,0.0012429694179445505,5.877958675348793e-10,1.4096032785460011e-08,0.0015073573449626565,42,44,1414,36,0.02545968882602546,"{'source_height': 42, 'source_width': 44, 'resized_height': 92, 'resized_width': 96, 'padding_top': 2, 'padding_bottom': 2, 'padding_left': 0, 'padding_right': 0, 'scale': 2.1818181818181817}"
record_000781681:0,artifacts/input_files/record_000781681.npy,0,0,Normal,False,0.9965091347694397,0.02747439593076706,AUTO_ACCEPT,Production-enabled class meets the frozen confidence and probability-margin requirements.,True,0.9441788792610168,0.1,0.0015421523712575436,0.9949669823981822,True,0.7762330770492554,Normal,0.9965091347694397,Scratch,0.0015421523712575436,Loc,0.001153650344349444,0.010505218597245403,0.9965091347694397,0.00023143822909332812,1.0680829554132742e-08,0.0005546050961129367,9.025735380419064e-06,0.001153650344349444,1.3960842204507884e-10,7.328592843691695e-09,0.0015421523712575436,42,44,1414,22,0.015558698727015558,"{'source_height': 42, 'source_width': 44, 'resized_height': 92, 'resized_width': 96, 'padding_top': 2, 'padding_bottom': 2, 'padding_left': 0, 'padding_right': 0, 'scale': 2.1818181818181817}"
record_000781907:0,artifacts/input_files/record_000781907.npy,0,0,Normal,False,0.9974839687347412,0.020809881389141083,AUTO_ACCEPT,Production-enabled class meets the frozen confidence and probability-margin requirements.,True,0.9441788792610168,0.1,0.0010808700462803245,0.9964030986884609,True,0.7762330770492554,Normal,0.9974839687347412,Scratch,0.0010808700462803245,Loc,0.0007097630295902491,0.010505218597245403,0.9974839687347412,0.0003040983574464917,6.352836479095458e-09,0.0004153139889240265,5.969802259642165e-06,0.0007097630295902491,1.2667168702851228e-10,4.8638701954928365e-09,0.0010808700462803245,42,44,1414,25,0.01768033946251768,"{'source_height': 42, 'source_width': 44, 'resized_height': 92, 'resized_width': 96, 'padding_top': 2, 'padding_bottom': 2, 'padding_left': 0, 'padding_right': 0, 'scale': 2.1818181818181817}"
record_000781915:0,artifacts/input_files/record_000781915.npy,0,0,Normal,False,0.9975587129592896,0.020118191838264465,AUTO_ACCEPT,Production-enabled class meets the frozen confidence and probability-margin requirements.,True,0.9441788792610168,0.1,0.0012208841508254409,0.9963378288084641,True,0.7762330770492554,Normal,0.9975587129592896,Scratch,0.0012208841508254409,Loc,0.0005898283561691642,0.010505218597245403,0.9975587129592896,0.0002505954180378467,5.435748295923304e-09,0.0003732838958967477,6.695940555800917e-06,0.0005898283561691642,8.665855533163125e-11,3.7482226211693614e-09,0.0012208841508254409,42,44,1414,26,0.018387553041018388,"{'source_height': 42, 'source_width': 44, 'resized_height': 92, 'resized_width': 96, 'padding_top': 2, 'padding_bottom': 2, 'padding_left': 0, 'padding_right': 0, 'scale': 2.1818181818181817}"
record_000782962:0,artifacts/input_files/record_000782962.npy,0,0,Normal,False,0.9992801547050476,0.00684173870831728,AUTO_ACCEPT,Production-enabled class meets the frozen confidence and probability-margin requirements.,True,0.9441788792610168,0.1,0.0003340180846862495,0.9989461366203614,True,0.7762330770492554,Normal,0.9992801547050476,Scratch,0.0003340180846862495,Edge-Loc,0.00018355101929046214,0.010505218597245403,0.9992801547050476,6.977263547014445e-05,5.620930942917823e-10,0.00018355101929046214,4.281337169231847e-06,0.00012818339746445417,1.5381454790408533e-11,4.5109915802754585e-10,0.0003340180846862495,42,44,1414,54,0.03818953323903819,"{'source_height': 42, 'source_width': 44, 'resized_height': 92, 'resized_width': 96, 'padding_top': 2, 'padding_bottom': 2, 'padding_left': 0, 'padding_right': 0, 'scale': 2.1818181818181817}"
record_000782969:0,artifacts/input_files/record_000782969.npy,0,0,Normal,False,0.9950358271598816,0.03750240057706833,AUTO_ACCEPT,Production-enabled class meets the frozen confidence and probability-margin requirements.,True,0.9441788792610168,0.1,0.0023047332651913166,0.9927310938946903,True,0.7762330770492554,Normal,0.9950358271598816,Scratch,0.0023047332651913166,Loc,0.0013265213929116726,0.010505218597245403,0.9950358271598816,0.00044346225331537426,2.7674561309254386e-08,0.0008697863668203354,1.951512967934832e-05,0.0013265213929116726,3.6715075424353927e-10,1.6163594906970502e-08,0.0023047332651913166,42,44,1414,70,0.04950495049504951,"{'source_height': 42, 'source_width': 44, 'resized_height': 92, 'resized_width': 96, 'padding_top': 2, 'padding_bottom': 2, 'padding_left': 0, 'padding_right': 0, 'scale': 2.1818181818181817}"
record_000782972:0,artifacts/input_files/record_000782972.npy,0,0,Normal,False,0.9968706965446472,0.025215402245521545,AUTO_ACCEPT,Production-enabled class meets the frozen confidence and probability-margin requirements.,True,0.9441788792610168,0.1,0.0013507404364645481,0.9955199561081827,True,0.7762330770492554,Normal,0.9968706965446472,Scratch,0.0013507404364645481,Loc,0.0008514209184795618,0.010505218597245403,0.9968706965446472,0.0004048256669193506,9.27121224236771e-09,0.0005151028162799776,7.2145539888879284e-06,0.0008514209184795618,1.7809938246404755e-10,7.091057074859464e-09,0.0013507404364645481,42,44,1414,27,0.019094766619519095,"{'source_height': 42, 'source_width': 44, 'resized_height': 92, 'resized_width': 96, 'padding_top': 2, 'padding_bottom': 2, 'padding_left': 0, 'padding_right': 0, 'scale': 2.1818181818181817}"
record_000783176:0,artifacts/input_files/record_000783176.npy,0,0,Normal,False,0.9986055493354797,0.01232433132827282,AUTO_ACCEPT,Production-enabled class meets the frozen confidence and probability-margin requirements.,True,0.9441788792610168,0.1,0.0006775454385206103,0.9979280038969591,True,0.7762330770492554,Normal,0.9986055493354797,Scratch,0.0006775454385206103,Loc,0.0002820562804117799,0.010505218597245403,0.9986055493354797,0.00018105962953995913,1.7115172612491847e-09,0.0002495343505870551,4.121799975109752e-06,0.0002820562804117799,4.472154938039985e-11,1.4567046457969468e-09,0.0006775454385206103,42,44,1414,30,0.021216407355021217,"{'source_height': 42, 'source_width': 44, 'resized_height': 92, 'resized_width': 96, 'padding_top': 2, 'padding_bottom': 2, 'padding_left': 0, 'padding_right': 0, 'scale': 2.1818181818181817}"
record_000783185:0,artifacts/input_files/record_000783185.npy,0,0,Normal,False,0.9984040856361389,0.013990329578518867,AUTO_ACCEPT,Production-enabled class meets the frozen confidence and probability-margin requirements.,True,0.9441788792610168,0.1,0.0006699928198941052,0.9977340928162448,True,0.7762330770492554,Normal,0.9984040856361389,Scratch,0.0006699928198941052,Loc,0.00034859857987612486,0.010505218597245403,0.9984040856361389,0.00023823080118745565,2.211453686840059e-09,0.000334183539962396,5.050618256063899e-06,0.00034859857987612486,7.990719197437102e-11,2.2746136085771695e-09,0.0006699928198941052,42,44,1414,34,0.024045261669024046,"{'source_height': 42, 'source_width': 44, 'resized_height': 92, 'resized_width': 96, 'padding_top': 2, 'padding_bottom': 2, 'padding_left': 0, 'padding_right': 0, 'scale': 2.1818181818181817}"
record_000783241:0,artifacts/input_files/record_000783241.npy,0,0,Normal,False,0.9999268054962158,0.0008558008703403175,AUTO_ACCEPT,Production-enabled class meets the frozen confidence and probability-margin requirements.,True,0.9441788792610168,0.1,3.6936231481377035e-05,0.9998898692647344,True,0.7762330770492554,Normal,0.9999268054962158,Edge-Loc,3.6936231481377035e-05,Scratch,2.394766670477111e-05,0.010505218597245403,0.9999268054962158,4.946100943925558e-06,3.4908785931375697e-12,3.6936231481377035e-05,1.3299776355779613e-06,6.024282356520416e-06,4.834470497538934e-13,6.816763733347164e-12,2.394766670477111e-05,42,44,1414,120,0.08486562942008487,"{'source_height': 42, 'source_width': 44, 'resized_height': 92, 'resized_width': 96, 'padding_top': 2, 'padding_bottom': 2, 'padding_left': 0, 'padding_right': 0, 'scale': 2.1818181818181817}"
record_000783242:0,artifacts/input_files/record_000783242.npy,0,0,Normal,False,0.9978286623954773,0.018301822245121002,AUTO_ACCEPT,Production-enabled class meets the frozen confidence and probability-margin requirements.,True,0.9441788792610168,0.1,0.0009140052716247737,0.9969146571238525,True,0.7762330770492554,Normal,0.9978286623954773,Scratch,0.0009140052716247737,Loc,0.0005310753476805985,0.010505218597245403,0.9978286623954773,0.00021587841911241412,4.677753739912305e-09,0.0005023422418162227,8.012835678528063e-06,0.0005310753476805985,1.4941041459604065e-10,4.684834298274154e-09,0.0009140052716247737,42,44,1414,28,0.019801980198019802,"{'source_height': 42, 'source_width': 44, 'resized_height': 92, 'resized_width': 96, 'padding_top': 2, 'padding_bottom': 2, 'padding_left': 0, 'padding_right': 0, 'scale': 2.1818181818181817}"
record_000783280:0,artifacts/input_files/record_000783280.npy,0,0,Normal,False,0.9987665414810181,0.01108678337186575,AUTO_ACCEPT,Production-enabled class meets the frozen confidence and probability-margin requirements.,True,0.9441788792610168,0.1,0.0005714285071007907,0.9981951129739173,True,0.7762330770492554,Normal,0.9987665414810181,Scratch,0.0005714285071007907,Loc,0.00024635405861772597,0.010505218597245403,0.9987665414810181,0.0002111571520799771,1.2636979240809865e-09,0.0002015811624005437,2.9662826364074135e-06,0.00024635405861772597,3.1674999428910056e-11,1.0603373734596744e-09,0.0005714285071007907,42,44,1414,32,0.02263083451202263,"{'source_height': 42, 'source_width': 44, 'resized_height': 92, 'resized_width': 96, 'padding_top': 2, 'padding_bottom': 2, 'padding_left': 0, 'padding_right': 0, 'scale': 2.1818181818181817}"
record_000783526:0,artifacts/input_files/record_000783526.npy,0,0,Normal,False,0.9983047246932983,0.01467275433242321,AUTO_ACCEPT,Production-enabled class meets the frozen confidence and probability-margin requirements.,True,0.9441788792610168,0.1,0.0007702542352490127,0.9975344704580493,True,0.7762330770492554,Normal,0.9983047246932983,Scratch,0.0007702542352490127,Loc,0.0004375179996713996,0.010505218597245403,0.9983047246932983,0.00019344079191796482,2.9937854417738663e-09,0.00028865778585895896,5.483323548105545e-06,0.0004375179996713996,5.748552328599388e-11,2.2219468487350014e-09,0.0007702542352490127,42,44,1414,31,0.021923620933521924,"{'source_height': 42, 'source_width': 44, 'resized_height': 92, 'resized_width': 96, 'padding_top': 2, 'padding_bottom': 2, 'padding_left': 0, 'padding_right': 0, 'scale': 2.1818181818181817}"
record_000783561:0,artifacts/input_files/record_000783561.npy,0,0,Normal,False,0.9994611144065857,0.005283604841679335,AUTO_ACCEPT,Production-enabled class meets the frozen confidence and probability-margin requirements.,True,0.9441788792610168,0.1,0.00024454513913951814,0.9992165692674462,True,0.7762330770492554,Normal,0.9994611144065857,Scratch,0.00024454513913951814,Edge-Loc,0.00014438141079153866,0.010505218597245403,0.9994611144065857,6.0308415413601324e-05,2.726859293922246e-10,0.00014438141079153866,2.843066795321647e-06,8.684826025273651e-05,1.135408086994083e-11,2.8790275719003944e-10,0.00024454513913951814,42,44,1414,53,0.03748231966053748,"{'source_height': 42, 'source_width': 44, 'resized_height': 92, 'resized_width': 96, 'padding_top': 2, 'padding_bottom': 2, 'padding_left': 0, 'padding_right': 0, 'scale': 2.1818181818181817}"
record_000783630:0,artifacts/input_files/record_000783630.npy,0,0,Normal,False,0.9979750514030457,0.017213333398103714,AUTO_ACCEPT,Production-enabled class meets the frozen confidence and probability-margin requirements.,True,0.9441788792610168,0.1,0.0008585292962379754,0.9971165221068077,True,0.7762330770492554,Normal,0.9979750514030457,Scratch,0.0008585292962379754,Loc,0.0005314091104082763,0.010505218597245403,0.9979750514030457,0.0002254713763250038,4.352982418964757e-09,0.00040287699084728956,6.661874067503959e-06,0.0005314091104082763,1.1331281052351372e-10,3.800759706962253e-09,0.0008585292962379754,42,44,1414,28,0.019801980198019802,"{'source_height': 42, 'source_width': 44, 'resized_height': 92, 'resized_width': 96, 'padding_top': 2, 'padding_bottom': 2, 'padding_left': 0, 'padding_right': 0, 'scale': 2.1818181818181817}"
record_000784139:0,artifacts/input_files/record_000784139.npy,0,0,Normal,False,0.9995904564857483,0.0041502974927425385,AUTO_ACCEPT,Production-enabled class meets the frozen confidence and probability-margin requirements.,True,0.9441788792610168,0.1,0.00016221890109591186,0.9994282375846524,True,0.7762330770492554,Normal,0.9995904564857483,Scratch,0.00016221890109591186,Edge-Loc,0.00010792225657496601,0.010505218597245403,0.9995904564857483,8.439636440016329e-05,1.3851371438722282e-10,0.00010792225657496601,1.7188114043165115e-06,5.336138201528229e-05,9.853349039468107e-12,1.9046454691196146e-10,0.00016221890109591186,42,44,1414,52,0.036775106082036775,"{'source_height': 42, 'source_width': 44, 'resized_height': 92, 'resized_width': 96, 'padding_top': 2, 'padding_bottom': 2, 'padding_left': 0, 'padding_right': 0, 'scale': 2.1818181818181817}"
record_000784150:0,artifacts/input_files/record_000784150.npy,0,0,Normal,False,0.9973063468933105,0.022035781294107437,AUTO_ACCEPT,Production-enabled class meets the frozen confidence and probability-margin requirements.,True,0.9441788792610168,0.1,0.0012548052472993731,0.9960515416460112,True,0.7762330770492554,Normal,0.9973063468933105,Scratch,0.0012548052472993731,Loc,0.000635616306681186,0.010505218597245403,0.9973063468933105,0.00026830376009456813,7.158939219209515e-09,0.0005255975993350148,9.379610673931893e-06,0.000635616306681186,1.706061680817328e-10,5.527896362877982e-09,0.0012548052472993731,42,44,1414,26,0.018387553041018388,"{'source_height': 42, 'source_width': 44, 'resized_height': 92, 'resized_width': 96, 'padding_top': 2, 'padding_bottom': 2, 'padding_left': 0, 'padding_right': 0, 'scale': 2.1818181818181817}"
record_000784158:0,artifacts/input_files/record_000784158.npy,0,0,Normal,False,0.9980112314224243,0.016915207728743553,AUTO_ACCEPT,Production-enabled class meets the frozen confidence and probability-margin requirements.,True,0.9441788792610168,0.1,0.0009002227452583611,0.997111008677166,True,0.7762330770492554,Normal,0.9980112314224243,Scratch,0.0009002227452583611,Loc,0.0004734457761514932,0.010505218597245403,0.9980112314224243,0.00024355936329811811,3.627582234599913e-09,0.00036551139783114195,5.942056759522529e-06,0.0004734457761514932,9.12467254532423e-11,3.0607201217947022e-09,0.0009002227452583611,42,44,1414,27,0.019094766619519095,"{'source_height': 42, 'source_width': 44, 'resized_height': 92, 'resized_width': 96, 'padding_top': 2, 'padding_bottom': 2, 'padding_left': 0, 'padding_right': 0, 'scale': 2.1818181818181817}"
record_000784370:0,artifacts/input_files/record_000784370.npy,0,0,Normal,False,0.9998360872268677,0.0017552155768498778,AUTO_ACCEPT,Production-enabled class meets the frozen confidence and probability-margin requirements.,True,0.9441788792610168,0.1,0.00010914615995716304,0.9997269410669105,True,0.7762330770492554,Normal,0.9998360872268677,Scratch,0.00010914615995716304,Center,2.6992727725883015e-05,0.010505218597245403,0.9998360872268677,2.6992727725883015e-05,1.0150507170902934e-11,1.1901716788997874e-05,3.872226841394877e-07,1.5431209249072708e-05,6.359947562085272e-14,3.833705054800962e-12,0.00010914615995716304,37,37,1090,68,0.062385321100917435,"{'source_height': 37, 'source_width': 37, 'resized_height': 96, 'resized_width': 96, 'padding_top': 0, 'padding_bottom': 0, 'padding_left': 0, 'padding_right': 0, 'scale': 2.5945945945945947}"
record_000784375:0,artifacts/input_files/record_000784375.npy,0,0,Normal,False,0.9999653100967407,0.00043238047510385513,AUTO_ACCEPT,Production-enabled class meets the frozen confidence and probability-margin requirements.,True,0.9441788792610168,0.1,1.4686997928947676e-05,0.9999506230988118,True,0.7762330770492554,Normal,0.9999653100967407,Scratch,1.4686997928947676e-05,Edge-Loc,1.4227511201170273e-05,0.010505218597245403,0.9999653100967407,2.0531949758151313e-06,3.643089790342918e-13,1.4227511201170273e-05,7.917107609500817e-07,2.9403083772194805e-06,1.7123892500367846e-14,4.840525224571179e-13,1.4686997928947676e-05,37,37,1091,106,0.09715857011915674,"{'source_height': 37, 'source_width': 37, 'resized_height': 96, 'resized_width': 96, 'padding_top': 0, 'padding_bottom': 0, 'padding_left': 0, 'padding_right': 0, 'scale': 2.5945945945945947}"
record_000784389:0,artifacts/input_files/record_000784389.npy,0,0,Normal,False,0.9998080134391785,0.0020515795331448317,AUTO_ACCEPT,Production-enabled class meets the frozen confidence and probability-margin requirements.,True,0.9441788792610168,0.1,0.00010179243690799922,0.9997062210022705,True,0.7762330770492554,Normal,0.9998080134391785,Edge-Loc,0.00010179243690799922,Scratch,6.24275126028806e-05,0.010505218597245403,0.9998080134391785,1.1602536687860265e-05,1.721621434823406e-12,0.00010179243690799922,4.179120878688991e-06,1.1990573511866387e-05,1.4162529113868894e-13,3.3362826390437306e-12,6.24275126028806e-05,37,37,1089,95,0.08723599632690542,"{'source_height': 37, 'source_width': 37, 'resized_height': 96, 'resized_width': 96, 'padding_top': 0, 'padding_bottom': 0, 'padding_left': 0, 'padding_right': 0, 'scale': 2.5945945945945947}"
record_000784518:0,artifacts/input_files/record_000784518.npy,0,0,Normal,False,0.9998612403869629,0.0015271969605237246,AUTO_ACCEPT,Production-enabled class meets the frozen confidence and probability-margin requirements.,True,0.9441788792610168,0.1,6.294016930041835e-05,0.9997983002176625,True,0.7762330770492554,Normal,0.9998612403869629,Edge-Loc,6.294016930041835e-05,Scratch,5.687482553184964e-05,0.009956374924513511,0.9998612403869629,1.9021551906917011e-06,9.52058397396538e-12,6.294016930041835e-05,6.016693532728823e-06,1.1066930710512679e-05,8.483362666858452e-13,1.7034739938082133e-11,5.687482553184964e-05,33,37,953,74,0.0776495278069255,"{'source_height': 33, 'source_width': 37, 'resized_height': 86, 'resized_width': 96, 'padding_top': 5, 'padding_bottom': 5, 'padding_left': 0, 'padding_right': 0, 'scale': 2.5945945945945947}"
record_000784541:0,artifacts/input_files/record_000784541.npy,0,0,Normal,False,0.999817430973053,0.0019862388726323843,AUTO_ACCEPT,Production-enabled class meets the frozen confidence and probability-margin requirements.,True,0.9441788792610168,0.1,7.743450260022655e-05,0.9997399964704528,True,0.7762330770492554,Normal,0.999817430973053,Edge-Loc,7.743450260022655e-05,Scratch,6.343672430375591e-05,0.009956374924513511,0.999817430973053,2.235624378954526e-05,2.694019313187468e-11,7.743450260022655e-05,2.7124303869641153e-06,1.6666928786435165e-05,5.322503722482441e-12,6.095258325844455e-11,6.343672430375591e-05,33,37,951,69,0.07255520504731862,"{'source_height': 33, 'source_width': 37, 'resized_height': 86, 'resized_width': 96, 'padding_top': 5, 'padding_bottom': 5, 'padding_left': 0, 'padding_right': 0, 'scale': 2.5945945945945947}"
record_000784551:0,artifacts/input_files/record_000784551.npy,0,0,Normal,False,0.999605119228363,0.00400656508281827,AUTO_ACCEPT,Production-enabled class meets the frozen confidence and probability-margin requirements.,True,0.9441788792610168,0.1,0.00017903815023601055,0.999426081078127,True,0.7762330770492554,Normal,0.999605119228363,Scratch,0.00017903815023601055,Edge-Loc,9.822847641771659e-05,0.009956374924513511,0.999605119228363,6.639553612330928e-05,1.5834662747682415e-10,9.822847641771659e-05,4.211678060528357e-06,4.714896931545809e-05,1.1701089749904803e-11,1.9104839932282403e-10,0.00017903815023601055,33,37,953,50,0.05246589716684155,"{'source_height': 33, 'source_width': 37, 'resized_height': 86, 'resized_width': 96, 'padding_top': 5, 'padding_bottom': 5, 'padding_left': 0, 'padding_right': 0, 'scale': 2.5945945945945947}"
record_000784850:0,artifacts/input_files/record_000784850.npy,0,0,Normal,False,0.9998522996902466,0.0016124413814395666,AUTO_ACCEPT,Production-enabled class meets the frozen confidence and probability-margin requirements.,True,0.9441788792610168,0.1,8.08053373475559e-05,0.999771494352899,True,0.7762330770492554,Normal,0.9998522996902466,Scratch,8.08053373475559e-05,Edge-Loc,4.448222534847446e-05,0.009956374924513511,0.9998522996902466,3.6110218388785142e-06,1.2387950908132606e-11,4.448222534847446e-05,2.4106425371428486e-06,1.6441967090941034e-05,3.7519699803631457e-13,1.2988034259198145e-11,8.08053373475559e-05,33,37,953,70,0.07345225603357818,"{'source_height': 33, 'source_width': 37, 'resized_height': 86, 'resized_width': 96, 'padding_top': 5, 'padding_bottom': 5, 'padding_left': 0, 'padding_right': 0, 'scale': 2.5945945945945947}"
record_000785054:0,artifacts/input_files/record_000785054.npy,0,0,Normal,False,0.9999868869781494,0.00017646074411459267,AUTO_ACCEPT,Production-enabled class meets the frozen confidence and probability-margin requirements.,True,0.9441788792610168,0.1,7.2858724706748035e-06,0.9999796011056787,True,0.7762330770492554,Normal,0.9999868869781494,Edge-Loc,7.2858724706748035e-06,Scratch,3.5044820378971053e-06,0.009956374924513511,0.9999868869781494,1.3234449625088018e-06,7.97410504597626e-14,7.2858724706748035e-06,3.782660655815562e-07,6.780207399970095e-07,2.6005615710996896e-14,2.5779538551616576e-13,3.5044820378971053e-06,33,37,953,95,0.09968520461699895,"{'source_height': 33, 'source_width': 37, 'resized_height': 86, 'resized_width': 96, 'padding_top': 5, 'padding_bottom': 5, 'padding_left': 0, 'padding_right': 0, 'scale': 2.5945945945945947}"
record_000785124:0,artifacts/input_files/record_000785124.npy,0,0,Normal,False,0.9999459981918335,0.00064526975620538,AUTO_ACCEPT,Production-enabled class meets the frozen confidence and probability-margin requirements.,True,0.9441788792610168,0.1,2.5206563805113547e-05,0.9999207916280284,True,0.7762330770492554,Normal,0.9999459981918335,Scratch,2.5206563805113547e-05,Edge-Loc,2.1241990907583386e-05,0.009956374924513511,0.9999459981918335,1.0074165857076878e-06,1.3438196952778036e-12,2.1241990907583386e-05,1.5708569662820082e-06,4.989688022760674e-06,6.738920944708571e-14,1.953803004800525e-12,2.5206563805113547e-05,33,37,952,67,0.0703781512605042,"{'source_height': 33, 'source_width': 37, 'resized_height': 86, 'resized_width': 96, 'padding_top': 5, 'padding_bottom': 5, 'padding_left': 0, 'padding_right': 0, 'scale': 2.5945945945945947}"
record_000785441:0,artifacts/input_files/record_000785441.npy,0,0,Normal,False,0.9999794960021973,0.00026211998192593455,AUTO_ACCEPT,Production-enabled class meets the frozen confidence and probability-margin requirements.,True,0.9441788792610168,0.1,1.305283421970671e-05,0.9999664431679776,True,0.7762330770492554,Normal,0.9999794960021973,Edge-Loc,1.305283421970671e-05,Scratch,4.530097612587269e-06,0.009956374924513511,0.9999794960021973,7.52054802433122e-07,6.488531906862979e-14,1.305283421970671e-05,7.775431640766328e-07,1.2931775472679874e-06,1.246709424471094e-14,2.7758410804309963e-13,4.530097612587269e-06,33,37,953,124,0.13011542497376705,"{'source_height': 33, 'source_width': 37, 'resized_height': 86, 'resized_width': 96, 'padding_top': 5, 'padding_bottom': 5, 'padding_left': 0, 'padding_right': 0, 'scale': 2.5945945945945947}"
record_000785519:0,artifacts/input_files/record_000785519.npy,0,0,Normal,False,0.9999336004257202,0.0007888735271990299,AUTO_ACCEPT,Production-enabled class meets the frozen confidence and probability-margin requirements.,True,0.9441788792610168,0.1,3.016971459146589e-05,0.9999034307111287,True,0.7762330770492554,Normal,0.9999336004257202,Scratch,3.016971459146589e-05,Edge-Loc,2.0749545001308434e-05,0.009956374924513511,0.9999336004257202,8.038910891627893e-06,4.037093576103601e-12,2.0749545001308434e-05,6.893138220220862e-07,6.773477252863813e-06,2.8327549182229073e-13,5.107532452530705e-12,3.016971459146589e-05,33,37,953,62,0.06505771248688352,"{'source_height': 33, 'source_width': 37, 'resized_height': 86, 'resized_width': 96, 'padding_top': 5, 'padding_bottom': 5, 'padding_left': 0, 'padding_right': 0, 'scale': 2.5945945945945947}"
record_000785531:0,artifacts/input_files/record_000785531.npy,0,0,Normal,False,0.9999785423278809,0.0002794399333652109,AUTO_ACCEPT,Production-enabled class meets the frozen confidence and probability-margin requirements.,True,0.9441788792610168,0.1,9.671085535956081e-06,0.9999688712423449,True,0.7762330770492554,Normal,0.9999785423278809,Scratch,9.671085535956081e-06,Edge-Loc,7.190903488663025e-06,0.009956374924513511,0.9999785423278809,1.9459287159406813e-06,3.7120455906140826e-13,7.190903488663025e-06,2.548079010011861e-07,2.4539469904993894e-06,1.9235582907322496e-14,5.076572300553861e-13,9.671085535956081e-06,33,37,952,74,0.07773109243697479,"{'source_height': 33, 'source_width': 37, 'resized_height': 86, 'resized_width': 96, 'padding_top': 5, 'padding_bottom': 5, 'padding_left': 0, 'padding_right': 0, 'scale': 2.5945945945945947}"
record_000785975:0,artifacts/input_files/record_000785975.npy,0,0,Normal,False,0.9999536275863647,0.0005633710534311831,AUTO_ACCEPT,Production-enabled class meets the frozen confidence and probability-margin requirements.,True,0.9441788792610168,0.1,2.387522363278549e-05,0.999929752362732,True,0.7762330770492554,Normal,0.9999536275863647,Scratch,2.387522363278549e-05,Edge-Loc,1.4469845154962968e-05,0.009956374924513511,0.9999536275863647,2.3070333554642275e-06,1.832448038793788e-12,1.4469845154962968e-05,7.897521641098137e-07,4.9632203626970295e-06,7.431853526682075e-14,2.0894588143027804e-12,2.387522363278549e-05,33,37,952,74,0.07773109243697479,"{'source_height': 33, 'source_width': 37, 'resized_height': 86, 'resized_width': 96, 'padding_top': 5, 'padding_bottom': 5, 'padding_left': 0, 'padding_right': 0, 'scale': 2.5945945945945947}"
record_000786178:0,artifacts/input_files/record_000786178.npy,0,0,Normal,False,0.9998904466629028,0.0012544578639790416,AUTO_ACCEPT,Production-enabled class meets the frozen confidence and probability-margin requirements.,True,0.9441788792610168,0.1,3.859828211716376e-05,0.9998518483807857,True,0.7762330770492554,Normal,0.9998904466629028,Scratch,3.859828211716376e-05,Edge-Loc,3.542950435075909e-05,0.009956374924513511,0.9998904466629028,2.2713014914188534e-05,3.6118924691408427e-12,3.542950435075909e-05,6.188225825098925e-07,1.2184863408037927e-05,2.517195707516656e-13,5.553660829826779e-12,3.859828211716376e-05,33,37,953,77,0.080797481636936,"{'source_height': 33, 'source_width': 37, 'resized_height': 86, 'resized_width': 96, 'padding_top': 5, 'padding_bottom': 5, 'padding_left': 0, 'padding_right': 0, 'scale': 2.5945945945945947}"
record_000786216:0,artifacts/input_files/record_000786216.npy,0,0,Normal,False,0.9999624490737915,0.00046275585191324353,AUTO_ACCEPT,Production-enabled class meets the frozen confidence and probability-margin requirements.,True,0.9441788792610168,0.1,1.8158831153414212e-05,0.9999442902426381,True,0.7762330770492554,Normal,0.9999624490737915,Edge-Loc,1.8158831153414212e-05,Scratch,1.4431991985475179e-05,0.009956374924513511,0.9999624490737915,1.831617169045785e-06,5.491990326053631e-13,1.8158831153414212e-05,1.0890965995713486e-06,2.0597158254531678e-06,7.009797337855991e-14,1.2552624955100566e-12,1.4431991985475179e-05,33,37,952,93,0.0976890756302521,"{'source_height': 33, 'source_width': 37, 'resized_height': 86, 'resized_width': 96, 'padding_top': 5, 'padding_bottom': 5, 'padding_left': 0, 'padding_right': 0, 'scale': 2.5945945945945947}"
record_000786223:0,artifacts/input_files/record_000786223.npy,0,0,Normal,False,0.9971185922622681,0.023129820823669434,AUTO_ACCEPT,Production-enabled class meets the frozen confidence and probability-margin requirements.,True,0.9441788792610168,0.1,0.001310129533521831,0.9958084627287462,True,0.7762330770492554,Normal,0.9971185922622681,Scratch,0.001310129533521831,Edge-Loc,0.0009188589174300432,0.009956374924513511,0.9971185922622681,9.26493521546945e-05,5.153106830135812e-10,0.0009188589174300432,1.8140943211619742e-05,0.0005415322375483811,7.83092427708576e-12,6.973828181600084e-10,0.001310129533521831,33,37,952,102,0.10714285714285714,"{'source_height': 33, 'source_width': 37, 'resized_height': 86, 'resized_width': 96, 'padding_top': 5, 'padding_bottom': 5, 'padding_left': 0, 'padding_right': 0, 'scale': 2.5945945945945947}"
record_000786265:0,artifacts/input_files/record_000786265.npy,0,3,Edge-Loc,True,0.5381432771682739,0.6908369660377502,ABSTAIN,Confidence is below the frozen abstain threshold.,False,,,0.46180012822151184,0.07634314894676208,True,0.7762330770492554,Edge-Loc,0.5381432771682739,Edge-Ring,0.46180012822151184,Normal,4.7518016799585894e-05,0.009956374924513511,4.7518016799585894e-05,1.322681186799457e-09,7.879611962913202e-10,0.5381432771682739,0.46180012822151184,1.2776847597706364e-06,4.2236424633301795e-06,2.378392082391656e-06,1.1731473250620184e-06,33,37,952,133,0.13970588235294118,"{'source_height': 33, 'source_width': 37, 'resized_height': 86, 'resized_width': 96, 'padding_top': 5, 'padding_bottom': 5, 'padding_left': 0, 'padding_right': 0, 'scale': 2.5945945945945947}"
record_000786425:0,artifacts/input_files/record_000786425.npy,0,0,Normal,False,0.9999444484710693,0.0006566266529262066,AUTO_ACCEPT,Production-enabled class meets the frozen confidence and probability-margin requirements.,True,0.9441788792610168,0.1,3.544652645359747e-05,0.9999090019446157,True,0.7762330770492554,Normal,0.9999444484710693,Edge-Loc,3.544652645359747e-05,Scratch,1.3386100363277365e-05,0.009956374924513511,0.9999444484710693,1.8394403014099225e-06,5.433066648484475e-13,3.544652645359747e-05,2.433555437164614e-06,2.4691855742275948e-06,1.584070873604515e-13,1.917275149407316e-12,1.3386100363277365e-05,33,37,951,74,0.07781282860147214,"{'source_height': 33, 'source_width': 37, 'resized_height': 86, 'resized_width': 96, 'padding_top': 5, 'padding_bottom': 5, 'padding_left': 0, 'padding_right': 0, 'scale': 2.5945945945945947}"
record_000786431:0,artifacts/input_files/record_000786431.npy,0,0,Normal,False,0.9998160004615784,0.0018885822501033545,AUTO_ACCEPT,Production-enabled class meets the frozen confidence and probability-margin requirements.,True,0.9441788792610168,0.1,0.0001524604158475995,0.9996635400457308,True,0.7762330770492554,Normal,0.9998160004615784,Edge-Loc,0.0001524604158475995,Scratch,1.4490707144432236e-05,0.009956374924513511,0.9998160004615784,4.482402346184244e-06,1.194135177025324e-12,0.0001524604158475995,9.489663170825224e-06,3.0107146358204773e-06,1.8557885263226215e-12,8.92382955725024e-12,1.4490707144432236e-05,33,37,944,85,0.09004237288135593,"{'source_height': 33, 'source_width': 37, 'resized_height': 86, 'resized_width': 96, 'padding_top': 5, 'padding_bottom': 5, 'padding_left': 0, 'padding_right': 0, 'scale': 2.5945945945945947}"
record_000786514:0,artifacts/input_files/record_000786514.npy,0,0,Normal,False,0.9986451268196106,0.011484835296869278,AUTO_ACCEPT,Production-enabled class meets the frozen confidence and probability-margin requirements.,True,0.9441788792610168,0.1,0.0009684157557785511,0.997676711063832,True,0.7762330770492554,Normal,0.9986451268196106,Scratch,0.0009684157557785511,Edge-Loc,0.000250484881689772,0.009956374924513511,0.9986451268196106,3.7784393498441204e-05,5.612089681861221e-10,0.000250484881689772,1.5469580830540508e-05,8.265393989859149e-05,1.2969235928250722e-11,4.653953056266147e-10,0.0009684157557785511,33,37,952,71,0.07457983193277311,"{'source_height': 33, 'source_width': 37, 'resized_height': 86, 'resized_width': 96, 'padding_top': 5, 'padding_bottom': 5, 'padding_left': 0, 'padding_right': 0, 'scale': 2.5945945945945947}"
record_000786621:0,artifacts/input_files/record_000786621.npy,0,0,Normal,False,0.9749811291694641,0.13401244580745697,AUTO_ACCEPT,Production-enabled class meets the frozen confidence and probability-margin requirements.,True,0.9441788792610168,0.1,0.01995866373181343,0.9550224654376507,True,0.7762330770492554,Normal,0.9749811291694641,Edge-Loc,0.01995866373181343,Loc,0.0034404683392494917,0.009956374924513511,0.9749811291694641,5.6957964261528105e-05,1.1696066337663069e-08,0.01995866373181343,0.0005599253927357495,0.0034404683392494917,6.964031018519279e-10,9.51058112264036e-08,0.0010026346426457167,33,37,951,210,0.22082018927444794,"{'source_height': 33, 'source_width': 37, 'resized_height': 86, 'resized_width': 96, 'padding_top': 5, 'padding_bottom': 5, 'padding_left': 0, 'padding_right': 0, 'scale': 2.5945945945945947}"
record_000786622:0,artifacts/input_files/record_000786622.npy,0,0,Normal,False,0.9998513460159302,0.0016553024761378765,AUTO_ACCEPT,Production-enabled class meets the frozen confidence and probability-margin requirements.,True,0.9441788792610168,0.1,5.6546843552496284e-05,0.9997947991723777,True,0.7762330770492554,Normal,0.9998513460159302,Scratch,5.6546843552496284e-05,Edge-Loc,4.897802136838436e-05,0.009956374924513511,0.9998513460159302,2.3755661459290422e-05,2.538284166186955e-11,4.897802136838436e-05,1.1851703902721056e-06,1.817866177589167e-05,2.942090581575796e-12,3.986622837404141e-11,5.6546843552496284e-05,33,37,953,61,0.06400839454354669,"{'source_height': 33, 'source_width': 37, 'resized_height': 86, 'resized_width': 96, 'padding_top': 5, 'padding_bottom': 5, 'padding_left': 0, 'padding_right': 0, 'scale': 2.5945945945945947}"
record_000786631:0,artifacts/input_files/record_000786631.npy,0,0,Normal,False,0.999537467956543,0.00459690485149622,AUTO_ACCEPT,Production-enabled class meets the frozen confidence and probability-margin requirements.,True,0.9441788792610168,0.1,0.0002199656591983512,0.9993175022973446,True,0.7762330770492554,Normal,0.999537467956543,Edge-Loc,0.0002199656591983512,Scratch,0.00014384857786353678,0.009956374924513511,0.999537467956543,4.022682333015837e-05,1.2911026414652582e-10,0.0002199656591983512,1.3626291547552682e-05,4.4902721128892154e-05,1.8348787766964136e-11,2.5497826072751195e-10,0.00014384857786353678,33,37,953,61,0.06400839454354669,"{'source_height': 33, 'source_width': 37, 'resized_height': 86, 'resized_width': 96, 'padding_top': 5, 'padding_bottom': 5, 'padding_left': 0, 'padding_right': 0, 'scale': 2.5945945945945947}"
record_000787005:0,artifacts/input_files/record_000787005.npy,0,0,Normal,False,0.9999446868896484,0.0006496490095742047,AUTO_ACCEPT,Production-enabled class meets the frozen confidence and probability-margin requirements.,True,0.9441788792610168,0.1,3.771662886720151e-05,0.9999069702607812,True,0.7762330770492554,Normal,0.9999446868896484,Edge-Loc,3.771662886720151e-05,Scratch,1.0477605428604875e-05,0.009956374924513511,0.9999446868896484,3.774249535126728e-07,5.306179215631979e-13,3.771662886720151e-05,3.607520966397715e-06,3.093575742241228e-06,5.266319268149543e-14,1.854555137931202e-12,1.0477605428604875e-05,33,37,952,137,0.14390756302521007,"{'source_height': 33, 'source_width': 37, 'resized_height': 86, 'resized_width': 96, 'padding_top': 5, 'padding_bottom': 5, 'padding_left': 0, 'padding_right': 0, 'scale': 2.5945945945945947}"
record_000787010:0,artifacts/input_files/record_000787010.npy,0,0,Normal,False,0.9999833106994629,0.00021826408919878304,AUTO_ACCEPT,Production-enabled class meets the frozen confidence and probability-margin requirements.,True,0.9441788792610168,0.1,1.0690929229895119e-05,0.999972619770233,True,0.7762330770492554,Normal,0.9999833106994629,Edge-Loc,1.0690929229895119e-05,Scratch,3.1330926049122354e-06,0.009956374924513511,0.9999833106994629,9.724096372565327e-08,2.8289689181179058e-14,1.0690929229895119e-05,2.3101204078557203e-06,5.514468739420408e-07,5.682303585996529e-15,1.2110756462350297e-13,3.1330926049122354e-06,33,37,953,130,0.13641133263378805,"{'source_height': 33, 'source_width': 37, 'resized_height': 86, 'resized_width': 96, 'padding_top': 5, 'padding_bottom': 5, 'padding_left': 0, 'padding_right': 0, 'scale': 2.5945945945945947}"
record_000787013:0,artifacts/input_files/record_000787013.npy,0,0,Normal,False,0.9999902248382568,0.00013294989184942096,AUTO_ACCEPT,Production-enabled class meets the frozen confidence and probability-margin requirements.,True,0.9441788792610168,0.1,5.745404450863134e-06,0.999984479433806,True,0.7762330770492554,Normal,0.9999902248382568,Edge-Loc,5.745404450863134e-06,Scratch,2.7282796963845612e-06,0.009956374924513511,0.9999902248382568,7.652349864883945e-08,2.1917426437667066e-14,5.745404450863134e-06,4.616982209881826e-07,7.747033237137657e-07,1.062771815403497e-15,5.45310121385402e-14,2.7282796963845612e-06,33,37,953,138,0.14480587618048268,"{'source_height': 33, 'source_width': 37, 'resized_height': 86, 'resized_width': 96, 'padding_top': 5, 'padding_bottom': 5, 'padding_left': 0, 'padding_right': 0, 'scale': 2.5945945945945947}"
record_000787367:0,artifacts/input_files/record_000787367.npy,0,0,Normal,False,0.9934531450271606,0.044553276151418686,AUTO_ACCEPT,Production-enabled class meets the frozen confidence and probability-margin requirements.,True,0.9441788792610168,0.1,0.004918090533465147,0.9885350544936955,True,0.7762330770492554,Normal,0.9934531450271606,Edge-Loc,0.004918090533465147,Edge-Ring,0.0010381456231698394,0.009956374924513511,0.9934531450271606,5.346683246898465e-05,3.445310425842507e-10,0.004918090533465147,0.0010381456231698394,5.9141650126548484e-05,5.89287396657312e-10,2.6591135959819212e-09,0.000478022382594645,33,37,953,72,0.07555089192025184,"{'source_height': 33, 'source_width': 37, 'resized_height': 86, 'resized_width': 96, 'padding_top': 5, 'padding_bottom': 5, 'padding_left': 0, 'padding_right': 0, 'scale': 2.5945945945945947}"
record_000787373:0,artifacts/input_files/record_000787373.npy,0,0,Normal,False,0.9951351284980774,0.033060021698474884,AUTO_ACCEPT,Production-enabled class meets the frozen confidence and probability-margin requirements.,True,0.9441788792610168,0.1,0.00421958277001977,0.9909155457280576,True,0.7762330770492554,Normal,0.9951351284980774,Edge-Loc,0.00421958277001977,Edge-Ring,0.0005146251642145216,0.009956374924513511,0.9951351284980774,2.6613140562403714e-06,7.106013260455013e-12,0.00421958277001977,0.0005146251642145216,2.048726128123235e-05,2.6867679955855372e-11,1.4419859750702813e-10,0.00010747381747933105,33,37,953,93,0.09758656873032528,"{'source_height': 33, 'source_width': 37, 'resized_height': 86, 'resized_width': 96, 'padding_top': 5, 'padding_bottom': 5, 'padding_left': 0, 'padding_right': 0, 'scale': 2.5945945945945947}"
record_000787452:0,artifacts/input_files/record_000787452.npy,0,0,Normal,False,0.9999756813049316,0.0003108645905740559,AUTO_ACCEPT,Production-enabled class meets the frozen confidence and probability-margin requirements.,True,0.9441788792610168,0.1,1.3236391168902628e-05,0.9999624449137627,True,0.7762330770492554,Normal,0.9999756813049316,Edge-Loc,1.3236391168902628e-05,Scratch,6.934741577424575e-06,0.009956374924513511,0.9999756813049316,1.9776116459979676e-06,2.6833445404897405e-13,1.3236391168902628e-05,6.987121423662757e-07,1.4596240589526133e-06,6.873440618754278e-14,8.732443479257668e-13,6.934741577424575e-06,33,37,953,107,0.11227701993704092,"{'source_height': 33, 'source_width': 37, 'resized_height': 86, 'resized_width': 96, 'padding_top': 5, 'padding_bottom': 5, 'padding_left': 0, 'padding_right': 0, 'scale': 2.5945945945945947}"
record_000787461:0,artifacts/input_files/record_000787461.npy,0,0,Normal,False,0.9613081812858582,0.18179023265838623,AUTO_ACCEPT,Production-enabled class meets the frozen confidence and probability-margin requirements.,True,0.9441788792610168,0.1,0.034293923527002335,0.9270142577588558,True,0.7762330770492554,Normal,0.9613081812858582,Scratch,0.034293923527002335,Edge-Loc,0.0023471019230782986,0.009956374924513511,0.9613081812858582,0.0003114293795078993,8.400240858463803e-08,0.0023471019230782986,0.00011063701094826683,0.0016286211321130395,2.327602555141084e-10,2.3390514414245445e-08,0.034293923527002335,33,37,952,61,0.06407563025210083,"{'source_height': 33, 'source_width': 37, 'resized_height': 86, 'resized_width': 96, 'padding_top': 5, 'padding_bottom': 5, 'padding_left': 0, 'padding_right': 0, 'scale': 2.5945945945945947}"
record_000787540:0,artifacts/input_files/record_000787540.npy,0,0,Normal,False,0.9999508857727051,0.000596563913859427,AUTO_ACCEPT,Production-enabled class meets the frozen confidence and probability-margin requirements.,True,0.9441788792610168,0.1,2.2256663214648142e-05,0.9999286291094904,True,0.7762330770492554,Normal,0.9999508857727051,Edge-Loc,2.2256663214648142e-05,Scratch,1.691209399723448e-05,0.009956374924513511,0.9999508857727051,4.622901087714126e-06,1.7538768831357188e-12,2.2256663214648142e-05,8.14747863842058e-07,4.463081495487131e-06,2.1539534207897643e-13,3.0938775846811595e-12,1.691209399723448e-05,33,37,953,74,0.0776495278069255,"{'source_height': 33, 'source_width': 37, 'resized_height': 86, 'resized_width': 96, 'padding_top': 5, 'padding_bottom': 5, 'padding_left': 0, 'padding_right': 0, 'scale': 2.5945945945945947}"
record_000787645:0,artifacts/input_files/record_000787645.npy,0,0,Normal,False,0.999806821346283,0.0020859786309301853,AUTO_ACCEPT,Production-enabled class meets the frozen confidence and probability-margin requirements.,True,0.9441788792610168,0.1,9.037774725584313e-05,0.9997164435990271,True,0.7762330770492554,Normal,0.999806821346283,Scratch,9.037774725584313e-05,Edge-Loc,5.784942186437547e-05,0.009956374924513511,0.999806821346283,2.0558522010105662e-05,3.4065108373004804e-11,5.784942186437547e-05,1.642005713620165e-06,2.273200334457215e-05,2.088996727336867e-12,4.2070812111827394e-11,9.037774725584313e-05,33,37,953,56,0.05876180482686254,"{'source_height': 33, 'source_width': 37, 'resized_height': 86, 'resized_width': 96, 'padding_top': 5, 'padding_bottom': 5, 'padding_left': 0, 'padding_right': 0, 'scale': 2.5945945945945947}"
record_000787647:0,artifacts/input_files/record_000787647.npy,0,0,Normal,False,0.9990299940109253,0.008781349286437035,AUTO_ACCEPT,Production-enabled class meets the frozen confidence and probability-margin requirements.,True,0.9441788792610168,0.1,0.0005770918214693666,0.9984529021894559,True,0.7762330770492554,Normal,0.9990299940109253,Scratch,0.0005770918214693666,Loc,0.00016720696294214576,0.009956374924513511,0.9990299940109253,6.913678953424096e-05,1.1904454089162186e-09,0.00015212786092888564,4.41274642071221e-06,0.00016720696294214576,2.271401296216613e-11,6.954661846414467e-10,0.0005770918214693666,33,37,952,43,0.045168067226890755,"{'source_height': 33, 'source_width': 37, 'resized_height': 86, 'resized_width': 96, 'padding_top': 5, 'padding_bottom': 5, 'padding_left': 0, 'padding_right': 0, 'scale': 2.5945945945945947}"
record_000787818:0,artifacts/input_files/record_000787818.npy,0,0,Normal,False,0.9999854564666748,0.00019365886691957712,AUTO_ACCEPT,Production-enabled class meets the frozen confidence and probability-margin requirements.,True,0.9441788792610168,0.1,6.564649538631784e-06,0.9999788918171362,True,0.7762330770492554,Normal,0.9999854564666748,Scratch,6.564649538631784e-06,Edge-Loc,5.761882221122505e-06,0.009956374924513511,0.9999854564666748,7.700752462369564e-07,9.887284811412392e-14,5.761882221122505e-06,3.268991974891833e-07,1.1351944522175472e-06,6.974027136493442e-15,1.625390631549567e-13,6.564649538631784e-06,33,37,953,82,0.08604407135362015,"{'source_height': 33, 'source_width': 37, 'resized_height': 86, 'resized_width': 96, 'padding_top': 5, 'padding_bottom': 5, 'padding_left': 0, 'padding_right': 0, 'scale': 2.5945945945945947}"
record_000787824:0,artifacts/input_files/record_000787824.npy,0,0,Normal,False,0.9996587038040161,0.0035066185519099236,AUTO_ACCEPT,Production-enabled class meets the frozen confidence and probability-margin requirements.,True,0.9441788792610168,0.1,0.00013828628289047629,0.9995204175211256,True,0.7762330770492554,Normal,0.9996587038040161,Scratch,0.00013828628289047629,Edge-Loc,0.00011905217979801819,0.009956374924513511,0.9996587038040161,4.122884274693206e-05,1.1641215769131463e-10,0.00011905217979801819,4.333093784225639e-06,3.846382242045365e-05,9.847671289531235e-12,1.520326503579028e-10,0.00013828628289047629,33,37,953,63,0.06610703043022036,"{'source_height': 33, 'source_width': 37, 'resized_height': 86, 'resized_width': 96, 'padding_top': 5, 'padding_bottom': 5, 'padding_left': 0, 'padding_right': 0, 'scale': 2.5945945945945947}"
record_000787834:0,artifacts/input_files/record_000787834.npy,0,0,Normal,False,0.9999130964279175,0.0009969803504645824,AUTO_ACCEPT,Production-enabled class meets the frozen confidence and probability-margin requirements.,True,0.9441788792610168,0.1,3.7948437238810584e-05,0.9998751479906787,True,0.7762330770492554,Normal,0.9999130964279175,Scratch,3.7948437238810584e-05,Edge-Loc,3.73727161786519e-05,0.009956374924513511,0.9999130964279175,3.2895782169362064e-06,2.739367760407063e-12,3.73727161786519e-05,1.5055845778988441e-06,6.815481810917845e-06,2.467237568762326e-13,4.930640964961874e-12,3.7948437238810584e-05,33,37,953,72,0.07555089192025184,"{'source_height': 33, 'source_width': 37, 'resized_height': 86, 'resized_width': 96, 'padding_top': 5, 'padding_bottom': 5, 'padding_left': 0, 'padding_right': 0, 'scale': 2.5945945945945947}"
record_000787888:0,artifacts/input_files/record_000787888.npy,0,0,Normal,False,0.9999071359634399,0.0010717937257140875,AUTO_ACCEPT,Production-enabled class meets the frozen confidence and probability-margin requirements.,True,0.9441788792610168,0.1,3.706256757141091e-05,0.9998700733958685,True,0.7762330770492554,Normal,0.9999071359634399,Edge-Loc,3.706256757141091e-05,Scratch,3.386397293070331e-05,0.009956374924513511,0.9999071359634399,6.851218586234609e-06,2.91407284587486e-12,3.706256757141091e-05,1.151400738308439e-06,1.3856323676009197e-05,1.817613442568755e-13,4.797250704319245e-12,3.386397293070331e-05,33,37,953,75,0.07869884575026233,"{'source_height': 33, 'source_width': 37, 'resized_height': 86, 'resized_width': 96, 'padding_top': 5, 'padding_bottom': 5, 'padding_left': 0, 'padding_right': 0, 'scale': 2.5945945945945947}"
record_000788143:0,artifacts/input_files/record_000788143.npy,0,0,Normal,False,0.9999468326568604,0.0006439881399273872,AUTO_ACCEPT,Production-enabled class meets the frozen confidence and probability-margin requirements.,True,0.9441788792610168,0.1,2.3303166017285548e-05,0.9999235294908431,True,0.7762330770492554,Normal,0.9999468326568604,Scratch,2.3303166017285548e-05,Edge-Loc,1.836141927924473e-05,0.009956374924513511,0.9999468326568604,5.2260970733186696e-06,2.191290118108702e-12,1.836141927924473e-05,7.253817102537141e-07,5.643304120894754e-06,1.370052617362394e-13,2.7432771766006114e-12,2.3303166017285548e-05,33,37,952,76,0.07983193277310924,"{'source_height': 33, 'source_width': 37, 'resized_height': 86, 'resized_width': 96, 'padding_top': 5, 'padding_bottom': 5, 'padding_left': 0, 'padding_right': 0, 'scale': 2.5945945945945947}"
record_000788278:0,artifacts/input_files/record_000788278.npy,0,0,Normal,False,0.9999692440032959,0.0003895208064932376,AUTO_ACCEPT,Production-enabled class meets the frozen confidence and probability-margin requirements.,True,0.9441788792610168,0.1,1.2800226613762788e-05,0.9999564437766821,True,0.7762330770492554,Normal,0.9999692440032959,Scratch,1.2800226613762788e-05,Edge-Loc,1.0262971045449376e-05,0.009956374924513511,0.9999692440032959,4.8508391046198085e-06,9.164843363385078e-13,1.0262971045449376e-05,3.132132633254514e-07,2.5312237994512543e-06,8.200201856520956e-14,1.3118094934969071e-12,1.2800226613762788e-05,33,37,952,68,0.07142857142857142,"{'source_height': 33, 'source_width': 37, 'resized_height': 86, 'resized_width': 96, 'padding_top': 5, 'padding_bottom': 5, 'padding_left': 0, 'padding_right': 0, 'scale': 2.5945945945945947}"
record_000788331:0,artifacts/input_files/record_000788331.npy,0,4,Edge-Ring,True,0.396675705909729,1.1102935075759888,ABSTAIN,Confidence is below the frozen abstain threshold.,False,,,0.3404669761657715,0.05620872974395752,True,0.7762330770492554,Edge-Ring,0.396675705909729,Edge-Loc,0.3404669761657715,Scratch,0.258607417345047,0.009956374924513511,0.0028032714035362005,1.1216067008490427e-07,6.0095637309132144e-05,0.3404669761657715,0.396675705909729,0.0010750778019428253,7.386456104541139e-07,0.000310680567054078,0.258607417345047,33,37,951,149,0.15667718191377497,"{'source_height': 33, 'source_width': 37, 'resized_height': 86, 'resized_width': 96, 'padding_top': 5, 'padding_bottom': 5, 'padding_left': 0, 'padding_right': 0, 'scale': 2.5945945945945947}"
record_000789015:0,artifacts/input_files/record_000789015.npy,0,0,Normal,False,0.9962005019187927,0.0298742838203907,AUTO_ACCEPT,Production-enabled class meets the frozen confidence and probability-margin requirements.,True,0.9441788792610168,0.1,0.0014268000377342105,0.9947737018810585,True,0.7762330770492554,Normal,0.9962005019187927,Edge-Loc,0.0014268000377342105,Center,0.0011897282674908638,0.009956374924513511,0.9962005019187927,0.0011897282674908638,1.2064005794343302e-08,0.0014268000377342105,1.9593240722315386e-05,0.0002853504556696862,6.435977972785167e-09,3.532018411078752e-08,0.0008779892232269049,51,30,1187,73,0.061499578770008424,"{'source_height': 51, 'source_width': 30, 'resized_height': 96, 'resized_width': 56, 'padding_top': 0, 'padding_bottom': 0, 'padding_left': 20, 'padding_right': 20, 'scale': 1.8823529411764706}"
record_000789027:0,artifacts/input_files/record_000789027.npy,0,0,Normal,False,0.9953287839889526,0.035623468458652496,AUTO_ACCEPT,Production-enabled class meets the frozen confidence and probability-margin requirements.,True,0.9441788792610168,0.1,0.0021204822696745396,0.9932083017192781,True,0.7762330770492554,Normal,0.9953287839889526,Edge-Loc,0.0021204822696745396,Center,0.0011329601984471083,0.009956374924513511,0.9953287839889526,0.0011329601984471083,1.657221382345142e-08,0.0021204822696745396,3.22307096212171e-05,0.0003389967023395002,1.0973116637558178e-08,5.901866728663663e-08,0.0010464697843417525,51,30,1187,74,0.062342038753159225,"{'source_height': 51, 'source_width': 30, 'resized_height': 96, 'resized_width': 56, 'padding_top': 0, 'padding_bottom': 0, 'padding_left': 20, 'padding_right': 20, 'scale': 1.8823529411764706}"
record_000789139:0,artifacts/input_files/record_000789139.npy,0,0,Normal,False,0.9808810949325562,0.11817549169063568,AUTO_ACCEPT,Production-enabled class meets the frozen confidence and probability-margin requirements.,True,0.9441788792610168,0.1,0.008865968324244022,0.9720151266083121,True,0.7762330770492554,Normal,0.9808810949325562,Center,0.008865968324244022,Edge-Loc,0.005653833504766226,0.009956374924513511,0.9808810949325562,0.008865968324244022,2.6416017817609827e-07,0.005653833504766226,7.60422699386254e-05,0.001590041327290237,1.3548405775054562e-07,7.027396691228205e-07,0.0029319925233721733,51,30,1187,43,0.03622577927548441,"{'source_height': 51, 'source_width': 30, 'resized_height': 96, 'resized_width': 56, 'padding_top': 0, 'padding_bottom': 0, 'padding_left': 20, 'padding_right': 20, 'scale': 1.8823529411764706}"
record_000789241:0,artifacts/input_files/record_000789241.npy,0,0,Normal,False,0.9823752045631409,0.11136545985937119,AUTO_ACCEPT,Production-enabled class meets the frozen confidence and probability-margin requirements.,True,0.9441788792610168,0.1,0.007492463104426861,0.974882741458714,True,0.7762330770492554,Normal,0.9823752045631409,Center,0.007492463104426861,Edge-Loc,0.004698717035353184,0.009956374924513511,0.9823752045631409,0.007492463104426861,2.556573406309326e-07,0.004698717035353184,6.739742093486711e-05,0.0016776311676949263,9.021699298727981e-08,5.865810521754611e-07,0.003687585238367319,51,30,1187,41,0.03454085930918281,"{'source_height': 51, 'source_width': 30, 'resized_height': 96, 'resized_width': 56, 'padding_top': 0, 'padding_bottom': 0, 'padding_left': 20, 'padding_right': 20, 'scale': 1.8823529411764706}"
record_000789248:0,artifacts/input_files/record_000789248.npy,0,0,Normal,False,0.9764572978019714,0.14297179877758026,AUTO_ACCEPT,Production-enabled class meets the frozen confidence and probability-margin requirements.,True,0.9441788792610168,0.1,0.008680862374603748,0.9677764354273677,True,0.7762330770492554,Normal,0.9764572978019714,Edge-Loc,0.008680862374603748,Center,0.006549515761435032,0.009956374924513511,0.9764572978019714,0.006549515761435032,4.7242437517525104e-07,0.008680862374603748,0.0001428494433639571,0.0024784577544778585,1.9644694759790582e-07,1.2225356158523937e-06,0.005689034704118967,51,30,1187,54,0.04549283909014322,"{'source_height': 51, 'source_width': 30, 'resized_height': 96, 'resized_width': 56, 'padding_top': 0, 'padding_bottom': 0, 'padding_left': 20, 'padding_right': 20, 'scale': 1.8823529411764706}"
record_000789956:0,artifacts/input_files/record_000789956.npy,0,0,Normal,False,0.9927213788032532,0.05250762403011322,AUTO_ACCEPT,Production-enabled class meets the frozen confidence and probability-margin requirements.,True,0.9441788792610168,0.1,0.0029684577602893114,0.9897529210429639,True,0.7762330770492554,Normal,0.9927213788032532,Edge-Loc,0.0029684577602893114,Center,0.0019146056147292256,0.009956374924513511,0.9927213788032532,0.0019146056147292256,3.930027148157933e-08,0.0029684577602893114,4.608875678968616e-05,0.0005800410290248692,2.1650047088428437e-08,1.1841470382023545e-07,0.0017692478140816092,51,30,1187,71,0.05981465880370682,"{'source_height': 51, 'source_width': 30, 'resized_height': 96, 'resized_width': 56, 'padding_top': 0, 'padding_bottom': 0, 'padding_left': 20, 'padding_right': 20, 'scale': 1.8823529411764706}"
record_000789980:0,artifacts/input_files/record_000789980.npy,0,0,Normal,False,0.9915826916694641,0.059439435601234436,AUTO_ACCEPT,Production-enabled class meets the frozen confidence and probability-margin requirements.,True,0.9441788792610168,0.1,0.00371049833483994,0.9878721933346242,True,0.7762330770492554,Normal,0.9915826916694641,Edge-Loc,0.00371049833483994,Center,0.0020108255557715893,0.009956374924513511,0.9915826916694641,0.0020108255557715893,5.631450505916291e-08,0.00371049833483994,5.8961155446013436e-05,0.0007449825061485171,3.078784160948089e-08,1.7525370310522703e-07,0.001891797292046249,51,30,1187,60,0.05054759898904802,"{'source_height': 51, 'source_width': 30, 'resized_height': 96, 'resized_width': 56, 'padding_top': 0, 'padding_bottom': 0, 'padding_left': 20, 'padding_right': 20, 'scale': 1.8823529411764706}"
record_000790494:0,artifacts/input_files/record_000790494.npy,0,0,Normal,False,0.9999243021011353,0.0008886290597729385,AUTO_ACCEPT,Production-enabled class meets the frozen confidence and probability-margin requirements.,True,0.9441788792610168,0.1,3.0116914786049165e-05,0.9998941851863492,True,0.7762330770492554,Normal,0.9999243021011353,Edge-Loc,3.0116914786049165e-05,Scratch,2.9879378416808322e-05,0.009956374924513511,0.9999243021011353,6.659402970399242e-06,4.7363081338847035e-12,3.0116914786049165e-05,1.4656864095741184e-06,7.550044301751768e-06,2.584892478015022e-13,5.8340767113140846e-12,2.9879378416808322e-05,45,43,1534,134,0.08735332464146023,"{'source_height': 45, 'source_width': 43, 'resized_height': 96, 'resized_width': 92, 'padding_top': 0, 'padding_bottom': 0, 'padding_left': 2, 'padding_right': 2, 'scale': 2.1333333333333333}"
record_000790538:0,artifacts/input_files/record_000790538.npy,0,0,Normal,False,0.9990930557250977,0.00789513811469078,AUTO_ACCEPT,Production-enabled class meets the frozen confidence and probability-margin requirements.,True,0.9441788792610168,0.1,0.000727147504221648,0.998365908220876,True,0.7762330770492554,Normal,0.9990930557250977,Edge-Loc,0.000727147504221648,Scratch,0.00011316499876556918,0.009956374924513511,0.9990930557250977,1.1928914318559691e-05,1.3758261023510965e-11,0.000727147504221648,1.6469077309011482e-05,3.824868690571748e-05,6.027265492258849e-12,6.382149669859061e-11,0.00011316499876556918,45,43,1534,139,0.09061277705345502,"{'source_height': 45, 'source_width': 43, 'resized_height': 96, 'resized_width': 92, 'padding_top': 0, 'padding_bottom': 0, 'padding_left': 2, 'padding_right': 2, 'scale': 2.1333333333333333}"
record_000790697:0,artifacts/input_files/record_000790697.npy,0,0,Normal,False,0.9992541670799255,0.0069001284427940845,AUTO_ACCEPT,Production-enabled class meets the frozen confidence and probability-margin requirements.,True,0.9441788792610168,0.1,0.0004658870748244226,0.9987882800051011,True,0.7762330770492554,Normal,0.9992541670799255,Center,0.0004658870748244226,Scratch,0.00014725123764947057,0.009956374924513511,0.9992541670799255,0.0004658870748244226,2.6516899787054626e-10,6.090581518947147e-05,7.585477419524977e-07,7.11315224179998e-05,4.972937860114879e-12,1.3665985010291593e-10,0.00014725123764947057,45,43,1534,114,0.07431551499348109,"{'source_height': 45, 'source_width': 43, 'resized_height': 96, 'resized_width': 92, 'padding_top': 0, 'padding_bottom': 0, 'padding_left': 2, 'padding_right': 2, 'scale': 2.1333333333333333}"
record_000790703:0,artifacts/input_files/record_000790703.npy,0,0,Normal,False,0.9996877908706665,0.0032140957191586494,AUTO_ACCEPT,Production-enabled class meets the frozen confidence and probability-margin requirements.,True,0.9441788792610168,0.1,0.0001635705993976444,0.9995242202712689,True,0.7762330770492554,Normal,0.9996877908706665,Scratch,0.0001635705993976444,Edge-Loc,6.428655615309253e-05,0.009956374924513511,0.9996877908706665,4.3999745685141534e-05,5.76136083285661e-11,6.428655615309253e-05,1.6297547063004458e-06,3.86019419238437e-05,1.5675779901566655e-12,5.069750869113321e-11,0.0001635705993976444,45,43,1534,94,0.061277705345501955,"{'source_height': 45, 'source_width': 43, 'resized_height': 96, 'resized_width': 92, 'padding_top': 0, 'padding_bottom': 0, 'padding_left': 2, 'padding_right': 2, 'scale': 2.1333333333333333}"
record_000791008:0,artifacts/input_files/record_000791008.npy,0,0,Normal,False,0.9999514818191528,0.0005839026416651905,AUTO_ACCEPT,Production-enabled class meets the frozen confidence and probability-margin requirements.,True,0.9441788792610168,0.1,2.760355346254073e-05,0.9999238782656903,True,0.7762330770492554,Normal,0.9999514818191528,Edge-Loc,2.760355346254073e-05,Scratch,1.3812237739330158e-05,0.009956374924513511,0.9999514818191528,2.740014224400511e-06,6.711203316168979e-13,2.760355346254073e-05,1.107791376853129e-06,3.2245009151665727e-06,7.288330231220233e-14,1.3345396836228485e-12,1.3812237739330158e-05,45,43,1534,151,0.0984354628422425,"{'source_height': 45, 'source_width': 43, 'resized_height': 96, 'resized_width': 92, 'padding_top': 0, 'padding_bottom': 0, 'padding_left': 2, 'padding_right': 2, 'scale': 2.1333333333333333}"
record_000791009:0,artifacts/input_files/record_000791009.npy,0,0,Normal,False,0.9996651411056519,0.003435111604630947,AUTO_ACCEPT,Production-enabled class meets the frozen confidence and probability-margin requirements.,True,0.9441788792610168,0.1,0.00016722746659070253,0.9994979136390612,True,0.7762330770492554,Normal,0.9996651411056519,Edge-Loc,0.00016722746659070253,Scratch,9.225643589161336e-05,0.009956374924513511,0.9996651411056519,9.130269063462038e-06,4.2818401602140455e-11,0.00016722746659070253,3.1289266189560294e-05,3.492754331091419e-05,2.060723770444528e-12,7.500887411193702e-11,9.225643589161336e-05,45,43,1534,193,0.1258148631029987,"{'source_height': 45, 'source_width': 43, 'resized_height': 96, 'resized_width': 92, 'padding_top': 0, 'padding_bottom': 0, 'padding_left': 2, 'padding_right': 2, 'scale': 2.1333333333333333}"
record_000791331:0,artifacts/input_files/record_000791331.npy,0,0,Normal,False,0.9999265670776367,0.0008535850211046636,AUTO_ACCEPT,Production-enabled class meets the frozen confidence and probability-margin requirements.,True,0.9441788792610168,0.1,3.984426075476222e-05,0.999886722816882,True,0.7762330770492554,Normal,0.9999265670776367,Edge-Loc,3.984426075476222e-05,Scratch,2.3493790649808943e-05,0.009956374924513511,0.9999265670776367,2.5815272692852886e-06,1.4856632634188682e-12,3.984426075476222e-05,2.5018157430167776e-06,4.9624613893684e-06,1.7440360950120998e-13,3.2434955329202486e-12,2.3493790649808943e-05,45,43,1534,134,0.08735332464146023,"{'source_height': 45, 'source_width': 43, 'resized_height': 96, 'resized_width': 92, 'padding_top': 0, 'padding_bottom': 0, 'padding_left': 2, 'padding_right': 2, 'scale': 2.1333333333333333}"
record_000791342:0,artifacts/input_files/record_000791342.npy,0,0,Normal,False,0.9999587535858154,0.0005083616124466062,AUTO_ACCEPT,Production-enabled class meets the frozen confidence and probability-margin requirements.,True,0.9441788792610168,0.1,1.8181932318839245e-05,0.9999405716534966,True,0.7762330770492554,Normal,0.9999587535858154,Edge-Loc,1.8181932318839245e-05,Scratch,1.5195876585494261e-05,0.009956374924513511,0.9999587535858154,3.2703094348107697e-06,1.1343966131033278e-12,1.8181932318839245e-05,8.326585430040723e-07,3.7721456465078518e-06,8.267062571619063e-14,1.7330375415985921e-12,1.5195876585494261e-05,45,43,1534,157,0.10234680573663625,"{'source_height': 45, 'source_width': 43, 'resized_height': 96, 'resized_width': 92, 'padding_top': 0, 'padding_bottom': 0, 'padding_left': 2, 'padding_right': 2, 'scale': 2.1333333333333333}"
record_000791578:0,artifacts/input_files/record_000791578.npy,0,0,Normal,False,0.9999960660934448,5.765441164840013e-05,AUTO_ACCEPT,Production-enabled class meets the frozen confidence and probability-margin requirements.,True,0.9441788792610168,0.1,1.4503651755148894e-06,0.9999946157282693,True,0.7762330770492554,Normal,0.9999960660934448,Center,1.4503651755148894e-06,Scratch,1.3746691820415435e-06,0.009956374924513511,0.9999960660934448,1.4503651755148894e-06,4.0955639656850996e-15,7.645693926860986e-07,2.686934585938161e-08,2.946851225260616e-07,3.2426750561499566e-16,7.850501254928408e-15,1.3746691820415435e-06,29,26,562,43,0.07651245551601424,"{'source_height': 29, 'source_width': 26, 'resized_height': 96, 'resized_width': 86, 'padding_top': 0, 'padding_bottom': 0, 'padding_left': 5, 'padding_right': 5, 'scale': 3.310344827586207}"
record_000791638:0,artifacts/input_files/record_000791638.npy,0,0,Normal,False,0.999945878982544,0.0006488510989584029,AUTO_ACCEPT,Production-enabled class meets the frozen confidence and probability-margin requirements.,True,0.9441788792610168,0.1,2.5755145543371327e-05,0.9999201238370006,True,0.7762330770492554,Normal,0.999945878982544,Edge-Loc,2.5755145543371327e-05,Scratch,1.892350883281324e-05,0.009956374924513511,0.999945878982544,3.048677854167181e-06,2.03944039390766e-13,2.5755145543371327e-05,8.363269898836734e-07,5.477617833093973e-06,1.7847065513811045e-14,5.241836153503654e-13,1.892350883281324e-05,29,26,562,47,0.08362989323843416,"{'source_height': 29, 'source_width': 26, 'resized_height': 96, 'resized_width': 86, 'padding_top': 0, 'padding_bottom': 0, 'padding_left': 5, 'padding_right': 5, 'scale': 3.310344827586207}"
record_000791648:0,artifacts/input_files/record_000791648.npy,0,3,Edge-Loc,True,0.6579093933105469,1.0053539276123047,ABSTAIN,Confidence is below the frozen abstain threshold.,False,,,0.17897449433803558,0.4789348989725113,True,0.7762330770492554,Edge-Loc,0.6579093933105469,Normal,0.17897449433803558,Loc,0.1253434717655182,0.009956374924513511,0.17897449433803558,0.019376415759325027,4.7799530875636265e-06,0.6579093933105469,0.004210979212075472,0.1253434717655182,1.528169377706945e-05,0.0003631799772847444,0.01380199659615755,29,26,562,81,0.14412811387900357,"{'source_height': 29, 'source_width': 26, 'resized_height': 96, 'resized_width': 86, 'padding_top': 0, 'padding_bottom': 0, 'padding_left': 5, 'padding_right': 5, 'scale': 3.310344827586207}"
record_000791653:0,artifacts/input_files/record_000791653.npy,0,0,Normal,False,0.9983634352684021,0.013958190567791462,AUTO_ACCEPT,Production-enabled class meets the frozen confidence and probability-margin requirements.,True,0.9441788792610168,0.1,0.0008017157088033855,0.9975617195595987,True,0.7762330770492554,Normal,0.9983634352684021,Scratch,0.0008017157088033855,Edge-Loc,0.0005418131477199495,0.009956374924513511,0.9983634352684021,3.0294677344500087e-05,2.0519542662245094e-11,0.0005418131477199495,1.2755112948070746e-05,0.00025007055955938995,1.7835900941939875e-13,5.5237318191680984e-11,0.0008017157088033855,29,26,562,56,0.099644128113879,"{'source_height': 29, 'source_width': 26, 'resized_height': 96, 'resized_width': 86, 'padding_top': 0, 'padding_bottom': 0, 'padding_left': 5, 'padding_right': 5, 'scale': 3.310344827586207}"
record_000791938:0,artifacts/input_files/record_000791938.npy,0,0,Normal,False,0.9996743202209473,0.0033298544585704803,AUTO_ACCEPT,Production-enabled class meets the frozen confidence and probability-margin requirements.,True,0.9441788792610168,0.1,0.00017108193424064666,0.9995032382867066,True,0.7762330770492554,Normal,0.9996743202209473,Edge-Loc,0.00017108193424064666,Scratch,9.047061757883057e-05,0.009956374924513511,0.9996743202209473,1.592320950294379e-05,2.5448085479162774e-12,0.00017108193424064666,8.538707334082574e-06,3.971638943767175e-05,1.6111855502109335e-13,9.838850220655893e-12,9.047061757883057e-05,29,26,562,49,0.08718861209964412,"{'source_height': 29, 'source_width': 26, 'resized_height': 96, 'resized_width': 86, 'padding_top': 0, 'padding_bottom': 0, 'padding_left': 5, 'padding_right': 5, 'scale': 3.310344827586207}"
record_000791953:0,artifacts/input_files/record_000791953.npy,0,0,Normal,False,0.9993971586227417,0.005761775653809309,AUTO_ACCEPT,Production-enabled class meets the frozen confidence and probability-margin requirements.,True,0.9441788792610168,0.1,0.00033567118225619197,0.9990614874404855,True,0.7762330770492554,Normal,0.9993971586227417,Center,0.00033567118225619197,Loc,0.00012530441745184362,0.009956374924513511,0.9993971586227417,0.00033567118225619197,6.600562544450961e-12,4.6536420995835215e-05,1.777708149575119e-07,0.00012530441745184362,4.4589586336392026e-14,7.150972088781904e-12,9.515645069768652e-05,29,26,562,67,0.11921708185053381,"{'source_height': 29, 'source_width': 26, 'resized_height': 96, 'resized_width': 86, 'padding_top': 0, 'padding_bottom': 0, 'padding_left': 5, 'padding_right': 5, 'scale': 3.310344827586207}"
record_000791983:0,artifacts/input_files/record_000791983.npy,0,0,Normal,False,0.9995927214622498,0.003747254377231002,AUTO_ACCEPT,Production-enabled class meets the frozen confidence and probability-margin requirements.,True,0.9441788792610168,0.1,0.00037157119368202984,0.9992211502685677,True,0.7762330770492554,Normal,0.9995927214622498,Edge-Loc,0.00037157119368202984,Scratch,1.9688439351739362e-05,0.009956374924513511,0.9995927214622498,1.0448430884935078e-06,4.6924781633072774e-14,0.00037157119368202984,8.605426955909934e-06,6.477332135546021e-06,3.883669441270311e-14,5.495543798673952e-13,1.9688439351739362e-05,29,26,562,52,0.09252669039145907,"{'source_height': 29, 'source_width': 26, 'resized_height': 96, 'resized_width': 86, 'padding_top': 0, 'padding_bottom': 0, 'padding_left': 5, 'padding_right': 5, 'scale': 3.310344827586207}"
record_000792448:0,artifacts/input_files/record_000792448.npy,0,0,Normal,False,0.9999465942382812,0.0006123003549873829,AUTO_ACCEPT,Production-enabled class meets the frozen confidence and probability-margin requirements.,True,0.9441788792610168,0.1,4.3703428673325107e-05,0.9999028908096079,True,0.7762330770492554,Normal,0.9999465942382812,Edge-Loc,4.3703428673325107e-05,Edge-Ring,5.9286662690283265e-06,0.009956374924513511,0.9999465942382812,2.13075352917258e-07,2.157371105558311e-15,4.3703428673325107e-05,5.9286662690283265e-06,3.6391850244399393e-07,3.543387846051231e-15,3.6803422316005266e-14,3.172993274347391e-06,29,26,562,49,0.08718861209964412,"{'source_height': 29, 'source_width': 26, 'resized_height': 96, 'resized_width': 86, 'padding_top': 0, 'padding_bottom': 0, 'padding_left': 5, 'padding_right': 5, 'scale': 3.310344827586207}"
record_000792522:0,artifacts/input_files/record_000792522.npy,0,0,Normal,False,0.9996139407157898,0.0038796139415353537,AUTO_ACCEPT,Production-enabled class meets the frozen confidence and probability-margin requirements.,True,0.9441788792610168,0.1,0.0002049082104349509,0.9994090325053548,True,0.7762330770492554,Normal,0.9996139407157898,Center,0.0002049082104349509,Scratch,8.251711551565677e-05,0.009956374924513511,0.9996139407157898,0.0002049082104349509,1.353282850363735e-11,3.6050918424734846e-05,3.390104836853425e-07,6.233787280507386e-05,2.0951400607916587e-13,1.162258570636121e-11,8.251711551565677e-05,29,26,562,53,0.09430604982206406,"{'source_height': 29, 'source_width': 26, 'resized_height': 96, 'resized_width': 86, 'padding_top': 0, 'padding_bottom': 0, 'padding_left': 5, 'padding_right': 5, 'scale': 3.310344827586207}"
record_000792574:0,artifacts/input_files/record_000792574.npy,0,5,Loc,True,0.9696846604347229,0.17348070442676544,ENGINEER_REVIEW,Class is review-only or confidence does not meet its production auto-accept threshold.,False,,,0.012407553382217884,0.957277107052505,True,0.7762330770492554,Loc,0.9696846604347229,Normal,0.012407553382217884,Scratch,0.00913317408412695,0.009956374924513511,0.012407553382217884,0.007419176399707794,0.0002542615693528205,0.00102017424069345,4.843516876462672e-07,0.9696846604347229,3.083426491912178e-08,8.052655903156847e-05,0.00913317408412695,29,26,562,86,0.15302491103202848,"{'source_height': 29, 'source_width': 26, 'resized_height': 96, 'resized_width': 86, 'padding_top': 0, 'padding_bottom': 0, 'padding_left': 5, 'padding_right': 5, 'scale': 3.310344827586207}"
record_000792579:0,artifacts/input_files/record_000792579.npy,0,0,Normal,False,0.999462902545929,0.005124671384692192,AUTO_ACCEPT,Production-enabled class meets the frozen confidence and probability-margin requirements.,True,0.9441788792610168,0.1,0.00034821423469111323,0.9991146883112378,True,0.7762330770492554,Normal,0.999462902545929,Scratch,0.00034821423469111323,Loc,9.721831884235144e-05,0.009956374924513511,0.999462902545929,3.186108369845897e-05,8.18668310226256e-12,5.841401798534207e-05,1.2927054058309295e-06,9.721831884235144e-05,1.8322108695685568e-14,8.099550544149459e-12,0.00034821423469111323,29,26,562,59,0.10498220640569395,"{'source_height': 29, 'source_width': 26, 'resized_height': 96, 'resized_width': 86, 'padding_top': 0, 'padding_bottom': 0, 'padding_left': 5, 'padding_right': 5, 'scale': 3.310344827586207}"
record_000792586:0,artifacts/input_files/record_000792586.npy,0,0,Normal,False,0.9999948740005493,7.325252227019519e-05,AUTO_ACCEPT,Production-enabled class meets the frozen confidence and probability-margin requirements.,True,0.9441788792610168,0.1,2.503605173842516e-06,0.9999923703953755,True,0.7762330770492554,Normal,0.9999948740005493,Scratch,2.503605173842516e-06,Edge-Loc,1.7827752571974997e-06,0.009956374924513511,0.9999948740005493,2.1261897131807928e-07,2.1517957229412465e-15,1.7827752571974997e-06,1.2370215074497537e-07,4.813582563656382e-07,7.786805647844305e-17,5.0136019908418334e-15,2.503605173842516e-06,29,26,562,51,0.09074733096085409,"{'source_height': 29, 'source_width': 26, 'resized_height': 96, 'resized_width': 86, 'padding_top': 0, 'padding_bottom': 0, 'padding_left': 5, 'padding_right': 5, 'scale': 3.310344827586207}"
record_000793208:0,artifacts/input_files/record_000793208.npy,0,0,Normal,False,0.9999938011169434,8.868436270859092e-05,AUTO_ACCEPT,Production-enabled class meets the frozen confidence and probability-margin requirements.,True,0.9441788792610168,0.1,2.563056796134333e-06,0.9999912380601472,True,0.7762330770492554,Normal,0.9999938011169434,Scratch,2.563056796134333e-06,Center,1.653261051615118e-06,0.010162109902012162,0.9999938011169434,1.653261051615118e-06,2.7750838583871394e-15,1.4382657127498533e-06,2.53324188292936e-08,5.321497269505926e-07,2.2301051365247683e-16,7.796048894881218e-15,2.563056796134333e-06,29,26,562,45,0.0800711743772242,"{'source_height': 29, 'source_width': 26, 'resized_height': 96, 'resized_width': 86, 'padding_top': 0, 'padding_bottom': 0, 'padding_left': 5, 'padding_right': 5, 'scale': 3.310344827586207}"
record_000794064:0,artifacts/input_files/record_000794064.npy,0,0,Normal,False,0.9996116757392883,0.003929079510271549,AUTO_ACCEPT,Production-enabled class meets the frozen confidence and probability-margin requirements.,True,0.9441788792610168,0.1,0.00017028550792019814,0.9994413902313681,True,0.7762330770492554,Normal,0.9996116757392883,Scratch,0.00017028550792019814,Edge-Loc,0.000119178686873056,0.010162109902012162,0.9996116757392883,4.517145498539321e-05,1.450941016639673e-11,0.000119178686873056,1.3810815744363936e-06,5.2316172514110804e-05,1.026140652483909e-12,2.600631168747647e-11,0.00017028550792019814,29,26,562,28,0.0498220640569395,"{'source_height': 29, 'source_width': 26, 'resized_height': 96, 'resized_width': 86, 'padding_top': 0, 'padding_bottom': 0, 'padding_left': 5, 'padding_right': 5, 'scale': 3.310344827586207}"
record_000794076:0,artifacts/input_files/record_000794076.npy,0,0,Normal,False,0.9999064207077026,0.0010739577701315284,AUTO_ACCEPT,Production-enabled class meets the frozen confidence and probability-margin requirements.,True,0.9441788792610168,0.1,5.1196126150898635e-05,0.9998552245815517,True,0.7762330770492554,Normal,0.9999064207077026,Scratch,5.1196126150898635e-05,Edge-Loc,2.1758374714409e-05,0.010162109902012162,0.9999064207077026,1.0180161552852951e-05,8.096330897378046e-12,2.1758374714409e-05,1.249961542271194e-06,9.227144801116083e-06,5.539845383643882e-13,1.0280699902498469e-11,5.1196126150898635e-05,29,26,562,30,0.05338078291814947,"{'source_height': 29, 'source_width': 26, 'resized_height': 96, 'resized_width': 86, 'padding_top': 0, 'padding_bottom': 0, 'padding_left': 5, 'padding_right': 5, 'scale': 3.310344827586207}"
record_000794262:0,artifacts/input_files/record_000794262.npy,0,0,Normal,False,0.9999109506607056,0.001032424159348011,AUTO_ACCEPT,Production-enabled class meets the frozen confidence and probability-margin requirements.,True,0.9441788792610168,0.1,4.3160114728379995e-05,0.9998677905459772,True,0.7762330770492554,Normal,0.9999109506607056,Scratch,4.3160114728379995e-05,Edge-Loc,2.1757849026471376e-05,0.010162109902012162,0.9999109506607056,1.621243245608639e-05,1.4183296464381767e-12,2.1757849026471376e-05,1.2282082479941892e-06,6.760249561921228e-06,6.375667138333596e-14,2.0538327982766447e-12,4.3160114728379995e-05,29,26,562,50,0.08896797153024912,"{'source_height': 29, 'source_width': 26, 'resized_height': 96, 'resized_width': 86, 'padding_top': 0, 'padding_bottom': 0, 'padding_left': 5, 'padding_right': 5, 'scale': 3.310344827586207}"
record_000794275:0,artifacts/input_files/record_000794275.npy,0,0,Normal,False,0.999983549118042,0.0002196120040025562,AUTO_ACCEPT,Production-enabled class meets the frozen confidence and probability-margin requirements.,True,0.9441788792610168,0.1,6.371062227117363e-06,0.9999771780558149,True,0.7762330770492554,Normal,0.999983549118042,Scratch,6.371062227117363e-06,Edge-Loc,4.779378741659457e-06,0.010162109902012162,0.999983549118042,4.156719569436973e-06,5.066042054716231e-14,4.779378741659457e-06,1.929660129462718e-07,1.0064297839562641e-06,5.905124496617719e-15,1.0943036841265519e-13,6.371062227117363e-06,29,26,562,42,0.07473309608540925,"{'source_height': 29, 'source_width': 26, 'resized_height': 96, 'resized_width': 86, 'padding_top': 0, 'padding_bottom': 0, 'padding_left': 5, 'padding_right': 5, 'scale': 3.310344827586207}"
record_000794466:0,artifacts/input_files/record_000794466.npy,0,0,Normal,False,0.9776322841644287,0.11278983950614929,AUTO_ACCEPT,Production-enabled class meets the frozen confidence and probability-margin requirements.,True,0.9441788792610168,0.1,0.02126413770020008,0.9563681464642286,True,0.7762330770492554,Normal,0.9776322841644287,Edge-Loc,0.02126413770020008,Edge-Ring,0.00044543881085701287,0.010162109902012162,0.9776322841644287,2.293569741596002e-05,2.2965920831730102e-11,0.02126413770020008,0.00044543881085701287,0.0002688502718228847,4.7470864045218164e-11,9.390912492079906e-10,0.00036643032217398286,29,26,562,58,0.10320284697508897,"{'source_height': 29, 'source_width': 26, 'resized_height': 96, 'resized_width': 86, 'padding_top': 0, 'padding_bottom': 0, 'padding_left': 5, 'padding_right': 5, 'scale': 3.310344827586207}"
record_000794478:0,artifacts/input_files/record_000794478.npy,0,0,Normal,False,0.999950647354126,0.0005919378018006682,AUTO_ACCEPT,Production-enabled class meets the frozen confidence and probability-margin requirements.,True,0.9441788792610168,0.1,3.085737262153998e-05,0.9999197899815044,True,0.7762330770492554,Normal,0.999950647354126,Scratch,3.085737262153998e-05,Edge-Loc,8.173778041964397e-06,0.010162109902012162,0.999950647354126,2.9719412850681692e-06,8.330360598378383e-13,8.173778041964397e-06,5.306702632879023e-07,6.79496997690876e-06,7.105527307488778e-15,6.039631143296698e-13,3.085737262153998e-05,29,26,562,42,0.07473309608540925,"{'source_height': 29, 'source_width': 26, 'resized_height': 96, 'resized_width': 86, 'padding_top': 0, 'padding_bottom': 0, 'padding_left': 5, 'padding_right': 5, 'scale': 3.310344827586207}"
record_000794789:0,artifacts/input_files/record_000794789.npy,0,0,Normal,False,0.9988289475440979,0.01005251333117485,AUTO_ACCEPT,Production-enabled class meets the frozen confidence and probability-margin requirements.,True,0.9441788792610168,0.1,0.0008637052960693836,0.9979652422480285,True,0.7762330770492554,Normal,0.9988289475440979,Edge-Loc,0.0008637052960693836,Edge-Ring,0.0001477977930335328,0.010162109902012162,0.9988289475440979,1.1029651432181709e-05,5.0870228168742315e-12,0.0008637052960693836,0.0001477977930335328,1.6039142792578787e-05,3.264536644481675e-12,4.7325577484658155e-11,0.00013246650632936507,29,26,562,52,0.09252669039145907,"{'source_height': 29, 'source_width': 26, 'resized_height': 96, 'resized_width': 86, 'padding_top': 0, 'padding_bottom': 0, 'padding_left': 5, 'padding_right': 5, 'scale': 3.310344827586207}"
record_000794794:0,artifacts/input_files/record_000794794.npy,0,0,Normal,False,0.9998503923416138,0.0016458476893603802,AUTO_ACCEPT,Production-enabled class meets the frozen confidence and probability-margin requirements.,True,0.9441788792610168,0.1,7.438501779688522e-05,0.9997760073238169,True,0.7762330770492554,Normal,0.9998503923416138,Scratch,7.438501779688522e-05,Center,4.155803253524937e-05,0.010162109902012162,0.9998503923416138,4.155803253524937e-05,5.039728617067807e-12,1.1800371794379316e-05,3.1644970022171037e-07,2.1516763808904216e-05,5.280063902378049e-14,3.1366365668000773e-12,7.438501779688522e-05,29,26,562,36,0.06405693950177936,"{'source_height': 29, 'source_width': 26, 'resized_height': 96, 'resized_width': 86, 'padding_top': 0, 'padding_bottom': 0, 'padding_left': 5, 'padding_right': 5, 'scale': 3.310344827586207}"
record_000794799:0,artifacts/input_files/record_000794799.npy,0,0,Normal,False,0.899715781211853,0.3818093240261078,ENGINEER_REVIEW,Class is review-only or confidence does not meet its production auto-accept threshold.,True,0.9441788792610168,0.1,0.08519698679447174,0.8145187944173813,True,0.7762330770492554,Normal,0.899715781211853,Edge-Loc,0.08519698679447174,Loc,0.007703467272222042,0.010162109902012162,0.899715781211853,0.00012674818572122604,6.669191421337928e-09,0.08519698679447174,0.0008093399810604751,0.007703467272222042,3.761361444531985e-09,8.004438711850526e-08,0.00644757691770792,29,26,562,42,0.07473309608540925,"{'source_height': 29, 'source_width': 26, 'resized_height': 96, 'resized_width': 86, 'padding_top': 0, 'padding_bottom': 0, 'padding_left': 5, 'padding_right': 5, 'scale': 3.310344827586207}"
record_000794958:0,artifacts/input_files/record_000794958.npy,0,0,Normal,False,0.9999736547470093,0.00033732864540070295,AUTO_ACCEPT,Production-enabled class meets the frozen confidence and probability-margin requirements.,True,0.9441788792610168,0.1,1.1073992936871946e-05,0.9999625807540724,True,0.7762330770492554,Normal,0.9999736547470093,Scratch,1.1073992936871946e-05,Edge-Loc,8.414805051870644e-06,0.010162109902012162,0.9999736547470093,3.5138964449288324e-06,5.4727452631535625e-14,8.414805051870644e-06,2.201060169682023e-07,3.0540618354280014e-06,1.7818502715796682e-15,9.167222102951511e-14,1.1073992936871946e-05,29,26,562,51,0.09074733096085409,"{'source_height': 29, 'source_width': 26, 'resized_height': 96, 'resized_width': 86, 'padding_top': 0, 'padding_bottom': 0, 'padding_left': 5, 'padding_right': 5, 'scale': 3.310344827586207}"
record_000795003:0,artifacts/input_files/record_000795003.npy,0,0,Normal,False,0.9976987242698669,0.01928209885954857,AUTO_ACCEPT,Production-enabled class meets the frozen confidence and probability-margin requirements.,True,0.9441788792610168,0.1,0.0008055421058088541,0.9968931821640581,True,0.7762330770492554,Normal,0.9976987242698669,Edge-Loc,0.0008055421058088541,Scratch,0.0007834428688511252,0.010162109902012162,0.9976987242698669,0.00021122487669344991,4.925172492065144e-10,0.0008055421058088541,9.391153071192093e-06,0.0004916868638247252,3.3482609046453504e-11,1.0369848313374064e-09,0.0007834428688511252,29,26,562,30,0.05338078291814947,"{'source_height': 29, 'source_width': 26, 'resized_height': 96, 'resized_width': 86, 'padding_top': 0, 'padding_bottom': 0, 'padding_left': 5, 'padding_right': 5, 'scale': 3.310344827586207}"
record_000795004:0,artifacts/input_files/record_000795004.npy,0,0,Normal,False,0.9999469518661499,0.0006325868889689445,AUTO_ACCEPT,Production-enabled class meets the frozen confidence and probability-margin requirements.,True,0.9441788792610168,0.1,3.254727926105261e-05,0.9999144045868888,True,0.7762330770492554,Normal,0.9999469518661499,Edge-Loc,3.254727926105261e-05,Scratch,1.2568671081680804e-05,0.010162109902012162,0.9999469518661499,1.4940469554858282e-06,7.062967967647396e-14,3.254727926105261e-05,4.498840098676737e-06,1.977903821170912e-06,1.7796741592348772e-14,3.8082476625303507e-13,1.2568671081680804e-05,29,26,562,48,0.08540925266903915,"{'source_height': 29, 'source_width': 26, 'resized_height': 96, 'resized_width': 86, 'padding_top': 0, 'padding_bottom': 0, 'padding_left': 5, 'padding_right': 5, 'scale': 3.310344827586207}"
record_000795207:0,artifacts/input_files/record_000795207.npy,0,0,Normal,False,0.9997391104698181,0.0027302419766783714,AUTO_ACCEPT,Production-enabled class meets the frozen confidence and probability-margin requirements.,True,0.9441788792610168,0.1,0.00013927709369454533,0.9995998333761236,True,0.7762330770492554,Normal,0.9997391104698181,Edge-Loc,0.00013927709369454533,Scratch,6.168677646201104e-05,0.010162109902012162,0.9997391104698181,2.883053821278736e-05,3.325113188262785e-12,0.00013927709369454533,3.6853741676168283e-06,2.734114787017461e-05,3.4088113191541036e-13,1.1216148669557224e-11,6.168677646201104e-05,29,26,562,43,0.07651245551601424,"{'source_height': 29, 'source_width': 26, 'resized_height': 96, 'resized_width': 86, 'padding_top': 0, 'padding_bottom': 0, 'padding_left': 5, 'padding_right': 5, 'scale': 3.310344827586207}"
record_000795368:0,artifacts/input_files/record_000795368.npy,0,0,Normal,False,0.9999644756317139,0.00043529970571398735,AUTO_ACCEPT,Production-enabled class meets the frozen confidence and probability-margin requirements.,True,0.9441788792610168,0.1,2.4113924155244604e-05,0.9999403617075586,True,0.7762330770492554,Normal,0.9999644756317139,Scratch,2.4113924155244604e-05,Center,4.138472831982654e-06,0.010162109902012162,0.9999644756317139,4.138472831982654e-06,5.550669516032891e-13,3.922022187907714e-06,1.739350352636393e-07,3.205361963409814e-06,1.0117909351873341e-14,4.2216555772023323e-13,2.4113924155244604e-05,29,26,562,25,0.04448398576512456,"{'source_height': 29, 'source_width': 26, 'resized_height': 96, 'resized_width': 86, 'padding_top': 0, 'padding_bottom': 0, 'padding_left': 5, 'padding_right': 5, 'scale': 3.310344827586207}"
record_000795381:0,artifacts/input_files/record_000795381.npy,0,0,Normal,False,0.9979066848754883,0.016180504113435745,AUTO_ACCEPT,Production-enabled class meets the frozen confidence and probability-margin requirements.,True,0.9441788792610168,0.1,0.0018114502308890224,0.9960952346445993,True,0.7762330770492554,Normal,0.9979066848754883,Edge-Loc,0.0018114502308890224,Scratch,0.00014060409739613533,0.010162109902012162,0.9979066848754883,5.0125330744776875e-05,1.0610331190041844e-11,0.0018114502308890224,3.503001425997354e-05,5.617492934106849e-05,1.4095978724537606e-11,1.327604415291006e-10,0.00014060409739613533,29,26,562,44,0.07829181494661921,"{'source_height': 29, 'source_width': 26, 'resized_height': 96, 'resized_width': 86, 'padding_top': 0, 'padding_bottom': 0, 'padding_left': 5, 'padding_right': 5, 'scale': 3.310344827586207}"
record_000795438:0,artifacts/input_files/record_000795438.npy,0,0,Normal,False,0.9999945163726807,7.869496766943485e-05,AUTO_ACCEPT,Production-enabled class meets the frozen confidence and probability-margin requirements.,True,0.9441788792610168,0.1,2.6258423986291746e-06,0.999991890530282,True,0.7762330770492554,Normal,0.9999945163726807,Edge-Loc,2.6258423986291746e-06,Scratch,1.826220000111789e-06,0.010162109902012162,0.9999945163726807,3.85277843406584e-07,6.7344256561541974e-15,2.6258423986291746e-06,2.2986361614130146e-07,4.176467314209731e-07,9.550499768199577e-16,2.326814922107203e-14,1.826220000111789e-06,29,26,562,49,0.08718861209964412,"{'source_height': 29, 'source_width': 26, 'resized_height': 96, 'resized_width': 86, 'padding_top': 0, 'padding_bottom': 0, 'padding_left': 5, 'padding_right': 5, 'scale': 3.310344827586207}"
record_000795543:0,artifacts/input_files/record_000795543.npy,0,0,Normal,False,0.9976766705513,0.01939537562429905,AUTO_ACCEPT,Production-enabled class meets the frozen confidence and probability-margin requirements.,True,0.9441788792610168,0.1,0.0008970941416919231,0.9967795764096081,True,0.7762330770492554,Normal,0.9976766705513,Scratch,0.0008970941416919231,Edge-Loc,0.0006756504299119115,0.010162109902012162,0.9976766705513,0.00015256540791597217,5.932652702433927e-10,0.0006756504299119115,1.4713876225869171e-05,0.0005833128234371543,1.365612050524545e-11,7.472433227739828e-10,0.0008970941416919231,29,26,562,36,0.06405693950177936,"{'source_height': 29, 'source_width': 26, 'resized_height': 96, 'resized_width': 86, 'padding_top': 0, 'padding_bottom': 0, 'padding_left': 5, 'padding_right': 5, 'scale': 3.310344827586207}"
record_000795547:0,artifacts/input_files/record_000795547.npy,0,0,Normal,False,0.9998948574066162,0.001188140595331788,AUTO_ACCEPT,Production-enabled class meets the frozen confidence and probability-margin requirements.,True,0.9441788792610168,0.1,6.026184564689174e-05,0.9998345955609693,True,0.7762330770492554,Normal,0.9998948574066162,Scratch,6.026184564689174e-05,Center,2.3003720343695022e-05,0.010162109902012162,0.9998948574066162,2.3003720343695022e-05,2.84096834599068e-12,1.1968297258135863e-05,3.9561595599479915e-07,9.541822691971902e-06,5.750753334903685e-14,2.3906384684357906e-12,6.026184564689174e-05,29,26,562,35,0.06227758007117438,"{'source_height': 29, 'source_width': 26, 'resized_height': 96, 'resized_width': 86, 'padding_top': 0, 'padding_bottom': 0, 'padding_left': 5, 'padding_right': 5, 'scale': 3.310344827586207}"
record_000795551:0,artifacts/input_files/record_000795551.npy,0,0,Normal,False,0.9999932050704956,9.57746960921213e-05,AUTO_ACCEPT,Production-enabled class meets the frozen confidence and probability-margin requirements.,True,0.9441788792610168,0.1,3.8000782751623774e-06,0.9999894049922204,True,0.7762330770492554,Normal,0.9999932050704956,Scratch,3.8000782751623774e-06,Edge-Loc,1.8479437358109863e-06,0.010162109902012162,0.9999932050704956,5.850612865287985e-07,1.0183795809675517e-14,1.8479437358109863e-06,1.35279506707775e-07,4.533026753961167e-07,5.02130448494769e-16,1.5864269804505976e-14,3.8000782751623774e-06,29,26,562,40,0.0711743772241993,"{'source_height': 29, 'source_width': 26, 'resized_height': 96, 'resized_width': 86, 'padding_top': 0, 'padding_bottom': 0, 'padding_left': 5, 'padding_right': 5, 'scale': 3.310344827586207}"
record_000795831:0,artifacts/input_files/record_000795831.npy,0,0,Normal,False,0.9987155199050903,0.010387374088168144,AUTO_ACCEPT,Production-enabled class meets the frozen confidence and probability-margin requirements.,True,0.9441788792610168,0.1,0.0011590684298425913,0.9975564514752477,True,0.7762330770492554,Normal,0.9987155199050903,Edge-Loc,0.0011590684298425913,Scratch,6.266452692216262e-05,0.010162109902012162,0.9987155199050903,4.698996690422064e-06,3.6089406745161423e-13,0.0011590684298425913,3.868348721880466e-05,1.946459997270722e-05,4.1137641795634117e-13,5.576498464388013e-12,6.266452692216262e-05,29,26,562,48,0.08540925266903915,"{'source_height': 29, 'source_width': 26, 'resized_height': 96, 'resized_width': 86, 'padding_top': 0, 'padding_bottom': 0, 'padding_left': 5, 'padding_right': 5, 'scale': 3.310344827586207}"
record_000795920:0,artifacts/input_files/record_000795920.npy,0,0,Normal,False,0.9998687505722046,0.0014128924813121557,AUTO_ACCEPT,Production-enabled class meets the frozen confidence and probability-margin requirements.,True,0.9441788792610168,0.1,9.771548502612859e-05,0.9997710350871785,True,0.7762330770492554,Normal,0.9998687505722046,Scratch,9.771548502612859e-05,Loc,1.7062984625226818e-05,0.010162109902012162,0.9998687505722046,3.2536031540075783e-06,5.385610035192612e-13,1.28692809084896e-05,4.110623876840691e-07,1.7062984625226818e-05,1.442020653141243e-15,3.5883080361232e-13,9.771548502612859e-05,29,26,562,38,0.06761565836298933,"{'source_height': 29, 'source_width': 26, 'resized_height': 96, 'resized_width': 86, 'padding_top': 0, 'padding_bottom': 0, 'padding_left': 5, 'padding_right': 5, 'scale': 3.310344827586207}"
record_000795936:0,artifacts/input_files/record_000795936.npy,0,0,Normal,False,0.44159361720085144,1.0357967615127563,ABSTAIN,Confidence is below the frozen abstain threshold.,True,0.9441788792610168,0.1,0.3883853554725647,0.05320826172828674,False,0.7762330770492554,Normal,0.44159361720085144,Edge-Loc,0.3883853554725647,Edge-Ring,0.16908665001392365,0.010162109902012162,0.44159361720085144,5.961342594673624e-06,6.532565044459204e-10,0.3883853554725647,0.16908665001392365,0.00017860796651802957,4.003675613262203e-08,1.2398889737141872e-07,0.0007496452308259904,29,26,562,55,0.09786476868327403,"{'source_height': 29, 'source_width': 26, 'resized_height': 96, 'resized_width': 86, 'padding_top': 0, 'padding_bottom': 0, 'padding_left': 5, 'padding_right': 5, 'scale': 3.310344827586207}"
record_000796295:0,artifacts/input_files/record_000796295.npy,0,0,Normal,False,0.989056408405304,0.06971728056669235,AUTO_ACCEPT,Production-enabled class meets the frozen confidence and probability-margin requirements.,True,0.9441788792610168,0.1,0.008219494484364986,0.980836913920939,True,0.7762330770492554,Normal,0.989056408405304,Edge-Loc,0.008219494484364986,Scratch,0.001242891070432961,0.010162109902012162,0.989056408405304,0.0007262046565301716,5.232456135040309e-10,0.008219494484364986,0.00015137071022763848,0.0006036045379005373,3.718493013504798e-10,7.639613386345445e-09,0.001242891070432961,29,26,562,50,0.08896797153024912,"{'source_height': 29, 'source_width': 26, 'resized_height': 96, 'resized_width': 86, 'padding_top': 0, 'padding_bottom': 0, 'padding_left': 5, 'padding_right': 5, 'scale': 3.310344827586207}"
record_000796307:0,artifacts/input_files/record_000796307.npy,0,3,Edge-Loc,True,0.7422735691070557,0.6717191934585571,ABSTAIN,Confidence is below the frozen abstain threshold.,False,,,0.22965525090694427,0.5126183182001114,True,0.7762330770492554,Edge-Loc,0.7422735691070557,Normal,0.22965525090694427,Edge-Ring,0.024725839495658875,0.010162109902012162,0.22965525090694427,1.2137138583057094e-05,3.629501588164885e-09,0.7422735691070557,0.024725839495658875,0.0009457216365262866,2.58051727541897e-07,8.470240686619945e-07,0.002386300591751933,29,26,562,53,0.09430604982206406,"{'source_height': 29, 'source_width': 26, 'resized_height': 96, 'resized_width': 86, 'padding_top': 0, 'padding_bottom': 0, 'padding_left': 5, 'padding_right': 5, 'scale': 3.310344827586207}"
record_000796611:0,artifacts/input_files/record_000796611.npy,0,0,Normal,False,0.9999426603317261,0.0006843167939223349,AUTO_ACCEPT,Production-enabled class meets the frozen confidence and probability-margin requirements.,True,0.9441788792610168,0.1,3.3419088140362874e-05,0.9999092412435857,True,0.7762330770492554,Normal,0.9999426603317261,Scratch,3.3419088140362874e-05,Center,8.30414046504302e-06,0.010162109902012162,0.9999426603317261,8.30414046504302e-06,4.3914397400597605e-13,7.5704142545873765e-06,2.617107384139672e-07,7.840024409233592e-06,4.202663235052407e-15,4.2574334357427246e-13,3.3419088140362874e-05,29,26,562,47,0.08362989323843416,"{'source_height': 29, 'source_width': 26, 'resized_height': 96, 'resized_width': 86, 'padding_top': 0, 'padding_bottom': 0, 'padding_left': 5, 'padding_right': 5, 'scale': 3.310344827586207}"
record_000796613:0,artifacts/input_files/record_000796613.npy,0,0,Normal,False,0.9993342757225037,0.006336523219943047,AUTO_ACCEPT,Production-enabled class meets the frozen confidence and probability-margin requirements.,True,0.9441788792610168,0.1,0.0002528958139009774,0.9990813799086027,True,0.7762330770492554,Normal,0.9993342757225037,Edge-Loc,0.0002528958139009774,Scratch,0.00023769827384967357,0.010162109902012162,0.9993342757225037,2.214211053797044e-05,2.014140807263254e-12,0.0002528958139009774,2.241075435449602e-06,0.00015073345275595784,2.083336995484849e-14,8.383614982787613e-12,0.00023769827384967357,29,26,562,55,0.09786476868327403,"{'source_height': 29, 'source_width': 26, 'resized_height': 96, 'resized_width': 86, 'padding_top': 0, 'padding_bottom': 0, 'padding_left': 5, 'padding_right': 5, 'scale': 3.310344827586207}"
record_000796620:0,artifacts/input_files/record_000796620.npy,0,0,Normal,False,0.9873849153518677,0.07367388904094696,AUTO_ACCEPT,Production-enabled class meets the frozen confidence and probability-margin requirements.,True,0.9441788792610168,0.1,0.011065048165619373,0.9763198671862483,True,0.7762330770492554,Normal,0.9873849153518677,Edge-Loc,0.011065048165619373,Loc,0.001073861843906343,0.010162109902012162,0.9873849153518677,5.196142865315778e-06,6.91042232117689e-12,0.011065048165619373,0.00014394422760233283,0.001073861843906343,2.535982491710942e-13,4.884933013649118e-10,0.0003269636945333332,29,26,562,122,0.21708185053380782,"{'source_height': 29, 'source_width': 26, 'resized_height': 96, 'resized_width': 86, 'padding_top': 0, 'padding_bottom': 0, 'padding_left': 5, 'padding_right': 5, 'scale': 3.310344827586207}"
record_000797093:0,artifacts/input_files/record_000797093.npy,0,0,Normal,False,0.7929546236991882,0.6176233887672424,ENGINEER_REVIEW,Class is review-only or confidence does not meet its production auto-accept threshold.,True,0.9441788792610168,0.1,0.1755688488483429,0.6173857748508453,True,0.7762330770492554,Normal,0.7929546236991882,Loc,0.1755688488483429,Scratch,0.025478050112724304,0.010162109902012162,0.7929546236991882,0.002329922979697585,4.418183507937101e-08,0.003665768774226308,2.8669912808254594e-06,0.1755688488483429,2.8206948929354603e-11,4.511094076065092e-08,0.025478050112724304,29,26,562,47,0.08362989323843416,"{'source_height': 29, 'source_width': 26, 'resized_height': 96, 'resized_width': 86, 'padding_top': 0, 'padding_bottom': 0, 'padding_left': 5, 'padding_right': 5, 'scale': 3.310344827586207}"
record_000797559:0,artifacts/input_files/record_000797559.npy,0,0,Normal,False,0.9984874725341797,0.013256113976240158,AUTO_ACCEPT,Production-enabled class meets the frozen confidence and probability-margin requirements.,True,0.9441788792610168,0.1,0.0006956440047360957,0.9977918285294436,True,0.7762330770492554,Normal,0.9984874725341797,Edge-Loc,0.0006956440047360957,Scratch,0.0003959332243539393,0.010162109902012162,0.9984874725341797,0.00010399709572084248,6.011380976334024e-11,0.0006956440047360957,2.118365591741167e-05,0.00029575798544101417,3.340294187081927e-12,2.432564705223683e-10,0.0003959332243539393,29,26,562,52,0.09252669039145907,"{'source_height': 29, 'source_width': 26, 'resized_height': 96, 'resized_width': 86, 'padding_top': 0, 'padding_bottom': 0, 'padding_left': 5, 'padding_right': 5, 'scale': 3.310344827586207}"
record_000797578:0,artifacts/input_files/record_000797578.npy,0,0,Normal,False,0.9997180104255676,0.0029069327283650637,AUTO_ACCEPT,Production-enabled class meets the frozen confidence and probability-margin requirements.,True,0.9441788792610168,0.1,0.0001463609078200534,0.9995716495177476,True,0.7762330770492554,Normal,0.9997180104255676,Edge-Loc,0.0001463609078200534,Scratch,9.045896149473265e-05,0.010162109902012162,0.9997180104255676,1.3010675502300728e-05,2.2567822176994268e-12,0.0001463609078200534,3.4668096304812934e-06,2.8737560569425113e-05,1.8455107776184365e-13,7.001356525787594e-12,9.045896149473265e-05,29,26,562,43,0.07651245551601424,"{'source_height': 29, 'source_width': 26, 'resized_height': 96, 'resized_width': 86, 'padding_top': 0, 'padding_bottom': 0, 'padding_left': 5, 'padding_right': 5, 'scale': 3.310344827586207}"
record_000797584:0,artifacts/input_files/record_000797584.npy,0,0,Normal,False,0.9998574256896973,0.001587865175679326,AUTO_ACCEPT,Production-enabled class meets the frozen confidence and probability-margin requirements.,True,0.9441788792610168,0.1,6.880096043460071e-05,0.9997886247292627,True,0.7762330770492554,Normal,0.9998574256896973,Scratch,6.880096043460071e-05,Edge-Loc,3.099103560089134e-05,0.010162109902012162,0.9998574256896973,2.6256890123477206e-05,1.3747190018287281e-11,3.099103560089134e-05,1.3185849638830405e-06,1.5271112715709023e-05,6.247203275522306e-13,1.310795656045416e-11,6.880096043460071e-05,29,26,562,31,0.05516014234875445,"{'source_height': 29, 'source_width': 26, 'resized_height': 96, 'resized_width': 86, 'padding_top': 0, 'padding_bottom': 0, 'padding_left': 5, 'padding_right': 5, 'scale': 3.310344827586207}"
record_000797674:0,artifacts/input_files/record_000797674.npy,0,0,Normal,False,0.9999672174453735,0.0004108496359549463,AUTO_ACCEPT,Production-enabled class meets the frozen confidence and probability-margin requirements.,True,0.9441788792610168,0.1,1.4692067452415358e-05,0.9999525253779211,True,0.7762330770492554,Normal,0.9999672174453735,Scratch,1.4692067452415358e-05,Edge-Loc,1.1011241440428421e-05,0.010162109902012162,0.9999672174453735,1.5746940107419505e-06,1.391812826014721e-13,1.1011241440428421e-05,4.3369968238948786e-07,5.038895778852748e-06,2.8334795803202717e-15,2.0561659742467792e-13,1.4692067452415358e-05,29,26,562,48,0.08540925266903915,"{'source_height': 29, 'source_width': 26, 'resized_height': 96, 'resized_width': 86, 'padding_top': 0, 'padding_bottom': 0, 'padding_left': 5, 'padding_right': 5, 'scale': 3.310344827586207}"
record_000798062:0,artifacts/input_files/record_000798062.npy,0,0,Normal,False,0.8027856945991516,0.5132551193237305,ENGINEER_REVIEW,Class is review-only or confidence does not meet its production auto-accept threshold.,True,0.9441788792610168,0.1,0.19457030296325684,0.6082153916358948,True,0.7762330770492554,Normal,0.8027856945991516,Edge-Loc,0.19457030296325684,Loc,0.0011512503260746598,0.010162109902012162,0.8027856945991516,4.638982773030875e-06,7.973197622967998e-12,0.19457030296325684,0.001084561925381422,0.0011512503260746598,8.362971426478794e-11,2.7517175205105104e-09,0.0004035495512653142,29,26,562,80,0.1423487544483986,"{'source_height': 29, 'source_width': 26, 'resized_height': 96, 'resized_width': 86, 'padding_top': 0, 'padding_bottom': 0, 'padding_left': 5, 'padding_right': 5, 'scale': 3.310344827586207}"
record_000798064:0,artifacts/input_files/record_000798064.npy,0,0,Normal,False,0.9271160364151001,0.3010500967502594,ENGINEER_REVIEW,Class is review-only or confidence does not meet its production auto-accept threshold.,True,0.9441788792610168,0.1,0.06283414363861084,0.8642818927764893,True,0.7762330770492554,Normal,0.9271160364151001,Scratch,0.06283414363861084,Center,0.004929260350763798,0.010162109902012162,0.9271160364151001,0.004929260350763798,2.1357224966322974e-07,0.0023751500993967056,5.702570706489496e-05,0.0026880349032580853,3.833750539250502e-10,4.362788175171772e-08,0.06283414363861084,29,26,562,34,0.060498220640569395,"{'source_height': 29, 'source_width': 26, 'resized_height': 96, 'resized_width': 86, 'padding_top': 0, 'padding_bottom': 0, 'padding_left': 5, 'padding_right': 5, 'scale': 3.310344827586207}"
record_000798347:0,artifacts/input_files/record_000798347.npy,0,0,Normal,False,0.9996705055236816,0.003287728177383542,AUTO_ACCEPT,Production-enabled class meets the frozen confidence and probability-margin requirements.,True,0.9441788792610168,0.1,0.00022888992680236697,0.9994416155968793,True,0.7762330770492554,Normal,0.9996705055236816,Scratch,0.00022888992680236697,Edge-Loc,4.269870987627655e-05,0.010162109902012162,0.9996705055236816,1.952880666067358e-05,5.631237490200114e-11,4.269870987627655e-05,2.1042915250291117e-06,3.6264547816244885e-05,1.0225200677491109e-12,3.8840219235281026e-11,0.00022888992680236697,29,26,562,26,0.046263345195729534,"{'source_height': 29, 'source_width': 26, 'resized_height': 96, 'resized_width': 86, 'padding_top': 0, 'padding_bottom': 0, 'padding_left': 5, 'padding_right': 5, 'scale': 3.310344827586207}"
record_000798349:0,artifacts/input_files/record_000798349.npy,0,0,Normal,False,0.999995231628418,7.05409693182446e-05,AUTO_ACCEPT,Production-enabled class meets the frozen confidence and probability-margin requirements.,True,0.9441788792610168,0.1,2.183771357522346e-06,0.9999930478570604,True,0.7762330770492554,Normal,0.999995231628418,Scratch,2.183771357522346e-06,Edge-Loc,1.6635340216453187e-06,0.010162109902012162,0.999995231628418,1.701823748589959e-07,5.92107327998157e-15,1.6635340216453187e-06,1.4066468168039137e-07,7.288945766958932e-07,1.8488880324456198e-16,1.1806226433768927e-14,2.183771357522346e-06,29,26,562,54,0.09608540925266904,"{'source_height': 29, 'source_width': 26, 'resized_height': 96, 'resized_width': 86, 'padding_top': 0, 'padding_bottom': 0, 'padding_left': 5, 'padding_right': 5, 'scale': 3.310344827586207}"
record_000798351:0,artifacts/input_files/record_000798351.npy,0,0,Normal,False,0.9999277591705322,0.0008568078628741205,AUTO_ACCEPT,Production-enabled class meets the frozen confidence and probability-margin requirements.,True,0.9441788792610168,0.1,2.3777491151122376e-05,0.9999039816793811,True,0.7762330770492554,Normal,0.9999277591705322,Center,2.3777491151122376e-05,Scratch,2.2611331587540917e-05,0.010162109902012162,0.9999277591705322,2.3777491151122376e-05,1.1006731008393611e-13,8.379384780710097e-06,3.7706580968688286e-08,1.742577296681702e-05,6.552185776398606e-16,1.1663092095836464e-13,2.2611331587540917e-05,29,26,562,52,0.09252669039145907,"{'source_height': 29, 'source_width': 26, 'resized_height': 96, 'resized_width': 86, 'padding_top': 0, 'padding_bottom': 0, 'padding_left': 5, 'padding_right': 5, 'scale': 3.310344827586207}"
record_000798352:0,artifacts/input_files/record_000798352.npy,0,0,Normal,False,0.9999748468399048,0.0003177681064698845,AUTO_ACCEPT,Production-enabled class meets the frozen confidence and probability-margin requirements.,True,0.9441788792610168,0.1,1.5602383427903987e-05,0.9999592444564769,True,0.7762330770492554,Normal,0.9999748468399048,Center,1.5602383427903987e-05,Scratch,5.72035287405015e-06,0.010162109902012162,0.9999748468399048,1.5602383427903987e-05,8.486313323070871e-14,2.0395573301357217e-06,3.603259202122899e-08,1.7772920273273485e-06,2.5678064258645395e-15,7.863060381843937e-14,5.72035287405015e-06,29,26,562,45,0.0800711743772242,"{'source_height': 29, 'source_width': 26, 'resized_height': 96, 'resized_width': 86, 'padding_top': 0, 'padding_bottom': 0, 'padding_left': 5, 'padding_right': 5, 'scale': 3.310344827586207}"
record_000798370:0,artifacts/input_files/record_000798370.npy,0,0,Normal,False,0.9990723133087158,0.008574086241424084,AUTO_ACCEPT,Production-enabled class meets the frozen confidence and probability-margin requirements.,True,0.9441788792610168,0.1,0.00033260637428611517,0.9987397069344297,True,0.7762330770492554,Normal,0.9990723133087158,Scratch,0.00033260637428611517,Center,0.00030212500132620335,0.010162109902012162,0.9990723133087158,0.00030212500132620335,1.015553474648101e-10,5.953064464847557e-05,5.947900376668258e-07,0.00023271275858860463,5.891079724734682e-13,7.614592290039468e-11,0.00033260637428611517,29,26,561,40,0.07130124777183601,"{'source_height': 29, 'source_width': 26, 'resized_height': 96, 'resized_width': 86, 'padding_top': 0, 'padding_bottom': 0, 'padding_left': 5, 'padding_right': 5, 'scale': 3.310344827586207}"
record_000798750:0,artifacts/input_files/record_000798750.npy,0,0,Normal,False,0.9992740750312805,0.006726124789565802,AUTO_ACCEPT,Production-enabled class meets the frozen confidence and probability-margin requirements.,True,0.9441788792610168,0.1,0.0004530631413217634,0.9988210118899588,True,0.7762330770492554,Normal,0.9992740750312805,Edge-Loc,0.0004530631413217634,Edge-Ring,0.00016695173690095544,0.010162109902012162,0.9992740750312805,1.9522216462064534e-05,1.2427869497400046e-11,0.0004530631413217634,0.00016695173690095544,1.514692667115014e-05,1.5039013437356807e-11,1.217112244322749e-10,7.122811075532809e-05,29,26,562,48,0.08540925266903915,"{'source_height': 29, 'source_width': 26, 'resized_height': 96, 'resized_width': 86, 'padding_top': 0, 'padding_bottom': 0, 'padding_left': 5, 'padding_right': 5, 'scale': 3.310344827586207}"
record_000798757:0,artifacts/input_files/record_000798757.npy,0,0,Normal,False,0.9998171925544739,0.001979417633265257,AUTO_ACCEPT,Production-enabled class meets the frozen confidence and probability-margin requirements.,True,0.9441788792610168,0.1,7.50945255276747e-05,0.9997420980289462,True,0.7762330770492554,Normal,0.9998171925544739,Edge-Loc,7.50945255276747e-05,Scratch,7.217528036562726e-05,0.010162109902012162,0.9998171925544739,1.3090566426399164e-05,1.0995159643867325e-11,7.50945255276747e-05,2.554668753873557e-06,1.9867540686391294e-05,1.4163800340916133e-12,2.116585032241325e-11,7.217528036562726e-05,29,26,562,33,0.05871886120996441,"{'source_height': 29, 'source_width': 26, 'resized_height': 96, 'resized_width': 86, 'padding_top': 0, 'padding_bottom': 0, 'padding_left': 5, 'padding_right': 5, 'scale': 3.310344827586207}"
record_000798762:0,artifacts/input_files/record_000798762.npy,0,5,Loc,True,0.9867462515830994,0.08694480359554291,ENGINEER_REVIEW,Class is review-only or confidence does not meet its production auto-accept threshold.,False,,,0.005262891761958599,0.9814833598211408,True,0.7762330770492554,Loc,0.9867462515830994,Normal,0.005262891761958599,Center,0.004929279442876577,0.010162109902012162,0.005262891761958599,0.004929279442876577,1.4190746696840506e-05,0.0014908824814483523,5.642121791993304e-08,0.9867462515830994,4.635771766459129e-09,8.235955647251103e-06,0.0015482748858630657,29,26,545,63,0.11559633027522936,"{'source_height': 29, 'source_width': 26, 'resized_height': 96, 'resized_width': 86, 'padding_top': 0, 'padding_bottom': 0, 'padding_left': 5, 'padding_right': 5, 'scale': 3.310344827586207}"
record_000799080:0,artifacts/input_files/record_000799080.npy,0,0,Normal,False,0.9998815059661865,0.001342790201306343,AUTO_ACCEPT,Production-enabled class meets the frozen confidence and probability-margin requirements.,True,0.9441788792610168,0.1,5.5708012951072305e-05,0.9998257979532355,True,0.7762330770492554,Normal,0.9998815059661865,Scratch,5.5708012951072305e-05,Edge-Loc,2.3534621504950337e-05,0.010162109902012162,0.9998815059661865,1.7285226931562647e-05,6.501763970961916e-12,2.3534621504950337e-05,5.973981842544163e-07,2.1360167011152953e-05,2.1380377394734917e-13,7.324631352834121e-12,5.5708012951072305e-05,29,26,560,31,0.055357142857142855,"{'source_height': 29, 'source_width': 26, 'resized_height': 96, 'resized_width': 86, 'padding_top': 0, 'padding_bottom': 0, 'padding_left': 5, 'padding_right': 5, 'scale': 3.310344827586207}"
record_000799460:0,artifacts/input_files/record_000799460.npy,0,0,Normal,False,0.9718016982078552,0.1525413542985916,AUTO_ACCEPT,Production-enabled class meets the frozen confidence and probability-margin requirements.,True,0.9441788792610168,0.1,0.019625158980488777,0.9521765392273664,True,0.7762330770492554,Normal,0.9718016982078552,Edge-Loc,0.019625158980488777,Loc,0.004719795659184456,0.010162109902012162,0.9718016982078552,0.00012710281589534134,9.209324969283728e-10,0.019625158980488777,6.834277155576274e-05,0.004719795659184456,8.804875578638516e-11,7.873416585368886e-09,0.0036579123698174953,29,26,562,55,0.09786476868327403,"{'source_height': 29, 'source_width': 26, 'resized_height': 96, 'resized_width': 86, 'padding_top': 0, 'padding_bottom': 0, 'padding_left': 5, 'padding_right': 5, 'scale': 3.310344827586207}"
record_000799724:0,artifacts/input_files/record_000799724.npy,0,0,Normal,False,0.998610258102417,0.012030753307044506,AUTO_ACCEPT,Production-enabled class meets the frozen confidence and probability-margin requirements.,True,0.9441788792610168,0.1,0.0008699004538357258,0.9977403576485813,True,0.7762330770492554,Normal,0.998610258102417,Scratch,0.0008699004538357258,Center,0.0002010328316828236,0.010162109902012162,0.998610258102417,0.0002010328316828236,7.676898006181432e-11,0.00015837639512028545,2.4251271497632843e-06,0.0001580356911290437,5.011385187034256e-13,6.212081543610637e-11,0.0008699004538357258,29,26,554,37,0.06678700361010831,"{'source_height': 29, 'source_width': 26, 'resized_height': 96, 'resized_width': 86, 'padding_top': 0, 'padding_bottom': 0, 'padding_left': 5, 'padding_right': 5, 'scale': 3.310344827586207}"
record_000799734:0,artifacts/input_files/record_000799734.npy,0,0,Normal,False,0.999993085861206,9.841265273280442e-05,AUTO_ACCEPT,Production-enabled class meets the frozen confidence and probability-margin requirements.,True,0.9441788792610168,0.1,2.7989196951239137e-06,0.9999902869415109,True,0.7762330770492554,Normal,0.999993085861206,Scratch,2.7989196951239137e-06,Center,2.397031039436115e-06,0.010162109902012162,0.999993085861206,2.397031039436115e-06,9.8283536799533e-15,1.409085371051333e-06,5.0492719338990355e-08,3.251704185913695e-07,1.431484516189465e-15,2.2193615082646487e-14,2.7989196951239137e-06,29,26,562,42,0.07473309608540925,"{'source_height': 29, 'source_width': 26, 'resized_height': 96, 'resized_width': 86, 'padding_top': 0, 'padding_bottom': 0, 'padding_left': 5, 'padding_right': 5, 'scale': 3.310344827586207}"
record_000800166:0,artifacts/input_files/record_000800166.npy,0,0,Normal,False,0.9999485015869141,0.0006136491429060698,AUTO_ACCEPT,Production-enabled class meets the frozen confidence and probability-margin requirements.,True,0.9441788792610168,0.1,3.430184005992487e-05,0.9999141997468541,True,0.7762330770492554,Normal,0.9999485015869141,Scratch,3.430184005992487e-05,Edge-Loc,6.721269528497942e-06,0.010162109902012162,0.9999485015869141,4.286730927560711e-06,1.9916329870028893e-12,6.721269528497942e-06,5.170944064047944e-07,5.715337920264574e-06,2.9131956721072105e-14,1.3211379689889724e-12,3.430184005992487e-05,29,26,562,34,0.060498220640569395,"{'source_height': 29, 'source_width': 26, 'resized_height': 96, 'resized_width': 86, 'padding_top': 0, 'padding_bottom': 0, 'padding_left': 5, 'padding_right': 5, 'scale': 3.310344827586207}"
record_000800268:0,artifacts/input_files/record_000800268.npy,0,0,Normal,False,0.9981953501701355,0.01527155190706253,AUTO_ACCEPT,Production-enabled class meets the frozen confidence and probability-margin requirements.,True,0.9441788792610168,0.1,0.0009934207191690803,0.9972019294509664,True,0.7762330770492554,Normal,0.9981953501701355,Scratch,0.0009934207191690803,Center,0.0004245658637955785,0.010162109902012162,0.9981953501701355,0.0004245658637955785,2.799655618446195e-09,0.00012457430420909077,4.108798293600557e-06,0.00025805181940086186,2.748027673471487e-11,9.967334735350164e-10,0.0009934207191690803,29,26,562,24,0.042704626334519574,"{'source_height': 29, 'source_width': 26, 'resized_height': 96, 'resized_width': 86, 'padding_top': 0, 'padding_bottom': 0, 'padding_left': 5, 'padding_right': 5, 'scale': 3.310344827586207}"
record_000800399:0,artifacts/input_files/record_000800399.npy,0,0,Normal,False,0.9984890222549438,0.01280383113771677,AUTO_ACCEPT,Production-enabled class meets the frozen confidence and probability-margin requirements.,True,0.9441788792610168,0.1,0.0010374304838478565,0.997451591771096,True,0.7762330770492554,Normal,0.9984890222549438,Edge-Loc,0.0010374304838478565,Scratch,0.00022158572392072529,0.010162109902012162,0.9984890222549438,9.454729297431186e-05,4.161125610746552e-11,0.0010374304838478565,1.3997584574099164e-05,0.00014334727893583477,1.4860515595849222e-11,2.7134880453694166e-10,0.00022158572392072529,29,26,562,51,0.09074733096085409,"{'source_height': 29, 'source_width': 26, 'resized_height': 96, 'resized_width': 86, 'padding_top': 0, 'padding_bottom': 0, 'padding_left': 5, 'padding_right': 5, 'scale': 3.310344827586207}"
record_000800404:0,artifacts/input_files/record_000800404.npy,0,0,Normal,False,0.9999469518661499,0.0006446185288950801,AUTO_ACCEPT,Production-enabled class meets the frozen confidence and probability-margin requirements.,True,0.9441788792610168,0.1,2.2064743461669423e-05,0.9999248871226882,True,0.7762330770492554,Normal,0.9999469518661499,Scratch,2.2064743461669423e-05,Edge-Loc,1.471614268666599e-05,0.010162109902012162,0.9999469518661499,1.0278805348207243e-05,2.431962617399641e-12,1.471614268666599e-05,3.551347163011087e-07,5.619277544610668e-06,3.61420366291193e-13,4.825790808626884e-12,2.2064743461669423e-05,29,26,562,32,0.05693950177935943,"{'source_height': 29, 'source_width': 26, 'resized_height': 96, 'resized_width': 86, 'padding_top': 0, 'padding_bottom': 0, 'padding_left': 5, 'padding_right': 5, 'scale': 3.310344827586207}"
record_000800812:0,artifacts/input_files/record_000800812.npy,0,0,Normal,False,0.999808132648468,0.002020786516368389,AUTO_ACCEPT,Production-enabled class meets the frozen confidence and probability-margin requirements.,True,0.9441788792610168,0.1,0.00012999204045627266,0.9996781406080117,True,0.7762330770492554,Normal,0.999808132648468,Scratch,0.00012999204045627266,Loc,2.8003683837596327e-05,0.010162109902012162,0.999808132648468,8.920859727368224e-06,4.771872567227442e-12,2.400979064987041e-05,9.42656981806067e-07,2.8003683837596327e-05,3.413026764963363e-14,3.170837941171567e-12,0.00012999204045627266,29,26,562,32,0.05693950177935943,"{'source_height': 29, 'source_width': 26, 'resized_height': 96, 'resized_width': 86, 'padding_top': 0, 'padding_bottom': 0, 'padding_left': 5, 'padding_right': 5, 'scale': 3.310344827586207}"
record_000801390:0,artifacts/input_files/record_000801390.npy,0,0,Normal,False,0.9818003177642822,0.11352619528770447,AUTO_ACCEPT,Production-enabled class meets the frozen confidence and probability-margin requirements.,True,0.9441788792610168,0.1,0.010450921021401882,0.9713493967428803,True,0.7762330770492554,Normal,0.9818003177642822,Edge-Loc,0.010450921021401882,Scratch,0.0026091458275914192,0.010162109902012162,0.9818003177642822,0.0025139085482805967,1.8610053942325067e-08,0.010450921021401882,0.0008481120457872748,0.0017774493899196386,3.5693392685942626e-09,1.3576048729646573e-07,0.0026091458275914192,29,26,562,61,0.10854092526690391,"{'source_height': 29, 'source_width': 26, 'resized_height': 96, 'resized_width': 86, 'padding_top': 0, 'padding_bottom': 0, 'padding_left': 5, 'padding_right': 5, 'scale': 3.310344827586207}"
record_000801855:0,artifacts/input_files/record_000801855.npy,0,0,Normal,False,0.9999786615371704,0.0002759374910965562,AUTO_ACCEPT,Production-enabled class meets the frozen confidence and probability-margin requirements.,True,0.9441788792610168,0.1,1.092045749828685e-05,0.9999677410796721,True,0.7762330770492554,Normal,0.9999786615371704,Scratch,1.092045749828685e-05,Edge-Loc,5.658714144374244e-06,0.010162109902012162,0.9999786615371704,2.3159532247518655e-06,2.864859770853462e-13,5.658714144374244e-06,3.047026382319018e-07,2.0492511794145685e-06,2.1425229144544748e-14,4.0566711773624975e-13,1.092045749828685e-05,29,26,562,34,0.060498220640569395,"{'source_height': 29, 'source_width': 26, 'resized_height': 96, 'resized_width': 86, 'padding_top': 0, 'padding_bottom': 0, 'padding_left': 5, 'padding_right': 5, 'scale': 3.310344827586207}"
record_000801858:0,artifacts/input_files/record_000801858.npy,0,0,Normal,False,0.9999692440032959,0.0003818729892373085,AUTO_ACCEPT,Production-enabled class meets the frozen confidence and probability-margin requirements.,True,0.9441788792610168,0.1,2.0233082977938466e-05,0.999949010920318,True,0.7762330770492554,Normal,0.9999692440032959,Scratch,2.0233082977938466e-05,Edge-Loc,4.871460077993106e-06,0.010162109902012162,0.9999692440032959,2.632621317388839e-06,5.155819347846258e-13,4.871460077993106e-06,2.3039594054807822e-07,2.774697577478946e-06,1.351475965101663e-14,4.841873972073751e-13,2.0233082977938466e-05,29,26,562,33,0.05871886120996441,"{'source_height': 29, 'source_width': 26, 'resized_height': 96, 'resized_width': 86, 'padding_top': 0, 'padding_bottom': 0, 'padding_left': 5, 'padding_right': 5, 'scale': 3.310344827586207}"
record_000801864:0,artifacts/input_files/record_000801864.npy,0,0,Normal,False,0.9999681711196899,0.00039832829497754574,AUTO_ACCEPT,Production-enabled class meets the frozen confidence and probability-margin requirements.,True,0.9441788792610168,0.1,1.6109710486489348e-05,0.9999520614092035,True,0.7762330770492554,Normal,0.9999681711196899,Scratch,1.6109710486489348e-05,Edge-Loc,1.0221232514595613e-05,0.010162109902012162,0.9999681711196899,2.430491349514341e-06,2.8905670175147224e-13,1.0221232514595613e-05,5.84100575906632e-07,2.4334576664841734e-06,2.3250856196420887e-14,5.442042216169396e-13,1.6109710486489348e-05,29,26,562,37,0.06583629893238434,"{'source_height': 29, 'source_width': 26, 'resized_height': 96, 'resized_width': 86, 'padding_top': 0, 'padding_bottom': 0, 'padding_left': 5, 'padding_right': 5, 'scale': 3.310344827586207}"
record_000801875:0,artifacts/input_files/record_000801875.npy,0,0,Normal,False,0.9998589754104614,0.0015347388107329607,AUTO_ACCEPT,Production-enabled class meets the frozen confidence and probability-margin requirements.,True,0.9441788792610168,0.1,9.331502224085853e-05,0.9997656603882206,True,0.7762330770492554,Normal,0.9998589754104614,Scratch,9.331502224085853e-05,Center,1.930831786012277e-05,0.010162109902012162,0.9998589754104614,1.930831786012277e-05,5.446165220190924e-12,1.414140388078522e-05,5.687447810487356e-07,1.3573740943684243e-05,8.152607414027915e-14,3.67169402520906e-12,9.331502224085853e-05,29,26,562,27,0.04804270462633452,"{'source_height': 29, 'source_width': 26, 'resized_height': 96, 'resized_width': 86, 'padding_top': 0, 'padding_bottom': 0, 'padding_left': 5, 'padding_right': 5, 'scale': 3.310344827586207}"
record_000801880:0,artifacts/input_files/record_000801880.npy,0,0,Normal,False,0.9999982118606567,2.770204264379572e-05,AUTO_ACCEPT,Production-enabled class meets the frozen confidence and probability-margin requirements.,True,0.9441788792610168,0.1,8.566685778532701e-07,0.9999973551920789,True,0.7762330770492554,Normal,0.9999982118606567,Scratch,8.566685778532701e-07,Edge-Loc,4.833475486520911e-07,0.010162109902012162,0.9999982118606567,2.7981613470728917e-07,9.31439674569073e-16,4.833475486520911e-07,2.656492803509991e-08,1.4148093896437786e-07,5.411917500517604e-17,1.692884812942773e-15,8.566685778532701e-07,29,26,562,43,0.07651245551601424,"{'source_height': 29, 'source_width': 26, 'resized_height': 96, 'resized_width': 86, 'padding_top': 0, 'padding_bottom': 0, 'padding_left': 5, 'padding_right': 5, 'scale': 3.310344827586207}"
record_000802034:0,artifacts/input_files/record_000802034.npy,0,0,Normal,False,0.9999853372573853,0.00018885565805248916,AUTO_ACCEPT,Production-enabled class meets the frozen confidence and probability-margin requirements.,True,0.9441788792610168,0.1,1.081195932783885e-05,0.9999745252980574,True,0.7762330770492554,Normal,0.9999853372573853,Scratch,1.081195932783885e-05,Edge-Loc,2.1465198187797796e-06,0.010162109902012162,0.9999853372573853,5.44015506420692e-07,4.824599717672719e-14,2.1465198187797796e-06,1.9668560469199292e-07,8.329507181770168e-07,7.626606835925691e-16,4.31064451982769e-14,1.081195932783885e-05,29,26,562,39,0.0693950177935943,"{'source_height': 29, 'source_width': 26, 'resized_height': 96, 'resized_width': 86, 'padding_top': 0, 'padding_bottom': 0, 'padding_left': 5, 'padding_right': 5, 'scale': 3.310344827586207}"
record_000802043:0,artifacts/input_files/record_000802043.npy,0,0,Normal,False,0.9999510049819946,0.0005966007011011243,AUTO_ACCEPT,Production-enabled class meets the frozen confidence and probability-margin requirements.,True,0.9441788792610168,0.1,2.0669540390372276e-05,0.9999303354416043,True,0.7762330770492554,Normal,0.9999510049819946,Scratch,2.0669540390372276e-05,Center,1.692230762273539e-05,0.010162109902012162,0.9999510049819946,1.692230762273539e-05,3.6041951216071733e-13,7.739843567833304e-06,1.7372812521898595e-07,3.583045327104628e-06,1.622413005808107e-14,4.1126203462714395e-13,2.0669540390372276e-05,29,26,562,38,0.06761565836298933,"{'source_height': 29, 'source_width': 26, 'resized_height': 96, 'resized_width': 86, 'padding_top': 0, 'padding_bottom': 0, 'padding_left': 5, 'padding_right': 5, 'scale': 3.310344827586207}"
record_000802634:0,artifacts/input_files/record_000802634.npy,0,0,Normal,False,0.5636848211288452,0.9609883427619934,ABSTAIN,Confidence is below the frozen abstain threshold.,True,0.9441788792610168,0.1,0.3536197543144226,0.2100650668144226,True,0.7762330770492554,Normal,0.5636848211288452,Loc,0.3536197543144226,Center,0.04060976579785347,0.010162109902012162,0.5636848211288452,0.04060976579785347,4.634602646547137e-06,0.0015758933732286096,2.8886747713841032e-06,0.3536197543144226,9.565506164932458e-10,1.6616571656413726e-06,0.04050051048398018,29,26,562,35,0.06227758007117438,"{'source_height': 29, 'source_width': 26, 'resized_height': 96, 'resized_width': 86, 'padding_top': 0, 'padding_bottom': 0, 'padding_left': 5, 'padding_right': 5, 'scale': 3.310344827586207}"
record_000802854:0,artifacts/input_files/record_000802854.npy,0,0,Normal,False,0.9999850988388062,0.00019724320736713707,AUTO_ACCEPT,Production-enabled class meets the frozen confidence and probability-margin requirements.,True,0.9441788792610168,0.1,9.276859600504395e-06,0.9999758219792056,True,0.7762330770492554,Normal,0.9999850988388062,Scratch,9.276859600504395e-06,Edge-Loc,2.5298666059825337e-06,0.010162109902012162,0.9999850988388062,1.63666038588417e-06,6.151249485903537e-14,2.5298666059825337e-06,2.3156354700404336e-07,1.2424818578438135e-06,1.4316587932183627e-15,6.887101566127596e-14,9.276859600504395e-06,29,26,562,37,0.06583629893238434,"{'source_height': 29, 'source_width': 26, 'resized_height': 96, 'resized_width': 86, 'padding_top': 0, 'padding_bottom': 0, 'padding_left': 5, 'padding_right': 5, 'scale': 3.310344827586207}"
record_000803066:0,artifacts/input_files/record_000803066.npy,0,0,Normal,False,0.9993304014205933,0.006336475256830454,AUTO_ACCEPT,Production-enabled class meets the frozen confidence and probability-margin requirements.,True,0.9441788792610168,0.1,0.00034944963408634067,0.9989809517865069,True,0.7762330770492554,Normal,0.9993304014205933,Edge-Loc,0.00034944963408634067,Scratch,0.0002082127903122455,0.010162109902012162,0.9993304014205933,2.5065208319574594e-05,4.0166699827315355e-11,0.00034944963408634067,1.672949656494893e-05,7.01793615007773e-05,3.715844906077015e-12,9.443104631579047e-11,0.0002082127903122455,29,26,562,41,0.07295373665480427,"{'source_height': 29, 'source_width': 26, 'resized_height': 96, 'resized_width': 86, 'padding_top': 0, 'padding_bottom': 0, 'padding_left': 5, 'padding_right': 5, 'scale': 3.310344827586207}"
record_000803077:0,artifacts/input_files/record_000803077.npy,0,0,Normal,False,0.999984860420227,0.00019984194659627974,AUTO_ACCEPT,Production-enabled class meets the frozen confidence and probability-margin requirements.,True,0.9441788792610168,0.1,8.091395102383103e-06,0.9999767690251247,True,0.7762330770492554,Normal,0.999984860420227,Scratch,8.091395102383103e-06,Edge-Loc,4.541749603959033e-06,0.010162109902012162,0.999984860420227,8.64135472511407e-07,1.6351190421180078e-13,4.541749603959033e-06,4.263078778876661e-07,1.1432758810769883e-06,1.0531413896063945e-14,2.3645896438800884e-13,8.091395102383103e-06,29,26,561,36,0.06417112299465241,"{'source_height': 29, 'source_width': 26, 'resized_height': 96, 'resized_width': 86, 'padding_top': 0, 'padding_bottom': 0, 'padding_left': 5, 'padding_right': 5, 'scale': 3.310344827586207}"
record_000803083:0,artifacts/input_files/record_000803083.npy,0,0,Normal,False,0.9999843835830688,0.000207633274840191,AUTO_ACCEPT,Production-enabled class meets the frozen confidence and probability-margin requirements.,True,0.9441788792610168,0.1,7.113895208021859e-06,0.9999772696878608,True,0.7762330770492554,Normal,0.9999843835830688,Scratch,7.113895208021859e-06,Center,3.894295332429465e-06,0.4637093748897314,0.9999843835830688,3.894295332429465e-06,7.511748384772532e-14,2.863761210392113e-06,9.011787227564128e-08,1.5853698869250366e-06,3.307931533197612e-15,1.0407171950393632e-13,7.113895208021859e-06,29,26,562,36,0.06405693950177936,"{'source_height': 29, 'source_width': 26, 'resized_height': 96, 'resized_width': 86, 'padding_top': 0, 'padding_bottom': 0, 'padding_left': 5, 'padding_right': 5, 'scale': 3.310344827586207}"
record_000804039:0,artifacts/input_files/record_000804039.npy,0,0,Normal,False,0.967564046382904,0.1574857234954834,AUTO_ACCEPT,Production-enabled class meets the frozen confidence and probability-margin requirements.,True,0.9441788792610168,0.1,0.02874365635216236,0.9388203900307417,True,0.7762330770492554,Normal,0.967564046382904,Scratch,0.02874365635216236,Edge-Loc,0.0024169303942471743,0.4637093748897314,0.967564046382904,2.96482139674481e-05,3.1433835534500076e-09,0.0024169303942471743,0.00010387784277554601,0.0011418256908655167,3.435680342653291e-12,1.0822315266167948e-09,0.02874365635216236,33,35,895,91,0.10167597765363129,"{'source_height': 33, 'source_width': 35, 'resized_height': 91, 'resized_width': 96, 'padding_top': 2, 'padding_bottom': 3, 'padding_left': 0, 'padding_right': 0, 'scale': 2.742857142857143}"
record_000804797:0,artifacts/input_files/record_000804797.npy,0,0,Normal,False,0.9997298121452332,0.0028351510409265757,AUTO_ACCEPT,Production-enabled class meets the frozen confidence and probability-margin requirements.,True,0.9441788792610168,0.1,0.00011252929834881797,0.9996172828468843,True,0.7762330770492554,Normal,0.9997298121452332,Edge-Loc,0.00011252929834881797,Scratch,8.964852895587683e-05,0.4637093748897314,0.9997298121452332,4.083878957317211e-05,6.022247284187543e-11,0.00011252929834881797,2.3910538402560633e-06,2.4768609364400618e-05,1.626865309134473e-11,1.3513382079999303e-10,8.964852895587683e-05,41,33,1060,85,0.08018867924528301,"{'source_height': 41, 'source_width': 33, 'resized_height': 96, 'resized_width': 77, 'padding_top': 0, 'padding_bottom': 0, 'padding_left': 9, 'padding_right': 10, 'scale': 2.341463414634146}"
record_000804833:0,artifacts/input_files/record_000804833.npy,0,0,Normal,False,0.9998358488082886,0.001793490955606103,AUTO_ACCEPT,Production-enabled class meets the frozen confidence and probability-margin requirements.,True,0.9441788792610168,0.1,7.431005360558629e-05,0.999761538754683,True,0.7762330770492554,Normal,0.9998358488082886,Edge-Loc,7.431005360558629e-05,Scratch,5.887099541723728e-05,0.4637093748897314,0.9998358488082886,1.4454101801675279e-05,1.919757408597178e-11,7.431005360558629e-05,2.369353751419112e-06,1.4118828403297812e-05,3.5971069872742234e-12,3.968103623464003e-11,5.887099541723728e-05,41,33,1060,100,0.09433962264150944,"{'source_height': 41, 'source_width': 33, 'resized_height': 96, 'resized_width': 77, 'padding_top': 0, 'padding_bottom': 0, 'padding_left': 9, 'padding_right': 10, 'scale': 2.341463414634146}"
record_000805149:0,artifacts/input_files/record_000805149.npy,0,0,Normal,False,0.9998158812522888,0.0019880346953868866,AUTO_ACCEPT,Production-enabled class meets the frozen confidence and probability-margin requirements.,True,0.9441788792610168,0.1,9.558751480653882e-05,0.9997202937374823,True,0.7762330770492554,Normal,0.9998158812522888,Edge-Loc,9.558751480653882e-05,Scratch,4.7511199227301404e-05,0.4637093748897314,0.9998158812522888,2.6253821488353424e-05,1.8838203566517997e-11,9.558751480653882e-05,1.7400018350599566e-06,1.3002049854549114e-05,9.917023799377311e-12,6.296486249057764e-11,4.7511199227301404e-05,41,33,1060,84,0.07924528301886792,"{'source_height': 41, 'source_width': 33, 'resized_height': 96, 'resized_width': 77, 'padding_top': 0, 'padding_bottom': 0, 'padding_left': 9, 'padding_right': 10, 'scale': 2.341463414634146}"
record_000805579:0,artifacts/input_files/record_000805579.npy,0,3,Edge-Loc,True,0.4997429847717285,0.9423252940177917,ABSTAIN,Confidence is below the frozen abstain threshold.,False,,,0.41101396083831787,0.08872902393341064,True,0.7762330770492554,Edge-Loc,0.4997429847717285,Normal,0.41101396083831787,Edge-Ring,0.08632107824087143,0.4637093748897314,0.41101396083831787,7.704862946411595e-05,1.3050061475894381e-08,0.4997429847717285,0.08632107824087143,0.0005165162147022784,5.142599093233002e-07,1.0929753671007347e-06,0.00232681049965322,41,33,1060,104,0.09811320754716982,"{'source_height': 41, 'source_width': 33, 'resized_height': 96, 'resized_width': 77, 'padding_top': 0, 'padding_bottom': 0, 'padding_left': 9, 'padding_right': 10, 'scale': 2.341463414634146}"
record_000805591:0,artifacts/input_files/record_000805591.npy,0,0,Normal,False,0.9942589998245239,0.04293648526072502,AUTO_ACCEPT,Production-enabled class meets the frozen confidence and probability-margin requirements.,True,0.9441788792610168,0.1,0.0020985964220017195,0.9921604034025222,True,0.7762330770492554,Normal,0.9942589998245239,Edge-Loc,0.0020985964220017195,Scratch,0.0015950481174513698,0.4637093748897314,0.9942589998245239,0.0005799331120215356,9.932446864979738e-09,0.0020985964220017195,1.8862132492358796e-05,0.0014486254658550024,9.5850793968566e-10,1.6224399601583173e-08,0.0015950481174513698,41,33,1060,77,0.07264150943396226,"{'source_height': 41, 'source_width': 33, 'resized_height': 96, 'resized_width': 77, 'padding_top': 0, 'padding_bottom': 0, 'padding_left': 9, 'padding_right': 10, 'scale': 2.341463414634146}"
record_000805735:0,artifacts/input_files/record_000805735.npy,0,0,Normal,False,0.9986492991447449,0.011569967493414879,AUTO_ACCEPT,Production-enabled class meets the frozen confidence and probability-margin requirements.,True,0.9441788792610168,0.1,0.0009390576160512865,0.9977102415286936,True,0.7762330770492554,Normal,0.9986492991447449,Edge-Loc,0.0009390576160512865,Scratch,0.00023312879784498364,0.4637093748897314,0.9986492991447449,5.747933391830884e-05,4.5462061892820316e-10,0.0009390576160512865,3.315180947538465e-05,8.79392318893224e-05,3.632628364780288e-10,1.8253927258626845e-09,0.00023312879784498364,41,33,1060,98,0.09245283018867924,"{'source_height': 41, 'source_width': 33, 'resized_height': 96, 'resized_width': 77, 'padding_top': 0, 'padding_bottom': 0, 'padding_left': 9, 'padding_right': 10, 'scale': 2.341463414634146}"
record_000805736:0,artifacts/input_files/record_000805736.npy,0,0,Normal,False,0.9997729659080505,0.002397101605311036,AUTO_ACCEPT,Production-enabled class meets the frozen confidence and probability-margin requirements.,True,0.9441788792610168,0.1,0.00012063128087902442,0.9996523346271715,True,0.7762330770492554,Normal,0.9997729659080505,Edge-Loc,0.00012063128087902442,Scratch,6.548927194671705e-05,0.4637093748897314,0.9997729659080505,1.750623414409347e-05,1.869308353941168e-11,0.00012063128087902442,2.7404239517636597e-06,2.0767847672686912e-05,4.854295784784135e-12,5.479321163459616e-11,6.548927194671705e-05,41,33,1060,102,0.09622641509433963,"{'source_height': 41, 'source_width': 33, 'resized_height': 96, 'resized_width': 77, 'padding_top': 0, 'padding_bottom': 0, 'padding_left': 9, 'padding_right': 10, 'scale': 2.341463414634146}"
record_000805836:0,artifacts/input_files/record_000805836.npy,0,0,Normal,False,0.9993089437484741,0.006619149819016457,AUTO_ACCEPT,Production-enabled class meets the frozen confidence and probability-margin requirements.,True,0.9441788792610168,0.1,0.00030254575540311635,0.999006397993071,True,0.7762330770492554,Normal,0.9993089437484741,Edge-Loc,0.00030254575540311635,Scratch,0.00021658210607711226,0.4637093748897314,0.9993089437484741,7.740788714727387e-05,6.777332584029239e-10,0.00030254575540311635,1.4390931937668938e-05,8.016129140742123e-05,1.2860057463370822e-10,1.221392431638435e-09,0.00021658210607711226,41,33,1060,100,0.09433962264150944,"{'source_height': 41, 'source_width': 33, 'resized_height': 96, 'resized_width': 77, 'padding_top': 0, 'padding_bottom': 0, 'padding_left': 9, 'padding_right': 10, 'scale': 2.341463414634146}"
record_000806272:0,artifacts/input_files/record_000806272.npy,0,0,Normal,False,0.9996896982192993,0.003235147101804614,AUTO_ACCEPT,Production-enabled class meets the frozen confidence and probability-margin requirements.,True,0.9441788792610168,0.1,9.456669795326889e-05,0.999595131521346,True,0.7762330770492554,Normal,0.9996896982192993,Scratch,9.456669795326889e-05,Edge-Loc,9.441899601370096e-05,0.4637093748897314,0.9996896982192993,8.672574767842889e-05,9.820613766642339e-11,9.441899601370096e-05,1.8935219259219593e-06,3.2673549867467955e-05,1.4989757698979922e-11,1.6588613815926578e-10,9.456669795326889e-05,41,33,1060,91,0.08584905660377358,"{'source_height': 41, 'source_width': 33, 'resized_height': 96, 'resized_width': 77, 'padding_top': 0, 'padding_bottom': 0, 'padding_left': 9, 'padding_right': 10, 'scale': 2.341463414634146}"
record_000806280:0,artifacts/input_files/record_000806280.npy,0,0,Normal,False,0.9999445676803589,0.0006673033349215984,AUTO_ACCEPT,Production-enabled class meets the frozen confidence and probability-margin requirements.,True,0.9441788792610168,0.1,2.2804688342148438e-05,0.9999217629920167,True,0.7762330770492554,Normal,0.9999445676803589,Edge-Loc,2.2804688342148438e-05,Scratch,2.198759830207564e-05,0.4637093748897314,0.9999445676803589,3.507998371787835e-06,3.5018307698031492e-12,2.2804688342148438e-05,8.55699113344599e-07,6.377135832735803e-06,3.202054506962204e-13,5.931373447953803e-12,2.198759830207564e-05,41,33,1060,127,0.11981132075471698,"{'source_height': 41, 'source_width': 33, 'resized_height': 96, 'resized_width': 77, 'padding_top': 0, 'padding_bottom': 0, 'padding_left': 9, 'padding_right': 10, 'scale': 2.341463414634146}"
record_000806365:0,artifacts/input_files/record_000806365.npy,0,0,Normal,False,0.9975358247756958,0.020505966618657112,AUTO_ACCEPT,Production-enabled class meets the frozen confidence and probability-margin requirements.,True,0.9441788792610168,0.1,0.0010741009609773755,0.9964617238147184,True,0.7762330770492554,Normal,0.9975358247756958,Scratch,0.0010741009609773755,Edge-Loc,0.000630027090664953,0.4637093748897314,0.9975358247756958,0.00041959231020882726,4.569525202668956e-09,0.000630027090664953,2.0317469534347765e-05,0.0003201696672476828,3.1242017306531977e-10,5.109501266531424e-09,0.0010741009609773755,41,33,1060,89,0.08396226415094339,"{'source_height': 41, 'source_width': 33, 'resized_height': 96, 'resized_width': 77, 'padding_top': 0, 'padding_bottom': 0, 'padding_left': 9, 'padding_right': 10, 'scale': 2.341463414634146}"
record_000806370:0,artifacts/input_files/record_000806370.npy,0,0,Normal,False,0.9997524619102478,0.0026157498359680176,AUTO_ACCEPT,Production-enabled class meets the frozen confidence and probability-margin requirements.,True,0.9441788792610168,0.1,0.0001102735404856503,0.9996421883697622,True,0.7762330770492554,Normal,0.9997524619102478,Edge-Loc,0.0001102735404856503,Scratch,7.745301991235465e-05,0.4637093748897314,0.9997524619102478,3.2840933272382244e-05,4.061060168703001e-11,0.0001102735404856503,2.2439339772972744e-06,2.4693885279702954e-05,1.0524224720864783e-11,9.659510691317763e-11,7.745301991235465e-05,41,33,1060,89,0.08396226415094339,"{'source_height': 41, 'source_width': 33, 'resized_height': 96, 'resized_width': 77, 'padding_top': 0, 'padding_bottom': 0, 'padding_left': 9, 'padding_right': 10, 'scale': 2.341463414634146}"
record_000806550:0,artifacts/input_files/record_000806550.npy,0,0,Normal,False,0.9998457431793213,0.0016807629726827145,AUTO_ACCEPT,Production-enabled class meets the frozen confidence and probability-margin requirements.,True,0.9441788792610168,0.1,8.539239934179932e-05,0.9997603507799795,True,0.7762330770492554,Normal,0.9998457431793213,Edge-Loc,8.539239934179932e-05,Scratch,4.452824214240536e-05,0.4637093748897314,0.9998457431793213,1.0972525160468649e-05,1.3489420518097983e-11,8.539239934179932e-05,2.191944759033504e-06,1.1089231520600151e-05,5.29289069170491e-12,4.204605413837825e-11,4.452824214240536e-05,41,33,1060,99,0.09339622641509433,"{'source_height': 41, 'source_width': 33, 'resized_height': 96, 'resized_width': 77, 'padding_top': 0, 'padding_bottom': 0, 'padding_left': 9, 'padding_right': 10, 'scale': 2.341463414634146}"
record_000806587:0,artifacts/input_files/record_000806587.npy,0,0,Normal,False,0.9998694658279419,0.0014404430985450745,AUTO_ACCEPT,Production-enabled class meets the frozen confidence and probability-margin requirements.,True,0.9441788792610168,0.1,7.339721196331084e-05,0.9997960686159786,True,0.7762330770492554,Normal,0.9998694658279419,Edge-Loc,7.339721196331084e-05,Scratch,3.817206743406132e-05,0.4637093748897314,0.9998694658279419,3.37114283865958e-06,7.1970806050924985e-12,7.339721196331084e-05,3.1248644063452957e-06,1.2466197404137347e-05,1.0951063189948429e-12,1.9043187166056796e-11,3.817206743406132e-05,41,33,1060,140,0.1320754716981132,"{'source_height': 41, 'source_width': 33, 'resized_height': 96, 'resized_width': 77, 'padding_top': 0, 'padding_bottom': 0, 'padding_left': 9, 'padding_right': 10, 'scale': 2.341463414634146}"
record_000806597:0,artifacts/input_files/record_000806597.npy,0,0,Normal,False,0.996938943862915,0.022512666881084442,AUTO_ACCEPT,Production-enabled class meets the frozen confidence and probability-margin requirements.,True,0.9441788792610168,0.1,0.0026148310862481594,0.9943241127766669,True,0.7762330770492554,Normal,0.996938943862915,Edge-Loc,0.0026148310862481594,Scratch,0.00022061890922486782,0.4637093748897314,0.996938943862915,8.410792361246422e-06,7.164939475057253e-11,0.0026148310862481594,0.00016567933198530227,5.155926919542253e-05,8.519310257248947e-11,6.83638035070544e-10,0.00022061890922486782,41,33,1060,135,0.12735849056603774,"{'source_height': 41, 'source_width': 33, 'resized_height': 96, 'resized_width': 77, 'padding_top': 0, 'padding_bottom': 0, 'padding_left': 9, 'padding_right': 10, 'scale': 2.341463414634146}"
record_000806599:0,artifacts/input_files/record_000806599.npy,0,0,Normal,False,0.9993693232536316,0.0059813535772264,AUTO_ACCEPT,Production-enabled class meets the frozen confidence and probability-margin requirements.,True,0.9441788792610168,0.1,0.00038576856604777277,0.9989835546875838,True,0.7762330770492554,Normal,0.9993693232536316,Edge-Loc,0.00038576856604777277,Scratch,0.00012837615213356912,0.4637093748897314,0.9993693232536316,1.6777954442659393e-05,1.1660286625136962e-10,0.00038576856604777277,6.508802471216768e-05,3.470599767751992e-05,5.3301255770188405e-11,4.199671443938513e-10,0.00012837615213356912,41,33,1060,98,0.09245283018867924,"{'source_height': 41, 'source_width': 33, 'resized_height': 96, 'resized_width': 77, 'padding_top': 0, 'padding_bottom': 0, 'padding_left': 9, 'padding_right': 10, 'scale': 2.341463414634146}"
record_000807042:0,artifacts/input_files/record_000807042.npy,0,0,Normal,False,0.9987939596176147,0.010975280776619911,AUTO_ACCEPT,Production-enabled class meets the frozen confidence and probability-margin requirements.,True,0.9441788792610168,0.1,0.00038017815677449107,0.9984137814608403,True,0.7762330770492554,Normal,0.9987939596176147,Scratch,0.00038017815677449107,Center,0.0003324981953483075,0.4637093748897314,0.9987939596176147,0.0003324981953483075,2.2647592690105967e-09,0.00021174715948291123,3.776831817958737e-06,0.0002777630870696157,8.000994311530008e-11,1.7209149660857292e-09,0.00038017815677449107,41,33,1060,93,0.08773584905660377,"{'source_height': 41, 'source_width': 33, 'resized_height': 96, 'resized_width': 77, 'padding_top': 0, 'padding_bottom': 0, 'padding_left': 9, 'padding_right': 10, 'scale': 2.341463414634146}"
record_000807375:0,artifacts/input_files/record_000807375.npy,0,0,Normal,False,0.9978817105293274,0.017318885773420334,AUTO_ACCEPT,Production-enabled class meets the frozen confidence and probability-margin requirements.,True,0.9441788792610168,0.1,0.0013836328871548176,0.9964980776421726,True,0.7762330770492554,Normal,0.9978817105293274,Center,0.0013836328871548176,Edge-Loc,0.00032674221438355744,0.4637093748897314,0.9978817105293274,0.0013836328871548176,1.6939919467162667e-09,0.00032674221438355744,4.39408904640004e-06,0.00014583802840206772,2.930540810019977e-10,2.362386064547195e-09,0.0002576648839749396,41,33,1060,91,0.08584905660377358,"{'source_height': 41, 'source_width': 33, 'resized_height': 96, 'resized_width': 77, 'padding_top': 0, 'padding_bottom': 0, 'padding_left': 9, 'padding_right': 10, 'scale': 2.341463414634146}"
record_000807396:0,artifacts/input_files/record_000807396.npy,0,0,Normal,False,0.9928792119026184,0.04979094862937927,AUTO_ACCEPT,Production-enabled class meets the frozen confidence and probability-margin requirements.,True,0.9441788792610168,0.1,0.004568770993500948,0.9883104409091175,True,0.7762330770492554,Normal,0.9928792119026184,Center,0.004568770993500948,Scratch,0.0009811737108975649,0.4637093748897314,0.9928792119026184,0.004568770993500948,2.4699644995962444e-08,0.0007722634472884238,9.187637260765769e-06,0.0007892580470070243,1.481965772320848e-09,1.9999101041889844e-08,0.0009811737108975649,41,33,1060,71,0.0669811320754717,"{'source_height': 41, 'source_width': 33, 'resized_height': 96, 'resized_width': 77, 'padding_top': 0, 'padding_bottom': 0, 'padding_left': 9, 'padding_right': 10, 'scale': 2.341463414634146}"
record_000807404:0,artifacts/input_files/record_000807404.npy,0,0,Normal,False,0.9994250535964966,0.005584281869232655,AUTO_ACCEPT,Production-enabled class meets the frozen confidence and probability-margin requirements.,True,0.9441788792610168,0.1,0.0002402242535026744,0.9991848293429939,True,0.7762330770492554,Normal,0.9994250535964966,Edge-Loc,0.0002402242535026744,Scratch,0.00020870247681159526,0.4637093748897314,0.9994250535964966,4.6900393499527127e-05,2.979667901303884e-10,0.0002402242535026744,6.840135029051453e-06,7.237176760099828e-05,4.628069455447914e-11,5.648940204494579e-10,0.00020870247681159526,41,33,1060,77,0.07264150943396226,"{'source_height': 41, 'source_width': 33, 'resized_height': 96, 'resized_width': 77, 'padding_top': 0, 'padding_bottom': 0, 'padding_left': 9, 'padding_right': 10, 'scale': 2.341463414634146}"
record_000807405:0,artifacts/input_files/record_000807405.npy,0,0,Normal,False,0.9994404911994934,0.005316189490258694,AUTO_ACCEPT,Production-enabled class meets the frozen confidence and probability-margin requirements.,True,0.9441788792610168,0.1,0.00036229690886102617,0.9990781942906324,True,0.7762330770492554,Normal,0.9994404911994934,Edge-Loc,0.00036229690886102617,Scratch,0.00012054586841259152,0.4637093748897314,0.9994404911994934,1.0824778655660339e-05,9.707908782408126e-11,0.00036229690886102617,2.2241951228352264e-05,4.346373680164106e-05,2.1138674144438596e-11,3.386390334814138e-10,0.00012054586841259152,41,33,1060,141,0.1330188679245283,"{'source_height': 41, 'source_width': 33, 'resized_height': 96, 'resized_width': 77, 'padding_top': 0, 'padding_bottom': 0, 'padding_left': 9, 'padding_right': 10, 'scale': 2.341463414634146}"
record_000807486:0,artifacts/input_files/record_000807486.npy,0,0,Normal,False,0.9984862804412842,0.013104736804962158,AUTO_ACCEPT,Production-enabled class meets the frozen confidence and probability-margin requirements.,True,0.9441788792610168,0.1,0.0007099370704963803,0.9977763433707878,True,0.7762330770492554,Normal,0.9984862804412842,Scratch,0.0007099370704963803,Edge-Loc,0.0005542383878491819,0.4637093748897314,0.9984862804412842,7.876981544541195e-05,1.2844991736926659e-09,0.0005542383878491819,2.0786645109183155e-05,0.0001500063663115725,1.287103063019046e-10,2.0157768787498753e-09,0.0007099370704963803,41,33,1060,81,0.07641509433962264,"{'source_height': 41, 'source_width': 33, 'resized_height': 96, 'resized_width': 77, 'padding_top': 0, 'padding_bottom': 0, 'padding_left': 9, 'padding_right': 10, 'scale': 2.341463414634146}"
record_000807495:0,artifacts/input_files/record_000807495.npy,0,0,Normal,False,0.9997394680976868,0.0027343735564500093,AUTO_ACCEPT,Production-enabled class meets the frozen confidence and probability-margin requirements.,True,0.9441788792610168,0.1,0.00010587869473965839,0.9996335894029471,True,0.7762330770492554,Normal,0.9997394680976868,Scratch,0.00010587869473965839,Edge-Loc,0.0001007688042591326,0.4637093748897314,0.9997394680976868,1.9644739950308576e-05,4.31702000536216e-11,0.0001007688042591326,3.788946742133703e-06,3.050678969884757e-05,4.854355632744056e-12,7.184834671658535e-11,0.00010587869473965839,41,33,1060,88,0.0830188679245283,"{'source_height': 41, 'source_width': 33, 'resized_height': 96, 'resized_width': 77, 'padding_top': 0, 'padding_bottom': 0, 'padding_left': 9, 'padding_right': 10, 'scale': 2.341463414634146}"
record_000807651:0,artifacts/input_files/record_000807651.npy,0,0,Normal,False,0.9995750784873962,0.004208514932543039,AUTO_ACCEPT,Production-enabled class meets the frozen confidence and probability-margin requirements.,True,0.9441788792610168,0.1,0.0002124303427990526,0.9993626481445972,True,0.7762330770492554,Normal,0.9995750784873962,Edge-Loc,0.0002124303427990526,Scratch,0.00014963955618441105,0.4637093748897314,0.9995750784873962,1.8330592865822837e-05,1.0152896579018744e-10,0.0002124303427990526,1.0233334251097403e-05,3.420620123506524e-05,2.229512581497506e-11,2.4027563272355223e-10,0.00014963955618441105,41,33,1060,95,0.08962264150943396,"{'source_height': 41, 'source_width': 33, 'resized_height': 96, 'resized_width': 77, 'padding_top': 0, 'padding_bottom': 0, 'padding_left': 9, 'padding_right': 10, 'scale': 2.341463414634146}"
record_000807731:0,artifacts/input_files/record_000807731.npy,0,0,Normal,False,0.9991539716720581,0.007863183505833149,AUTO_ACCEPT,Production-enabled class meets the frozen confidence and probability-margin requirements.,True,0.9441788792610168,0.1,0.0004076973127666861,0.9987462743592914,True,0.7762330770492554,Normal,0.9991539716720581,Edge-Loc,0.0004076973127666861,Scratch,0.0002677724987734109,0.4637093748897314,0.9991539716720581,6.529330858029425e-05,5.678168490952373e-10,0.0004076973127666861,1.3111547559674364e-05,9.214948659064248e-05,1.4039984452818288e-10,1.3641420215648736e-09,0.0002677724987734109,41,33,1060,99,0.09339622641509433,"{'source_height': 41, 'source_width': 33, 'resized_height': 96, 'resized_width': 77, 'padding_top': 0, 'padding_bottom': 0, 'padding_left': 9, 'padding_right': 10, 'scale': 2.341463414634146}"
record_000807866:0,artifacts/input_files/record_000807866.npy,0,0,Normal,False,0.9981651902198792,0.015877628698945045,AUTO_ACCEPT,Production-enabled class meets the frozen confidence and probability-margin requirements.,True,0.9441788792610168,0.1,0.0006976797012612224,0.9974675105186179,True,0.7762330770492554,Normal,0.9981651902198792,Center,0.0006976797012612224,Scratch,0.0004600707034114748,0.4637093748897314,0.9981651902198792,0.0006976797012612224,3.8736231999791926e-09,0.0003581858763936907,5.742860139434924e-06,0.0003132177807856351,2.5215848853399336e-10,3.6440164219442295e-09,0.0004600707034114748,41,33,1060,81,0.07641509433962264,"{'source_height': 41, 'source_width': 33, 'resized_height': 96, 'resized_width': 77, 'padding_top': 0, 'padding_bottom': 0, 'padding_left': 9, 'padding_right': 10, 'scale': 2.341463414634146}"
record_000807878:0,artifacts/input_files/record_000807878.npy,0,0,Normal,False,0.9997437596321106,0.0026771649718284607,AUTO_ACCEPT,Production-enabled class meets the frozen confidence and probability-margin requirements.,True,0.9441788792610168,0.1,0.0001397134328726679,0.9996040461992379,True,0.7762330770492554,Normal,0.9997437596321106,Edge-Loc,0.0001397134328726679,Scratch,6.913975084898993e-05,0.4637093748897314,0.9997437596321106,2.308914190507494e-05,2.7967366270087446e-11,0.0001397134328726679,6.997379387030378e-06,1.722980414342601e-05,1.0453931990894727e-11,9.106232434774597e-11,6.913975084898993e-05,41,33,1060,110,0.10377358490566038,"{'source_height': 41, 'source_width': 33, 'resized_height': 96, 'resized_width': 77, 'padding_top': 0, 'padding_bottom': 0, 'padding_left': 9, 'padding_right': 10, 'scale': 2.341463414634146}"
record_000807965:0,artifacts/input_files/record_000807965.npy,0,0,Normal,False,0.9997463822364807,0.0026481468230485916,AUTO_ACCEPT,Production-enabled class meets the frozen confidence and probability-margin requirements.,True,0.9441788792610168,0.1,0.00013951103028375655,0.999606871206197,True,0.7762330770492554,Normal,0.9997463822364807,Edge-Loc,0.00013951103028375655,Scratch,7.171406468842179e-05,0.4637093748897314,0.9997463822364807,1.798504490579944e-05,3.508605558866229e-11,0.00013951103028375655,8.73401131684659e-06,1.5680223441449925e-05,1.3545080855548175e-11,1.035594596188183e-10,7.171406468842179e-05,41,33,1060,102,0.09622641509433963,"{'source_height': 41, 'source_width': 33, 'resized_height': 96, 'resized_width': 77, 'padding_top': 0, 'padding_bottom': 0, 'padding_left': 9, 'padding_right': 10, 'scale': 2.341463414634146}"
record_000808141:0,artifacts/input_files/record_000808141.npy,0,0,Normal,False,0.9997574687004089,0.0025830287486314774,AUTO_ACCEPT,Production-enabled class meets the frozen confidence and probability-margin requirements.,True,0.9441788792610168,0.1,8.599539432907477e-05,0.9996714733060799,True,0.7762330770492554,Normal,0.9997574687004089,Scratch,8.599539432907477e-05,Edge-Loc,8.14005543361418e-05,0.4637093748897314,0.9997574687004089,4.900874773738906e-05,6.451612161173514e-11,8.14005543361418e-05,2.342126663279487e-06,2.3691034584771842e-05,1.4647201854178782e-11,1.2961468009997645e-10,8.599539432907477e-05,41,33,1060,84,0.07924528301886792,"{'source_height': 41, 'source_width': 33, 'resized_height': 96, 'resized_width': 77, 'padding_top': 0, 'padding_bottom': 0, 'padding_left': 9, 'padding_right': 10, 'scale': 2.341463414634146}"
record_000808154:0,artifacts/input_files/record_000808154.npy,0,0,Normal,False,0.9995594620704651,0.0044053345918655396,AUTO_ACCEPT,Production-enabled class meets the frozen confidence and probability-margin requirements.,True,0.9441788792610168,0.1,0.00018051313236355782,0.9993789489381015,True,0.7762330770492554,Normal,0.9995594620704651,Edge-Loc,0.00018051313236355782,Scratch,0.00016004598001018167,0.4637093748897314,0.9995594620704651,4.407771484693512e-05,2.6284568965806443e-10,0.00018051313236355782,6.894802027090918e-06,4.897908729617484e-05,4.7862096230755213e-11,4.5660078495934897e-10,0.00016004598001018167,41,33,1060,75,0.07075471698113207,"{'source_height': 41, 'source_width': 33, 'resized_height': 96, 'resized_width': 77, 'padding_top': 0, 'padding_bottom': 0, 'padding_left': 9, 'padding_right': 10, 'scale': 2.341463414634146}"
record_000808706:0,artifacts/input_files/record_000808706.npy,0,0,Normal,False,0.9994019269943237,0.005813879892230034,AUTO_ACCEPT,Production-enabled class meets the frozen confidence and probability-margin requirements.,True,0.9441788792610168,0.1,0.00022721249843016267,0.9991747144958936,True,0.7762330770492554,Normal,0.9994019269943237,Scratch,0.00022721249843016267,Edge-Loc,0.00021275703329592943,0.4637093748897314,0.9994019269943237,8.577186963520944e-05,3.345047294711634e-10,0.00021275703329592943,4.784961220138939e-06,6.759338430128992e-05,5.714095169251365e-11,6.127959806256911e-10,0.00022721249843016267,41,33,1060,71,0.0669811320754717,"{'source_height': 41, 'source_width': 33, 'resized_height': 96, 'resized_width': 77, 'padding_top': 0, 'padding_bottom': 0, 'padding_left': 9, 'padding_right': 10, 'scale': 2.341463414634146}"
record_000809156:0,artifacts/input_files/record_000809156.npy,0,0,Normal,False,0.9992196559906006,0.007193445228040218,AUTO_ACCEPT,Production-enabled class meets the frozen confidence and probability-margin requirements.,True,0.9441788792610168,0.1,0.0004943293752148747,0.9987253266153857,True,0.7762330770492554,Normal,0.9992196559906006,Edge-Loc,0.0004943293752148747,Scratch,0.00015438390255440027,0.4637093748897314,0.9992196559906006,5.774375676992349e-05,1.57043891779729e-10,0.0004943293752148747,1.0078477316710632e-05,6.376783130690455e-05,8.046483618295852e-11,5.536661129568188e-10,0.00015438390255440027,41,33,1060,97,0.09150943396226414,"{'source_height': 41, 'source_width': 33, 'resized_height': 96, 'resized_width': 77, 'padding_top': 0, 'padding_bottom': 0, 'padding_left': 9, 'padding_right': 10, 'scale': 2.341463414634146}"
record_000809304:0,artifacts/input_files/record_000809304.npy,0,0,Normal,False,0.9995325803756714,0.004649808164685965,AUTO_ACCEPT,Production-enabled class meets the frozen confidence and probability-margin requirements.,True,0.9441788792610168,0.1,0.00020788343681488186,0.9993246969388565,True,0.7762330770492554,Normal,0.9995325803756714,Edge-Loc,0.00020788343681488186,Scratch,0.00013485409726854414,0.4637093748897314,0.9995325803756714,7.771600940031931e-05,1.5620715831943244e-10,0.00020788343681488186,4.20950482293847e-06,4.2821757233468816e-05,5.5417309630101386e-11,3.8037575866844975e-10,0.00013485409726854414,41,33,1060,83,0.07830188679245283,"{'source_height': 41, 'source_width': 33, 'resized_height': 96, 'resized_width': 77, 'padding_top': 0, 'padding_bottom': 0, 'padding_left': 9, 'padding_right': 10, 'scale': 2.341463414634146}"
record_000809316:0,artifacts/input_files/record_000809316.npy,0,0,Normal,False,0.9996104836463928,0.003915086388587952,AUTO_ACCEPT,Production-enabled class meets the frozen confidence and probability-margin requirements.,True,0.9441788792610168,0.1,0.00019989319844171405,0.9994105904479511,True,0.7762330770492554,Normal,0.9996104836463928,Edge-Loc,0.00019989319844171405,Scratch,0.00011720984912244603,0.4637093748897314,0.9996104836463928,3.155939339194447e-05,1.0047607884589027e-10,0.00019989319844171405,8.867284122970887e-06,3.20699873554986e-05,3.060264541776547e-11,2.559524536760449e-10,0.00011720984912244603,41,33,1060,94,0.08867924528301886,"{'source_height': 41, 'source_width': 33, 'resized_height': 96, 'resized_width': 77, 'padding_top': 0, 'padding_bottom': 0, 'padding_left': 9, 'padding_right': 10, 'scale': 2.341463414634146}"
record_000809318:0,artifacts/input_files/record_000809318.npy,0,0,Normal,False,0.9981958270072937,0.015314248390495777,AUTO_ACCEPT,Production-enabled class meets the frozen confidence and probability-margin requirements.,True,0.9441788792610168,0.1,0.000956643489189446,0.9972391835181043,True,0.7762330770492554,Normal,0.9981958270072937,Edge-Loc,0.000956643489189446,Scratch,0.0005201922031119466,0.4637093748897314,0.9981958270072937,0.00011982313299085945,1.4971027750831922e-09,0.000956643489189446,3.0659673939226195e-05,0.00017671898240223527,4.5950329652377775e-10,3.6834291172738176e-09,0.0005201922031119466,41,33,1060,90,0.08490566037735849,"{'source_height': 41, 'source_width': 33, 'resized_height': 96, 'resized_width': 77, 'padding_top': 0, 'padding_bottom': 0, 'padding_left': 9, 'padding_right': 10, 'scale': 2.341463414634146}"
record_000809405:0,artifacts/input_files/record_000809405.npy,0,0,Normal,False,0.9991521835327148,0.007944166660308838,AUTO_ACCEPT,Production-enabled class meets the frozen confidence and probability-margin requirements.,True,0.9441788792610168,0.1,0.0003327566955704242,0.9988194268371444,True,0.7762330770492554,Normal,0.9991521835327148,Edge-Loc,0.0003327566955704242,Scratch,0.0002992510562762618,0.4637093748897314,0.9991521835327148,0.00010092266893479973,7.029640758382527e-10,0.0003327566955704242,9.273340765503235e-06,0.00010569798178039491,1.2177485408937372e-10,1.3491728845238526e-09,0.0002992510562762618,41,33,1060,71,0.0669811320754717,"{'source_height': 41, 'source_width': 33, 'resized_height': 96, 'resized_width': 77, 'padding_top': 0, 'padding_bottom': 0, 'padding_left': 9, 'padding_right': 10, 'scale': 2.341463414634146}"
record_000809420:0,artifacts/input_files/record_000809420.npy,0,0,Normal,False,0.9996892213821411,0.003187484573572874,AUTO_ACCEPT,Production-enabled class meets the frozen confidence and probability-margin requirements.,True,0.9441788792610168,0.1,0.0001579802919877693,0.9995312410901533,True,0.7762330770492554,Normal,0.9996892213821411,Edge-Loc,0.0001579802919877693,Scratch,0.00010106024274136871,0.4637093748897314,0.9996892213821411,1.9012124539585784e-05,5.3766227581242276e-11,0.0001579802919877693,8.483032615913544e-06,2.4330098312930204e-05,1.328279153334222e-11,1.4275690352061332e-10,0.00010106024274136871,41,33,1060,97,0.09150943396226414,"{'source_height': 41, 'source_width': 33, 'resized_height': 96, 'resized_width': 77, 'padding_top': 0, 'padding_bottom': 0, 'padding_left': 9, 'padding_right': 10, 'scale': 2.341463414634146}"
record_000811235:0,artifacts/input_files/record_000811235.npy,0,3,Edge-Loc,True,0.8350867629051208,0.44931039214134216,ENGINEER_REVIEW,Class is review-only or confidence does not meet its production auto-accept threshold.,False,,,0.16473990678787231,0.6703468561172485,True,0.7762330770492554,Edge-Loc,0.8350867629051208,Loc,0.16473990678787231,Scratch,6.563828355865553e-05,0.4637093748897314,1.0369070650995127e-06,6.679520652141946e-07,1.0459624718350824e-05,0.8350867629051208,6.31820221315138e-05,0.16473990678787231,1.043093504904391e-07,3.218480560462922e-05,6.563828355865553e-05,26,30,600,102,0.17,"{'source_height': 26, 'source_width': 30, 'resized_height': 83, 'resized_width': 96, 'padding_top': 6, 'padding_bottom': 7, 'padding_left': 0, 'padding_right': 0, 'scale': 3.2}"
