input_id,source_file,source_index,predicted_class_id,predicted_class_name,predicted_is_defect,confidence,entropy,route,route_reason,production_auto_accept_enabled_for_class,class_auto_accept_threshold,class_margin_threshold,strongest_other_class_probability,predicted_vs_best_other_margin,margin_requirement_met,global_abstain_threshold,top_1_class,top_1_probability,top_2_class,top_2_probability,top_3_class,top_3_probability,inference_latency_ms_estimate,probability_normal,probability_center,probability_donut,probability_edge_loc,probability_edge_ring,probability_loc,probability_near_full,probability_random,probability_scratch,source_height,source_width,source_active_dies,source_failed_dies,source_failed_ratio,preprocessing_transform,monitoring_status,auto_clearance_suspended,effective_route,monitoring_override_applied,monitoring_reason,normalized_entropy,probability_margin,queue_priority
record_000788331:0,artifacts/input_files/record_000788331.npy,0,4,Edge-Ring,True,0.396675705909729,1.1102935075759888,ABSTAIN,Confidence is below the frozen abstain threshold.,False,,,0.3404669761657715,0.05620872974395752,True,0.7762330770492554,Edge-Ring,0.396675705909729,Edge-Loc,0.3404669761657715,Scratch,0.258607417345047,0.009956374924513511,0.0028032714035362005,1.1216067008490427e-07,6.0095637309132144e-05,0.3404669761657715,0.396675705909729,0.0010750778019428253,7.386456104541139e-07,0.000310680567054078,0.258607417345047,33,37,951,149,0.15667718191377497,"{'source_height': 33, 'source_width': 37, 'resized_height': 86, 'resized_width': 96, 'padding_top': 5, 'padding_bottom': 5, 'padding_left': 0, 'padding_right': 0, 'scale': 2.5945945945945947}",GREEN,False,ABSTAIN,False,All immediate drift features are within limits.,0.5053163518323833,0.05620872974395752,1
record_000649020:0,artifacts/input_files/record_000649020.npy,0,8,Scratch,True,0.4071877598762512,1.1969362497329712,ABSTAIN,Confidence is below the frozen abstain threshold.,False,,,0.3913978338241577,0.015789926052093506,True,0.7762330770492554,Scratch,0.4071877598762512,Edge-Loc,0.3913978338241577,Normal,0.15228648483753204,0.01562695251777768,0.15228648483753204,1.496083950769389e-05,3.1213153306453023e-06,0.3913978338241577,0.01358018908649683,0.03550891950726509,9.334865325172359e-08,2.0613202650565654e-05,0.4071877598762512,34,31,811,128,0.15782983970406905,"{'source_height': 34, 'source_width': 31, 'resized_height': 96, 'resized_width': 88, 'padding_top': 0, 'padding_bottom': 0, 'padding_left': 4, 'padding_right': 4, 'scale': 2.823529411764706}",GREEN,False,ABSTAIN,False,All immediate drift features are within limits.,0.5447491631392833,0.015789926052093506,1
record_000714544:0,artifacts/input_files/record_000714544.npy,0,1,Center,True,0.4130478501319885,1.1478524208068848,ABSTAIN,Confidence is below the frozen abstain threshold.,False,,,0.3151421546936035,0.09790569543838501,True,0.7762330770492554,Center,0.4130478501319885,Normal,0.3151421546936035,Loc,0.2577398419380188,0.011470062418084126,0.3151421546936035,0.4130478501319885,8.974403499451e-06,0.005015682429075241,2.877589395211544e-06,0.2577398419380188,2.165640111684297e-08,4.166386588622117e-06,0.009038479998707771,41,41,1294,81,0.062596599690881,"{'source_height': 41, 'source_width': 41, 'resized_height': 96, 'resized_width': 96, 'padding_top': 0, 'padding_bottom': 0, 'padding_left': 0, 'padding_right': 0, 'scale': 2.341463414634146}",GREEN,False,ABSTAIN,False,All immediate drift features are within limits.,0.5224101498985009,0.09790569543838501,1
record_000703027:0,artifacts/input_files/record_000703027.npy,0,0,Normal,False,0.4384123980998993,1.2176871299743652,ABSTAIN,Confidence is below the frozen abstain threshold.,True,0.9441788792610168,0.1,0.33581745624542236,0.10259494185447693,True,0.7762330770492554,Normal,0.4384123980998993,Loc,0.33581745624542236,Scratch,0.13480797410011292,0.012193358998047188,0.4384123980998993,0.00010133569594472647,6.75125235716223e-08,0.09076855331659317,9.061246964847669e-05,0.33581745624542236,1.545215622122953e-10,1.6398614661738975e-06,0.13480797410011292,25,27,516,105,0.20348837209302326,"{'source_height': 25, 'source_width': 27, 'resized_height': 89, 'resized_width': 96, 'padding_top': 3, 'padding_bottom': 4, 'padding_left': 0, 'padding_right': 0, 'scale': 3.5555555555555554}",GREEN,False,ABSTAIN,False,All immediate drift features are within limits.,0.5541932957306597,0.10259494185447693,1
record_000795936:0,artifacts/input_files/record_000795936.npy,0,0,Normal,False,0.44159361720085144,1.0357967615127563,ABSTAIN,Confidence is below the frozen abstain threshold.,True,0.9441788792610168,0.1,0.3883853554725647,0.05320826172828674,False,0.7762330770492554,Normal,0.44159361720085144,Edge-Loc,0.3883853554725647,Edge-Ring,0.16908665001392365,0.010162109902012162,0.44159361720085144,5.961342594673624e-06,6.532565044459204e-10,0.3883853554725647,0.16908665001392365,0.00017860796651802957,4.003675613262203e-08,1.2398889737141872e-07,0.0007496452308259904,29,26,562,55,0.09786476868327403,"{'source_height': 29, 'source_width': 26, 'resized_height': 96, 'resized_width': 86, 'padding_top': 0, 'padding_bottom': 0, 'padding_left': 5, 'padding_right': 5, 'scale': 3.310344827586207}",GREEN,False,ABSTAIN,False,All immediate drift features are within limits.,0.471411421570977,0.05320826172828674,1
record_000651800:0,artifacts/input_files/record_000651800.npy,0,0,Normal,False,0.444192498922348,1.072948694229126,ABSTAIN,Confidence is below the frozen abstain threshold.,True,0.9441788792610168,0.1,0.2782345116138458,0.1659579873085022,True,0.7762330770492554,Normal,0.444192498922348,Edge-Loc,0.2782345116138458,Edge-Ring,0.2774951756000519,0.01562695251777768,0.444192498922348,3.2483947052242e-06,1.8906833043619287e-10,0.2782345116138458,0.2774951756000519,3.501721585053019e-05,1.0229938141037564e-07,1.7412097577107488e-06,3.773056960199028e-05,30,34,776,183,0.23582474226804123,"{'source_height': 30, 'source_width': 34, 'resized_height': 85, 'resized_width': 96, 'padding_top': 5, 'padding_bottom': 6, 'padding_left': 0, 'padding_right': 0, 'scale': 2.823529411764706}",GREEN,False,ABSTAIN,False,All immediate drift features are within limits.,0.4883199948226973,0.1659579873085022,1
record_000405183:0,artifacts/input_files/record_000405183.npy,0,1,Center,True,0.45012709498405457,1.0797549486160278,ABSTAIN,Confidence is below the frozen abstain threshold.,False,,,0.30770623683929443,0.14242085814476013,True,0.7762330770492554,Center,0.45012709498405457,Donut,0.30770623683929443,Loc,0.23973488807678223,0.03506835855660029,9.810258052311838e-05,0.45012709498405457,0.30770623683929443,1.2068987871316494e-06,1.2083479772329042e-09,0.23973488807678223,3.323958708278951e-08,0.002256951527670026,7.54624416003935e-05,29,26,564,145,0.2570921985815603,"{'source_height': 29, 'source_width': 26, 'resized_height': 96, 'resized_width': 86, 'padding_top': 0, 'padding_bottom': 0, 'padding_left': 5, 'padding_right': 5, 'scale': 3.310344827586207}",GREEN,False,ABSTAIN,False,All immediate drift features are within limits.,0.4914176546873768,0.14242085814476013,1
record_000391603:0,artifacts/input_files/record_000391603.npy,0,2,Donut,True,0.4595399796962738,1.0166207551956177,ABSTAIN,Confidence is below the frozen abstain threshold.,False,,,0.4040023684501648,0.05553761124610901,True,0.7762330770492554,Donut,0.4595399796962738,Center,0.4040023684501648,Loc,0.13150988519191742,0.03506835855660029,5.138020924277953e-07,0.4040023684501648,0.4595399796962738,4.300428827264113e-06,1.9482737201315103e-08,0.13150988519191742,3.0336980927359036e-08,0.004935537464916706,7.4143490564893e-06,35,40,1080,314,0.29074074074074074,"{'source_height': 35, 'source_width': 40, 'resized_height': 84, 'resized_width': 96, 'padding_top': 6, 'padding_bottom': 6, 'padding_left': 0, 'padding_right': 0, 'scale': 2.4}",GREEN,False,ABSTAIN,False,All immediate drift features are within limits.,0.46268404499102517,0.05553761124610901,1
record_000769439:0,artifacts/input_files/record_000769439.npy,0,0,Normal,False,0.4637911915779114,1.2159039974212646,ABSTAIN,Confidence is below the frozen abstain threshold.,True,0.9441788792610168,0.1,0.25549617409706116,0.20829501748085022,True,0.7762330770492554,Normal,0.4637911915779114,Loc,0.25549617409706116,Edge-Loc,0.2258966714143753,0.009227203008776996,0.4637911915779114,0.0008944942383095622,2.034469616774004e-05,0.2258966714143753,0.002555801998823881,0.25549617409706116,1.4614511201216374e-06,8.669139788253233e-05,0.05125712975859642,44,41,1376,168,0.12209302325581395,"{'source_height': 44, 'source_width': 41, 'resized_height': 96, 'resized_width': 89, 'padding_top': 0, 'padding_bottom': 0, 'padding_left': 3, 'padding_right': 4, 'scale': 2.1818181818181817}",GREEN,False,ABSTAIN,False,All immediate drift features are within limits.,0.553381757132606,0.20829501748085022,1
record_000719040:0,artifacts/input_files/record_000719040.npy,0,3,Edge-Loc,True,0.4642024338245392,0.9904965162277222,ABSTAIN,Confidence is below the frozen abstain threshold.,False,,,0.45162150263786316,0.012580931186676025,True,0.7762330770492554,Edge-Loc,0.4642024338245392,Normal,0.45162150263786316,Center,0.04715278372168541,0.011045578503399156,0.45162150263786316,0.04715278372168541,2.097152247415579e-07,0.4642024338245392,0.0004242129798512906,0.03491862863302231,9.93118646874791e-07,7.538122645200929e-06,0.0016716108657419682,41,40,1256,175,0.1393312101910828,"{'source_height': 41, 'source_width': 40, 'resized_height': 96, 'resized_width': 94, 'padding_top': 0, 'padding_bottom': 0, 'padding_left': 1, 'padding_right': 1, 'scale': 2.341463414634146}",GREEN,False,ABSTAIN,False,All immediate drift features are within limits.,0.4507943914538492,0.012580931186676025,1
record_000726669:0,artifacts/input_files/record_000726669.npy,0,0,Normal,False,0.4709198772907257,1.2353177070617676,ABSTAIN,Confidence is below the frozen abstain threshold.,True,0.9441788792610168,0.1,0.28354412317276,0.1873757541179657,True,0.7762330770492554,Normal,0.4709198772907257,Scratch,0.28354412317276,Loc,0.142815500497818,0.010776702765724622,0.4709198772907257,0.10038405656814575,7.58796013542451e-05,0.002243760507553816,9.508393304713536e-06,0.142815500497818,8.34051672171654e-09,7.276556516444543e-06,0.28354412317276,30,34,776,78,0.10051546391752578,"{'source_height': 30, 'source_width': 34, 'resized_height': 85, 'resized_width': 96, 'padding_top': 5, 'padding_bottom': 6, 'padding_left': 0, 'padding_right': 0, 'scale': 2.823529411764706}",GREEN,False,ABSTAIN,False,All immediate drift features are within limits.,0.5622173171571706,0.1873757541179657,1
record_000743516:0,artifacts/input_files/record_000743516.npy,0,4,Edge-Ring,True,0.4799397587776184,1.0446562767028809,ABSTAIN,Confidence is below the frozen abstain threshold.,False,,,0.3087107539176941,0.17122900485992432,True,0.7762330770492554,Edge-Ring,0.4799397587776184,Edge-Loc,0.3087107539176941,Normal,0.21124137938022614,0.009596358722774312,0.21124137938022614,1.0945399253614596e-07,3.93013566135636e-10,0.3087107539176941,0.4799397587776184,3.939023372367956e-05,1.1551830425560183e-07,7.55172777644475e-07,6.765646685380489e-05,43,42,1421,292,0.20548909218859956,"{'source_height': 43, 'source_width': 42, 'resized_height': 96, 'resized_width': 94, 'padding_top': 0, 'padding_bottom': 0, 'padding_left': 1, 'padding_right': 1, 'scale': 2.2325581395348837}",GREEN,False,ABSTAIN,False,All immediate drift features are within limits.,0.47544356069845084,0.17122900485992432,1
record_000696487:0,artifacts/input_files/record_000696487.npy,0,3,Edge-Loc,True,0.48380014300346375,0.9907817840576172,ABSTAIN,Confidence is below the frozen abstain threshold.,False,,,0.4229823350906372,0.06081780791282654,True,0.7762330770492554,Edge-Loc,0.48380014300346375,Loc,0.4229823350906372,Normal,0.07320019602775574,0.012193358998047188,0.07320019602775574,0.018503740429878235,1.0551741524977842e-07,0.48380014300346375,9.917130955727771e-05,0.4229823350906372,1.568481877711747e-07,3.097941953456029e-05,0.001383172464556992,25,27,516,128,0.24806201550387597,"{'source_height': 25, 'source_width': 27, 'resized_height': 89, 'resized_width': 96, 'padding_top': 3, 'padding_bottom': 4, 'padding_left': 0, 'padding_right': 0, 'scale': 3.5555555555555554}",GREEN,False,ABSTAIN,False,All immediate drift features are within limits.,0.4509242224382818,0.06081780791282654,1
record_000805579:0,artifacts/input_files/record_000805579.npy,0,3,Edge-Loc,True,0.4997429847717285,0.9423252940177917,ABSTAIN,Confidence is below the frozen abstain threshold.,False,,,0.41101396083831787,0.08872902393341064,True,0.7762330770492554,Edge-Loc,0.4997429847717285,Normal,0.41101396083831787,Edge-Ring,0.08632107824087143,0.4637093748897314,0.41101396083831787,7.704862946411595e-05,1.3050061475894381e-08,0.4997429847717285,0.08632107824087143,0.0005165162147022784,5.142599093233002e-07,1.0929753671007347e-06,0.00232681049965322,41,33,1060,104,0.09811320754716982,"{'source_height': 41, 'source_width': 33, 'resized_height': 96, 'resized_width': 77, 'padding_top': 0, 'padding_bottom': 0, 'padding_left': 9, 'padding_right': 10, 'scale': 2.341463414634146}",GREEN,False,ABSTAIN,False,All immediate drift features are within limits.,0.4288707234288309,0.08872902393341064,1
record_000757477:0,artifacts/input_files/record_000757477.npy,0,0,Normal,False,0.5066045522689819,0.7158854603767395,ABSTAIN,Confidence is below the frozen abstain threshold.,True,0.9441788792610168,0.1,0.49001219868659973,0.016592353582382202,False,0.7762330770492554,Normal,0.5066045522689819,Edge-Loc,0.49001219868659973,Edge-Ring,0.0025074284058064222,0.00976757837634068,0.5066045522689819,1.2942194189236034e-05,1.4482430532591906e-10,0.49001219868659973,0.0025074284058064222,0.000472804851597175,6.269418317828013e-09,2.064858506400924e-08,0.00039009639294818044,39,37,1109,172,0.1550946798917944,"{'source_height': 39, 'source_width': 37, 'resized_height': 96, 'resized_width': 91, 'padding_top': 0, 'padding_bottom': 0, 'padding_left': 2, 'padding_right': 3, 'scale': 2.4615384615384617}",GREEN,False,ABSTAIN,False,All immediate drift features are within limits.,0.3258135139033604,0.016592353582382202,1
record_000760937:0,artifacts/input_files/record_000760937.npy,0,3,Edge-Loc,True,0.5131072998046875,0.7296751737594604,ABSTAIN,Confidence is below the frozen abstain threshold.,False,,,0.4813167452812195,0.03179055452346802,True,0.7762330770492554,Edge-Loc,0.5131072998046875,Normal,0.4813167452812195,Edge-Ring,0.001997922779992223,0.00976757837634068,0.4813167452812195,7.550363807240501e-05,1.6933812130304204e-09,0.5131072998046875,0.001997922779992223,0.0019706108141690493,4.2945469402866365e-08,1.1206206806946284e-07,0.0015316895442083478,39,37,1109,106,0.09558160504959423,"{'source_height': 39, 'source_width': 37, 'resized_height': 96, 'resized_width': 91, 'padding_top': 0, 'padding_bottom': 0, 'padding_left': 2, 'padding_right': 3, 'scale': 2.4615384615384617}",GREEN,False,ABSTAIN,False,All immediate drift features are within limits.,0.3320894829258072,0.03179055452346802,1
record_000655962:0,artifacts/input_files/record_000655962.npy,0,0,Normal,False,0.5200879573822021,1.0557188987731934,ABSTAIN,Confidence is below the frozen abstain threshold.,True,0.9441788792610168,0.1,0.31161829829216003,0.20846965909004211,True,0.7762330770492554,Normal,0.5200879573822021,Scratch,0.31161829829216003,Loc,0.15422077476978302,0.01562695251777768,0.5200879573822021,0.0010132521856576204,1.0181093784922268e-05,0.012997729703783989,4.968850771547295e-05,0.15422077476978302,1.3908286744523934e-09,2.1435598682728596e-06,0.31161829829216003,30,34,776,143,0.18427835051546393,"{'source_height': 30, 'source_width': 34, 'resized_height': 85, 'resized_width': 96, 'padding_top': 5, 'padding_bottom': 6, 'padding_left': 0, 'padding_right': 0, 'scale': 2.823529411764706}",GREEN,False,ABSTAIN,False,All immediate drift features are within limits.,0.48047837697732393,0.20846965909004211,1
record_000786265:0,artifacts/input_files/record_000786265.npy,0,3,Edge-Loc,True,0.5381432771682739,0.6908369660377502,ABSTAIN,Confidence is below the frozen abstain threshold.,False,,,0.46180012822151184,0.07634314894676208,True,0.7762330770492554,Edge-Loc,0.5381432771682739,Edge-Ring,0.46180012822151184,Normal,4.7518016799585894e-05,0.009956374924513511,4.7518016799585894e-05,1.322681186799457e-09,7.879611962913202e-10,0.5381432771682739,0.46180012822151184,1.2776847597706364e-06,4.2236424633301795e-06,2.378392082391656e-06,1.1731473250620184e-06,33,37,952,133,0.13970588235294118,"{'source_height': 33, 'source_width': 37, 'resized_height': 86, 'resized_width': 96, 'padding_top': 5, 'padding_bottom': 5, 'padding_left': 0, 'padding_right': 0, 'scale': 2.5945945945945947}",GREEN,False,ABSTAIN,False,All immediate drift features are within limits.,0.31441345284571626,0.07634314894676208,1
record_000652852:0,artifacts/input_files/record_000652852.npy,0,3,Edge-Loc,True,0.5478276610374451,0.8005347847938538,ABSTAIN,Confidence is below the frozen abstain threshold.,False,,,0.4264669120311737,0.12136074900627136,True,0.7762330770492554,Edge-Loc,0.5478276610374451,Loc,0.4264669120311737,Normal,0.021545371040701866,0.01562695251777768,0.021545371040701866,0.0003482285246718675,5.737475476053078e-06,0.5478276610374451,9.939061419572681e-05,0.4264669120311737,1.6828893194542616e-06,3.704182745423168e-05,0.003667980432510376,30,34,776,139,0.1791237113402062,"{'source_height': 30, 'source_width': 34, 'resized_height': 85, 'resized_width': 96, 'padding_top': 5, 'padding_bottom': 6, 'padding_left': 0, 'padding_right': 0, 'scale': 2.823529411764706}",GREEN,False,ABSTAIN,False,All immediate drift features are within limits.,0.36433908169931956,0.12136074900627136,1
record_000744159:0,artifacts/input_files/record_000744159.npy,0,3,Edge-Loc,True,0.5497852563858032,0.6882013082504272,ABSTAIN,Confidence is below the frozen abstain threshold.,False,,,0.45021334290504456,0.09957191348075867,True,0.7762330770492554,Edge-Loc,0.5497852563858032,Edge-Ring,0.45021334290504456,Near-full,1.19253411412501e-06,0.009596358722774312,2.2695414991780183e-10,5.418524820727331e-16,2.6261464790983124e-12,0.5497852563858032,0.45021334290504456,2.5367918876639806e-10,1.19253411412501e-06,1.9397087669403845e-07,2.0909691079290527e-12,43,42,1421,418,0.2941590429275158,"{'source_height': 43, 'source_width': 42, 'resized_height': 96, 'resized_width': 94, 'padding_top': 0, 'padding_bottom': 0, 'padding_left': 1, 'padding_right': 1, 'scale': 2.2325581395348837}",GREEN,False,ABSTAIN,False,All immediate drift features are within limits.,0.3132139132927233,0.09957191348075867,1
record_000253444:0,artifacts/input_files/record_000253444.npy,0,3,Edge-Loc,True,0.5560749173164368,0.9411420822143555,ABSTAIN,Confidence is below the frozen abstain threshold.,False,,,0.33204954862594604,0.22402536869049072,True,0.7762330770492554,Edge-Loc,0.5560749173164368,Edge-Ring,0.33204954862594604,Normal,0.11134655028581619,0.03506835855660029,0.11134655028581619,6.867327897452924e-07,9.019853752789686e-10,0.5560749173164368,0.33204954862594604,0.00014945065777283162,1.5885113668900885e-07,4.0834822812030325e-07,0.00037828381755389273,61,60,2857,356,0.12460623031151558,"{'source_height': 61, 'source_width': 60, 'resized_height': 96, 'resized_width': 94, 'padding_top': 0, 'padding_bottom': 0, 'padding_left': 1, 'padding_right': 1, 'scale': 1.5737704918032787}",GREEN,False,ABSTAIN,False,All immediate drift features are within limits.,0.4283322205303831,0.22402536869049072,1
record_000739398:0,artifacts/input_files/record_000739398.npy,0,0,Normal,False,0.5575245022773743,0.8493376970291138,ABSTAIN,Confidence is below the frozen abstain threshold.,True,0.9441788792610168,0.1,0.40482133626937866,0.1527031660079956,True,0.7762330770492554,Normal,0.5575245022773743,Scratch,0.40482133626937866,Edge-Loc,0.017891395837068558,0.010776702765724622,0.5575245022773743,0.00030915578827261925,2.4927696813392686e-06,0.017891395837068558,0.0019637770019471645,0.017486734315752983,2.210862160012539e-09,5.951831667516672e-07,0.40482133626937866,43,44,1507,83,0.055076310550763105,"{'source_height': 43, 'source_width': 44, 'resized_height': 94, 'resized_width': 96, 'padding_top': 1, 'padding_bottom': 1, 'padding_left': 0, 'padding_right': 0, 'scale': 2.1818181818181817}",GREEN,False,ABSTAIN,False,All immediate drift features are within limits.,0.38655024424439977,0.1527031660079956,1
record_000721400:0,artifacts/input_files/record_000721400.npy,0,3,Edge-Loc,True,0.5635539889335632,0.7680976986885071,ABSTAIN,Confidence is below the frozen abstain threshold.,False,,,0.4183031916618347,0.14525079727172852,True,0.7762330770492554,Edge-Loc,0.5635539889335632,Normal,0.4183031916618347,Loc,0.016160549595952034,0.011045578503399156,0.4183031916618347,9.114184649661183e-06,7.281162478500747e-11,0.5635539889335632,0.0006819909904152155,0.016160549595952034,4.3897216417398965e-10,1.954292905281818e-08,0.0012911256635561585,25,26,518,67,0.12934362934362933,"{'source_height': 25, 'source_width': 26, 'resized_height': 92, 'resized_width': 96, 'padding_top': 2, 'padding_bottom': 2, 'padding_left': 0, 'padding_right': 0, 'scale': 3.6923076923076925}",GREEN,False,ABSTAIN,False,All immediate drift features are within limits.,0.3495763276140401,0.14525079727172852,1
record_000802634:0,artifacts/input_files/record_000802634.npy,0,0,Normal,False,0.5636848211288452,0.9609883427619934,ABSTAIN,Confidence is below the frozen abstain threshold.,True,0.9441788792610168,0.1,0.3536197543144226,0.2100650668144226,True,0.7762330770492554,Normal,0.5636848211288452,Loc,0.3536197543144226,Center,0.04060976579785347,0.010162109902012162,0.5636848211288452,0.04060976579785347,4.634602646547137e-06,0.0015758933732286096,2.8886747713841032e-06,0.3536197543144226,9.565506164932458e-10,1.6616571656413726e-06,0.04050051048398018,29,26,562,35,0.06227758007117438,"{'source_height': 29, 'source_width': 26, 'resized_height': 96, 'resized_width': 86, 'padding_top': 0, 'padding_bottom': 0, 'padding_left': 5, 'padding_right': 5, 'scale': 3.310344827586207}",GREEN,False,ABSTAIN,False,All immediate drift features are within limits.,0.4373646429565415,0.2100650668144226,1
record_000776064:0,artifacts/input_files/record_000776064.npy,0,5,Loc,True,0.5639598965644836,1.236581802368164,ABSTAIN,Confidence is below the frozen abstain threshold.,False,,,0.2306317836046219,0.33332811295986176,True,0.7762330770492554,Loc,0.5639598965644836,Scratch,0.2306317836046219,Normal,0.12006397545337677,0.010505218597245403,0.12006397545337677,0.021672416478395462,0.036212362349033356,0.009564048610627651,0.00016211192996706814,0.5639598965644836,1.7259975720662624e-05,0.017716173082590103,0.2306317836046219,39,50,1485,289,0.19461279461279463,"{'source_height': 39, 'source_width': 50, 'resized_height': 75, 'resized_width': 96, 'padding_top': 10, 'padding_bottom': 11, 'padding_left': 0, 'padding_right': 0, 'scale': 1.92}",GREEN,False,ABSTAIN,False,All immediate drift features are within limits.,0.5627926317242091,0.33332811295986176,1
record_000719090:0,artifacts/input_files/record_000719090.npy,0,0,Normal,False,0.5683891177177429,1.018237829208374,ABSTAIN,Confidence is below the frozen abstain threshold.,True,0.9441788792610168,0.1,0.28525352478027344,0.2831355929374695,True,0.7762330770492554,Normal,0.5683891177177429,Center,0.28525352478027344,Loc,0.13042442500591278,0.011045578503399156,0.5683891177177429,0.28525352478027344,1.362206376143149e-06,0.01304873451590538,1.8414357327856123e-05,0.13042442500591278,3.46140360818481e-08,4.121867732465034e-06,0.0028602159582078457,41,40,1256,171,0.13614649681528662,"{'source_height': 41, 'source_width': 40, 'resized_height': 96, 'resized_width': 94, 'padding_top': 0, 'padding_bottom': 0, 'padding_left': 1, 'padding_right': 1, 'scale': 2.341463414634146}",GREEN,False,ABSTAIN,False,All immediate drift features are within limits.,0.46342000709041004,0.2831355929374695,1
record_000147248:0,artifacts/input_files/record_000147248.npy,0,5,Loc,True,0.5717722773551941,1.154244303703308,ABSTAIN,Confidence is below the frozen abstain threshold.,False,,,0.2593095004558563,0.31246277689933777,True,0.7762330770492554,Loc,0.5717722773551941,Center,0.2593095004558563,Edge-Loc,0.08843865245580673,5.407300781371305,0.046455174684524536,0.2593095004558563,0.0005626519559882581,0.08843865245580673,0.0004198804672341794,0.5717722773551941,4.6865781769156456e-05,0.0018153173150494695,0.031179599463939667,212,84,14116,439,0.03109946160385378,"{'source_height': 212, 'source_width': 84, 'resized_height': 96, 'resized_width': 38, 'padding_top': 0, 'padding_bottom': 0, 'padding_left': 29, 'padding_right': 29, 'scale': 0.4528301886792453}",GREEN,False,ABSTAIN,False,All immediate drift features are within limits.,0.5253192211706658,0.31246277689933777,1
record_000727400:0,artifacts/input_files/record_000727400.npy,0,5,Loc,True,0.5836297273635864,0.6968604326248169,ABSTAIN,Confidence is below the frozen abstain threshold.,False,,,0.41399359703063965,0.16963613033294678,True,0.7762330770492554,Loc,0.5836297273635864,Edge-Loc,0.41399359703063965,Center,0.0009076816495507956,0.010776702765724622,0.0007401047041639686,0.0009076816495507956,4.8082383727887645e-05,0.41399359703063965,2.4426530217169784e-05,0.5836297273635864,2.3978063836693764e-06,6.998881872277707e-05,0.0005840188823640347,30,34,776,119,0.15335051546391754,"{'source_height': 30, 'source_width': 34, 'resized_height': 85, 'resized_width': 96, 'padding_top': 5, 'padding_bottom': 6, 'padding_left': 0, 'padding_right': 0, 'scale': 2.823529411764706}",GREEN,False,ABSTAIN,False,All immediate drift features are within limits.,0.3171548506296283,0.16963613033294678,1
record_000278887:0,artifacts/input_files/record_000278887.npy,0,5,Loc,True,0.5852384567260742,0.8059324622154236,ABSTAIN,Confidence is below the frozen abstain threshold.,False,,,0.38115230202674866,0.20408615469932556,True,0.7762330770492554,Loc,0.5852384567260742,Donut,0.38115230202674866,Center,0.030997207388281822,0.03506835855660029,2.4134753402904607e-05,0.030997207388281822,0.38115230202674866,3.348023938087863e-06,2.725767167532922e-09,0.5852384567260742,2.0812618295451557e-09,0.0020030064042657614,0.0005815937765873969,41,42,1334,196,0.1469265367316342,"{'source_height': 41, 'source_width': 42, 'resized_height': 94, 'resized_width': 96, 'padding_top': 1, 'padding_bottom': 1, 'padding_left': 0, 'padding_right': 0, 'scale': 2.2857142857142856}",GREEN,False,ABSTAIN,False,All immediate drift features are within limits.,0.366795670560215,0.20408615469932556,1
record_000764518:0,artifacts/input_files/record_000764518.npy,0,1,Center,True,0.5894476771354675,0.9706839919090271,ABSTAIN,Confidence is below the frozen abstain threshold.,False,,,0.29243719577789307,0.29701048135757446,True,0.7762330770492554,Center,0.5894476771354675,Loc,0.29243719577789307,Normal,0.10573878884315491,0.00976757837634068,0.10573878884315491,0.5894476771354675,9.743715054355562e-06,0.009059123694896698,8.057681043283083e-06,0.29243719577789307,1.7312893874077417e-07,6.484103505499661e-05,0.0032344190403819084,34,34,904,114,0.1261061946902655,"{'source_height': 34, 'source_width': 34, 'resized_height': 96, 'resized_width': 96, 'padding_top': 0, 'padding_bottom': 0, 'padding_left': 0, 'padding_right': 0, 'scale': 2.823529411764706}",GREEN,False,ABSTAIN,False,All immediate drift features are within limits.,0.441777323047162,0.29701048135757446,1
record_000372545:0,artifacts/input_files/record_000372545.npy,0,3,Edge-Loc,True,0.5900917649269104,0.7729834318161011,ABSTAIN,Confidence is below the frozen abstain threshold.,False,,,0.3865138292312622,0.2035779356956482,True,0.7762330770492554,Edge-Loc,0.5900917649269104,Edge-Ring,0.3865138292312622,Scratch,0.021976951509714127,0.03506835855660029,0.0010740754660218954,1.9608074808274978e-07,4.336678102845326e-06,0.5900917649269104,0.3865138292312622,3.613265653257258e-05,8.928449096856639e-05,0.000213458071812056,0.021976951509714127,30,40,924,131,0.14177489177489178,"{'source_height': 30, 'source_width': 40, 'resized_height': 72, 'resized_width': 96, 'padding_top': 12, 'padding_bottom': 12, 'padding_left': 0, 'padding_right': 0, 'scale': 2.4}",GREEN,False,ABSTAIN,False,All immediate drift features are within limits.,0.3517999205858232,0.2035779356956482,1
record_000762105:0,artifacts/input_files/record_000762105.npy,0,1,Center,True,0.5965217351913452,0.7476179003715515,ABSTAIN,Confidence is below the frozen abstain threshold.,False,,,0.38852378726005554,0.20799794793128967,True,0.7762330770492554,Center,0.5965217351913452,Normal,0.38852378726005554,Loc,0.012098698876798153,0.00976757837634068,0.38852378726005554,0.5965217351913452,4.361644982964208e-07,0.0016073518199846148,2.108648004650604e-06,0.012098698876798153,3.586261954069414e-09,2.404907490927144e-07,0.0012456030817702413,39,37,1109,98,0.08836789900811542,"{'source_height': 39, 'source_width': 37, 'resized_height': 96, 'resized_width': 91, 'padding_top': 0, 'padding_bottom': 0, 'padding_left': 2, 'padding_right': 3, 'scale': 2.4615384615384617}",GREEN,False,ABSTAIN,False,All immediate drift features are within limits.,0.34025556972329046,0.20799794793128967,1
record_000680686:0,artifacts/input_files/record_000680686.npy,0,5,Loc,True,0.6092150211334229,1.1058968305587769,ABSTAIN,Confidence is below the frozen abstain threshold.,False,,,0.20766155421733856,0.4015534669160843,True,0.7762330770492554,Loc,0.6092150211334229,Normal,0.20766155421733856,Scratch,0.11934399604797363,0.0179010467036278,0.20766155421733856,0.033042293041944504,0.0003313077031634748,0.030009815469384193,8.544700540369377e-05,0.6092150211334229,2.546100404288154e-06,0.00030802280525676906,0.11934399604797363,35,31,844,140,0.16587677725118483,"{'source_height': 35, 'source_width': 31, 'resized_height': 96, 'resized_width': 85, 'padding_top': 0, 'padding_bottom': 0, 'padding_left': 5, 'padding_right': 6, 'scale': 2.742857142857143}",GREEN,False,ABSTAIN,False,All immediate drift features are within limits.,0.5033153378884458,0.4015534669160843,1
record_000718916:0,artifacts/input_files/record_000718916.npy,0,0,Normal,False,0.6156299114227295,0.7711480259895325,ABSTAIN,Confidence is below the frozen abstain threshold.,True,0.9441788792610168,0.1,0.3570345640182495,0.25859534740448,True,0.7762330770492554,Normal,0.6156299114227295,Edge-Loc,0.3570345640182495,Edge-Ring,0.02593129873275757,0.011045578503399156,0.6156299114227295,3.913933596777497e-06,3.373364643177723e-10,0.3570345640182495,0.02593129873275757,0.00038362518534995615,5.67092817149728e-09,3.156914374358166e-08,0.0010167163563892245,41,40,1256,159,0.1265923566878981,"{'source_height': 41, 'source_width': 40, 'resized_height': 96, 'resized_width': 94, 'padding_top': 0, 'padding_bottom': 0, 'padding_left': 1, 'padding_right': 1, 'scale': 2.341463414634146}",GREEN,False,ABSTAIN,False,All immediate drift features are within limits.,0.35096459139576214,0.25859534740448,1
record_000744227:0,artifacts/input_files/record_000744227.npy,0,4,Edge-Ring,True,0.6170029044151306,0.8506993651390076,ABSTAIN,Confidence is below the frozen abstain threshold.,False,,,0.31141725182533264,0.305585652589798,True,0.7762330770492554,Edge-Ring,0.6170029044151306,Normal,0.31141725182533264,Edge-Loc,0.07149642705917358,0.009596358722774312,0.31141725182533264,3.7993194723640045e-07,7.13384296080477e-10,0.07149642705917358,0.6170029044151306,2.426715764158871e-05,2.9475557994373958e-08,3.6993787944084033e-07,5.838268043589778e-05,43,42,1421,290,0.20408163265306123,"{'source_height': 43, 'source_width': 42, 'resized_height': 96, 'resized_width': 94, 'padding_top': 0, 'padding_bottom': 0, 'padding_left': 1, 'padding_right': 1, 'scale': 2.2325581395348837}",GREEN,False,ABSTAIN,False,All immediate drift features are within limits.,0.3871699661080359,0.305585652589798,1
record_000696770:0,artifacts/input_files/record_000696770.npy,0,0,Normal,False,0.622352123260498,0.9382979869842529,ABSTAIN,Confidence is below the frozen abstain threshold.,True,0.9441788792610168,0.1,0.23612971603870392,0.38622240722179413,True,0.7762330770492554,Normal,0.622352123260498,Edge-Loc,0.23612971603870392,Loc,0.13578464090824127,0.012193358998047188,0.622352123260498,0.00025192138855345547,5.666384694791304e-09,0.23612971603870392,0.00011679522867780179,0.13578464090824127,1.211224787134313e-09,1.3910695315644261e-06,0.005363529548048973,25,27,516,125,0.24224806201550386,"{'source_height': 25, 'source_width': 27, 'resized_height': 89, 'resized_width': 96, 'padding_top': 3, 'padding_bottom': 4, 'padding_left': 0, 'padding_right': 0, 'scale': 3.5555555555555554}",GREEN,False,ABSTAIN,False,All immediate drift features are within limits.,0.4270378170090323,0.38622240722179413,1
record_000651233:0,artifacts/input_files/record_000651233.npy,0,0,Normal,False,0.6285080313682556,0.9165394306182861,ABSTAIN,Confidence is below the frozen abstain threshold.,True,0.9441788792610168,0.1,0.20680898427963257,0.42169904708862305,True,0.7762330770492554,Normal,0.6285080313682556,Edge-Ring,0.20680898427963257,Edge-Loc,0.16449226438999176,0.01562695251777768,0.6285080313682556,6.655952165601775e-05,5.133791169953383e-10,0.16449226438999176,0.20680898427963257,4.1344304918311536e-05,9.197392358828438e-08,1.0539699815126369e-06,8.175554103218019e-05,30,34,776,158,0.2036082474226804,"{'source_height': 30, 'source_width': 34, 'resized_height': 85, 'resized_width': 96, 'padding_top': 5, 'padding_bottom': 6, 'padding_left': 0, 'padding_right': 0, 'scale': 2.823529411764706}",GREEN,False,ABSTAIN,False,All immediate drift features are within limits.,0.4171350712494953,0.42169904708862305,1
record_000738825:0,artifacts/input_files/record_000738825.npy,0,0,Normal,False,0.6285712122917175,1.0423808097839355,ABSTAIN,Confidence is below the frozen abstain threshold.,True,0.9441788792610168,0.1,0.17805713415145874,0.4505140781402588,True,0.7762330770492554,Normal,0.6285712122917175,Edge-Loc,0.17805713415145874,Loc,0.13854144513607025,0.010776702765724622,0.6285712122917175,0.0003269408771302551,9.116466230807418e-07,0.17805713415145874,0.0018823903519660234,0.13854144513607025,2.8882245928230077e-08,2.835050281646545e-06,0.052617039531469345,43,44,1507,142,0.09422694094226941,"{'source_height': 43, 'source_width': 44, 'resized_height': 94, 'resized_width': 96, 'padding_top': 1, 'padding_bottom': 1, 'padding_left': 0, 'padding_right': 0, 'scale': 2.1818181818181817}",GREEN,False,ABSTAIN,False,All immediate drift features are within limits.,0.474407951074193,0.4505140781402588,1
record_000689736:0,artifacts/input_files/record_000689736.npy,0,5,Loc,True,0.6338327527046204,0.9309254288673401,ABSTAIN,Confidence is below the frozen abstain threshold.,False,,,0.283511221408844,0.35032153129577637,True,0.7762330770492554,Loc,0.6338327527046204,Normal,0.283511221408844,Center,0.043936144560575485,0.013826812391926069,0.283511221408844,0.043936144560575485,2.1170462787267752e-05,0.00896028894931078,1.3325547115528025e-05,0.6338327527046204,3.571779672029152e-08,1.34039191834745e-05,0.029711691662669182,41,38,1233,86,0.06974858069748581,"{'source_height': 41, 'source_width': 38, 'resized_height': 96, 'resized_width': 89, 'padding_top': 0, 'padding_bottom': 0, 'padding_left': 3, 'padding_right': 4, 'scale': 2.341463414634146}",GREEN,False,ABSTAIN,False,All immediate drift features are within limits.,0.42368242120973226,0.35032153129577637,1
record_000761154:0,artifacts/input_files/record_000761154.npy,0,5,Loc,True,0.6347205638885498,0.7504043579101562,ABSTAIN,Confidence is below the frozen abstain threshold.,False,,,0.34444108605384827,0.29027947783470154,True,0.7762330770492554,Loc,0.6347205638885498,Donut,0.34444108605384827,Center,0.015094189904630184,0.00976757837634068,0.00016819519805721939,0.015094189904630184,0.34444108605384827,2.01773891603807e-05,5.0199915335724654e-08,0.6347205638885498,1.1170355662670772e-07,0.005333334673196077,0.00022233717027120292,39,37,1109,260,0.2344454463480613,"{'source_height': 39, 'source_width': 37, 'resized_height': 96, 'resized_width': 91, 'padding_top': 0, 'padding_bottom': 0, 'padding_left': 2, 'padding_right': 3, 'scale': 2.4615384615384617}",GREEN,False,ABSTAIN,False,All immediate drift features are within limits.,0.34152374120077456,0.29027947783470154,1
record_000719031:0,artifacts/input_files/record_000719031.npy,0,0,Normal,False,0.6406314969062805,0.7385329604148865,ABSTAIN,Confidence is below the frozen abstain threshold.,True,0.9441788792610168,0.1,0.3427364230155945,0.29789507389068604,True,0.7762330770492554,Normal,0.6406314969062805,Edge-Loc,0.3427364230155945,Edge-Ring,0.006292544770985842,0.011045578503399156,0.6406314969062805,1.8079319488606416e-05,3.5893756855642778e-09,0.3427364230155945,0.006292544770985842,0.0061559537425637245,4.287358024157584e-09,1.1971108904162975e-07,0.00416549714282155,41,40,1256,159,0.1265923566878981,"{'source_height': 41, 'source_width': 40, 'resized_height': 96, 'resized_width': 94, 'padding_top': 0, 'padding_bottom': 0, 'padding_left': 1, 'padding_right': 1, 'scale': 2.341463414634146}",GREEN,False,ABSTAIN,False,All immediate drift features are within limits.,0.33612083536323745,0.29789507389068604,1
record_000678747:0,artifacts/input_files/record_000678747.npy,0,3,Edge-Loc,True,0.6412919759750366,0.6817578673362732,ABSTAIN,Confidence is below the frozen abstain threshold.,False,,,0.3540305495262146,0.287261426448822,True,0.7762330770492554,Edge-Loc,0.6412919759750366,Loc,0.3540305495262146,Normal,0.0031457399018108845,0.0179010467036278,0.0031457399018108845,0.0010702902218326926,1.8573994111648062e-06,0.6412919759750366,2.617029895191081e-05,0.3540305495262146,8.366312158614164e-07,3.722203473444097e-05,0.00039536008262075484,26,26,533,120,0.225140712945591,"{'source_height': 26, 'source_width': 26, 'resized_height': 96, 'resized_width': 96, 'padding_top': 0, 'padding_bottom': 0, 'padding_left': 0, 'padding_right': 0, 'scale': 3.6923076923076925}",GREEN,False,ABSTAIN,False,All immediate drift features are within limits.,0.31028137695546565,0.287261426448822,1
record_000791648:0,artifacts/input_files/record_000791648.npy,0,3,Edge-Loc,True,0.6579093933105469,1.0053539276123047,ABSTAIN,Confidence is below the frozen abstain threshold.,False,,,0.17897449433803558,0.4789348989725113,True,0.7762330770492554,Edge-Loc,0.6579093933105469,Normal,0.17897449433803558,Loc,0.1253434717655182,0.009956374924513511,0.17897449433803558,0.019376415759325027,4.7799530875636265e-06,0.6579093933105469,0.004210979212075472,0.1253434717655182,1.528169377706945e-05,0.0003631799772847444,0.01380199659615755,29,26,562,81,0.14412811387900357,"{'source_height': 29, 'source_width': 26, 'resized_height': 96, 'resized_width': 86, 'padding_top': 0, 'padding_bottom': 0, 'padding_left': 5, 'padding_right': 5, 'scale': 3.310344827586207}",GREEN,False,ABSTAIN,False,All immediate drift features are within limits.,0.4575562907780388,0.4789348989725113,1
record_000265565:0,artifacts/input_files/record_000265565.npy,0,3,Edge-Loc,True,0.6677609086036682,0.6384830474853516,ABSTAIN,Confidence is below the frozen abstain threshold.,False,,,0.33192551136016846,0.33583539724349976,True,0.7762330770492554,Edge-Loc,0.6677609086036682,Loc,0.33192551136016846,Center,0.0002493518986739218,0.03506835855660029,4.620160325430334e-06,0.0002493518986739218,1.1062258636229672e-05,0.6677609086036682,2.6999268811778165e-06,0.33192551136016846,6.982986633374821e-07,4.075148899573833e-05,4.3670688683050685e-06,26,26,533,169,0.3170731707317073,"{'source_height': 26, 'source_width': 26, 'resized_height': 96, 'resized_width': 96, 'padding_top': 0, 'padding_bottom': 0, 'padding_left': 0, 'padding_right': 0, 'scale': 3.6923076923076925}",GREEN,False,ABSTAIN,False,All immediate drift features are within limits.,0.2905861576787063,0.33583539724349976,1
record_000763096:0,artifacts/input_files/record_000763096.npy,0,3,Edge-Loc,True,0.6708247065544128,0.7389596700668335,ABSTAIN,Confidence is below the frozen abstain threshold.,False,,,0.3006889224052429,0.3701357841491699,True,0.7762330770492554,Edge-Loc,0.6708247065544128,Normal,0.3006889224052429,Edge-Ring,0.026519203558564186,0.00976757837634068,0.3006889224052429,5.500168481376022e-05,3.0499744951839602e-09,0.6708247065544128,0.026519203558564186,0.0004330120573285967,2.623221746489435e-07,9.29059922327724e-07,0.001477853860706091,39,37,1109,134,0.12082957619477007,"{'source_height': 39, 'source_width': 37, 'resized_height': 96, 'resized_width': 91, 'padding_top': 0, 'padding_bottom': 0, 'padding_left': 2, 'padding_right': 3, 'scale': 2.4615384615384617}",GREEN,False,ABSTAIN,False,All immediate drift features are within limits.,0.3363150392950287,0.3701357841491699,1
record_000756830:0,artifacts/input_files/record_000756830.npy,0,3,Edge-Loc,True,0.6730567216873169,0.654066801071167,ABSTAIN,Confidence is below the frozen abstain threshold.,False,,,0.323594868183136,0.3494618535041809,True,0.7762330770492554,Edge-Loc,0.6730567216873169,Normal,0.323594868183136,Edge-Ring,0.0014998546103015542,0.00976757837634068,0.323594868183136,3.2640611607348546e-05,5.466025410072461e-10,0.6730567216873169,0.0014998546103015542,0.0014331408310681581,2.6992214685606086e-08,8.449177357761073e-08,0.00038261228473857045,39,37,1109,156,0.1406672678088368,"{'source_height': 39, 'source_width': 37, 'resized_height': 96, 'resized_width': 91, 'padding_top': 0, 'padding_bottom': 0, 'padding_left': 2, 'padding_right': 3, 'scale': 2.4615384615384617}",GREEN,False,ABSTAIN,False,All immediate drift features are within limits.,0.29767862958465424,0.3494618535041809,1
record_000708786:0,artifacts/input_files/record_000708786.npy,0,5,Loc,True,0.6769152879714966,0.7264935374259949,ABSTAIN,Confidence is below the frozen abstain threshold.,False,,,0.29614001512527466,0.3807752728462219,True,0.7762330770492554,Loc,0.6769152879714966,Center,0.29614001512527466,Normal,0.02600795216858387,0.011470062418084126,0.02600795216858387,0.29614001512527466,1.3123563746830769e-07,0.0007054560701362789,6.060506763105877e-09,0.6769152879714966,1.8952804603511453e-10,1.021150751512323e-06,0.0002301181375514716,25,27,516,97,0.187984496124031,"{'source_height': 25, 'source_width': 27, 'resized_height': 89, 'resized_width': 96, 'padding_top': 3, 'padding_bottom': 4, 'padding_left': 0, 'padding_right': 0, 'scale': 3.5555555555555554}",GREEN,False,ABSTAIN,False,All immediate drift features are within limits.,0.33064145782801646,0.3807752728462219,1
record_000694545:0,artifacts/input_files/record_000694545.npy,0,0,Normal,False,0.681728720664978,0.9354123473167419,ABSTAIN,Confidence is below the frozen abstain threshold.,True,0.9441788792610168,0.1,0.15450134873390198,0.527227371931076,True,0.7762330770492554,Normal,0.681728720664978,Scratch,0.15450134873390198,Loc,0.13145284354686737,0.013826812391926069,0.681728720664978,0.030245020985603333,3.805502274190076e-05,0.002006782218813896,2.53498692472931e-05,0.13145284354686737,3.1282314516545284e-09,1.8750121171251521e-06,0.15450134873390198,38,38,1138,78,0.06854130052724078,"{'source_height': 38, 'source_width': 38, 'resized_height': 96, 'resized_width': 96, 'padding_top': 0, 'padding_bottom': 0, 'padding_left': 0, 'padding_right': 0, 'scale': 2.526315789473684}",GREEN,False,ABSTAIN,False,All immediate drift features are within limits.,0.42572450579939286,0.527227371931076,1
record_000770087:0,artifacts/input_files/record_000770087.npy,0,3,Edge-Loc,True,0.6938620805740356,0.677873969078064,ABSTAIN,Confidence is below the frozen abstain threshold.,False,,,0.2946186363697052,0.39924344420433044,True,0.7762330770492554,Edge-Loc,0.6938620805740356,Normal,0.2946186363697052,Loc,0.005066415760666132,0.009227203008776996,0.2946186363697052,9.620007767807692e-05,3.340892007486218e-08,0.6938620805740356,0.003310510190203786,0.005066415760666132,4.140999294577341e-07,9.90003513834381e-07,0.0030447517056018114,44,41,1376,98,0.07122093023255814,"{'source_height': 44, 'source_width': 41, 'resized_height': 96, 'resized_width': 89, 'padding_top': 0, 'padding_bottom': 0, 'padding_left': 3, 'padding_right': 4, 'scale': 2.1818181818181817}",GREEN,False,ABSTAIN,False,All immediate drift features are within limits.,0.3085137386820408,0.39924344420433044,1
record_000743299:0,artifacts/input_files/record_000743299.npy,0,0,Normal,False,0.703047513961792,0.7669606804847717,ABSTAIN,Confidence is below the frozen abstain threshold.,True,0.9441788792610168,0.1,0.23097191751003265,0.47207559645175934,True,0.7762330770492554,Normal,0.703047513961792,Edge-Ring,0.23097191751003265,Edge-Loc,0.06578931212425232,0.009596358722774312,0.703047513961792,5.445016881822085e-07,4.786430973791056e-11,0.06578931212425232,0.23097191751003265,4.2714593291748315e-05,7.39062810950486e-10,7.663655487988308e-09,0.00014803872909396887,43,42,1421,245,0.1724137931034483,"{'source_height': 43, 'source_width': 42, 'resized_height': 96, 'resized_width': 94, 'padding_top': 0, 'padding_bottom': 0, 'padding_left': 1, 'padding_right': 1, 'scale': 2.2325581395348837}",GREEN,False,ABSTAIN,False,All immediate drift features are within limits.,0.3490588483288258,0.47207559645175934,1
record_000743640:0,artifacts/input_files/record_000743640.npy,0,0,Normal,False,0.7056567072868347,0.8031688928604126,ABSTAIN,Confidence is below the frozen abstain threshold.,True,0.9441788792610168,0.1,0.20234324038028717,0.5033134669065475,True,0.7762330770492554,Normal,0.7056567072868347,Edge-Loc,0.20234324038028717,Edge-Ring,0.08913908153772354,0.009596358722774312,0.7056567072868347,1.0021767593570985e-05,3.837599749090259e-08,0.20234324038028717,0.08913908153772354,0.0022226707078516483,1.0432016495087737e-07,5.264275387162343e-06,0.0006228585843928158,43,42,1421,314,0.22097114707952145,"{'source_height': 43, 'source_width': 42, 'resized_height': 96, 'resized_width': 94, 'padding_top': 0, 'padding_bottom': 0, 'padding_left': 1, 'padding_right': 1, 'scale': 2.2325581395348837}",GREEN,False,ABSTAIN,False,All immediate drift features are within limits.,0.36553791594399754,0.5033134669065475,1
record_000719695:0,artifacts/input_files/record_000719695.npy,0,0,Normal,False,0.7112551927566528,0.8241254091262817,ABSTAIN,Confidence is below the frozen abstain threshold.,True,0.9441788792610168,0.1,0.1881425678730011,0.5231126248836517,True,0.7762330770492554,Normal,0.7112551927566528,Center,0.1881425678730011,Loc,0.0916471779346466,0.011045578503399156,0.7112551927566528,0.1881425678730011,6.580531817235169e-07,0.004421618767082691,2.0966704141756054e-06,0.0916471779346466,1.569154584046828e-09,2.80460227486401e-07,0.004530354868620634,41,40,1256,154,0.12261146496815287,"{'source_height': 41, 'source_width': 40, 'resized_height': 96, 'resized_width': 94, 'padding_top': 0, 'padding_bottom': 0, 'padding_left': 1, 'padding_right': 1, 'scale': 2.341463414634146}",GREEN,False,ABSTAIN,False,All immediate drift features are within limits.,0.3750756375233163,0.5231126248836517,1
record_000695484:0,artifacts/input_files/record_000695484.npy,0,0,Normal,False,0.7235478758811951,0.7356462478637695,ABSTAIN,Confidence is below the frozen abstain threshold.,True,0.9441788792610168,0.1,0.23966825008392334,0.48387962579727173,True,0.7762330770492554,Normal,0.7235478758811951,Loc,0.23966825008392334,Edge-Loc,0.019253863021731377,0.013826812391926069,0.7235478758811951,0.007325552403926849,1.1956609569097054e-06,0.019253863021731377,2.532495273044333e-05,0.23966825008392334,8.207960533468395e-09,1.363449337077327e-05,0.010164218954741955,31,31,736,185,0.2513586956521739,"{'source_height': 31, 'source_width': 31, 'resized_height': 96, 'resized_width': 96, 'padding_top': 0, 'padding_bottom': 0, 'padding_left': 0, 'padding_right': 0, 'scale': 3.096774193548387}",GREEN,False,ABSTAIN,False,All immediate drift features are within limits.,0.33480703586322613,0.48387962579727173,1
record_000347707:0,artifacts/input_files/record_000347707.npy,0,5,Loc,True,0.7299391627311707,0.7728737592697144,ABSTAIN,Confidence is below the frozen abstain threshold.,False,,,0.2124924510717392,0.5174467116594315,True,0.7762330770492554,Loc,0.7299391627311707,Center,0.2124924510717392,Donut,0.03839070349931717,0.03506835855660029,3.84208578907419e-06,0.2124924510717392,0.03839070349931717,0.007074873894453049,1.610489221093303e-06,0.7299391627311707,7.674851076444611e-06,0.012052486650645733,3.7312765925889835e-05,27,25,518,192,0.37065637065637064,"{'source_height': 27, 'source_width': 25, 'resized_height': 96, 'resized_width': 89, 'padding_top': 0, 'padding_bottom': 0, 'padding_left': 3, 'padding_right': 4, 'scale': 3.5555555555555554}",GREEN,False,ABSTAIN,False,All immediate drift features are within limits.,0.3517500064589206,0.5174467116594315,1
record_000650384:0,artifacts/input_files/record_000650384.npy,0,5,Loc,True,0.7335312962532043,0.7997577786445618,ABSTAIN,Confidence is below the frozen abstain threshold.,False,,,0.17480632662773132,0.558724969625473,True,0.7762330770492554,Loc,0.7335312962532043,Scratch,0.17480632662773132,Normal,0.0781325250864029,0.01562695251777768,0.0781325250864029,0.0036156754940748215,0.00017871696036309004,0.00945043470710516,4.892088327324018e-05,0.7335312962532043,1.4815921645094932e-07,0.00023593562946189195,0.17480632662773132,30,34,776,139,0.1791237113402062,"{'source_height': 30, 'source_width': 34, 'resized_height': 85, 'resized_width': 96, 'padding_top': 5, 'padding_bottom': 6, 'padding_left': 0, 'padding_right': 0, 'scale': 2.823529411764706}",GREEN,False,ABSTAIN,False,All immediate drift features are within limits.,0.3639854509611116,0.558724969625473,1
record_000071508:0,artifacts/input_files/record_000071508.npy,0,3,Edge-Loc,True,0.739799439907074,0.7509406208992004,ABSTAIN,Confidence is below the frozen abstain threshold.,False,,,0.15327978134155273,0.5865196585655212,True,0.7762330770492554,Edge-Loc,0.739799439907074,Edge-Ring,0.15327978134155273,Normal,0.10673847049474716,5.407300781371305,0.10673847049474716,2.054573826626438e-07,1.2865393472782927e-10,0.739799439907074,0.15327978134155273,6.963412306504324e-05,1.1296013013861739e-07,2.3241486246661225e-07,0.00011202161113033071,33,33,846,162,0.19148936170212766,"{'source_height': 33, 'source_width': 33, 'resized_height': 96, 'resized_width': 96, 'padding_top': 0, 'padding_bottom': 0, 'padding_left': 0, 'padding_right': 0, 'scale': 2.909090909090909}",GREEN,False,ABSTAIN,False,All immediate drift features are within limits.,0.3417678050049826,0.5865196585655212,1
record_000796307:0,artifacts/input_files/record_000796307.npy,0,3,Edge-Loc,True,0.7422735691070557,0.6717191934585571,ABSTAIN,Confidence is below the frozen abstain threshold.,False,,,0.22965525090694427,0.5126183182001114,True,0.7762330770492554,Edge-Loc,0.7422735691070557,Normal,0.22965525090694427,Edge-Ring,0.024725839495658875,0.010162109902012162,0.22965525090694427,1.2137138583057094e-05,3.629501588164885e-09,0.7422735691070557,0.024725839495658875,0.0009457216365262866,2.58051727541897e-07,8.470240686619945e-07,0.002386300591751933,29,26,562,53,0.09430604982206406,"{'source_height': 29, 'source_width': 26, 'resized_height': 96, 'resized_width': 86, 'padding_top': 0, 'padding_bottom': 0, 'padding_left': 5, 'padding_right': 5, 'scale': 3.310344827586207}",GREEN,False,ABSTAIN,False,All immediate drift features are within limits.,0.30571257958206,0.5126183182001114,1
record_000713006:0,artifacts/input_files/record_000713006.npy,0,0,Normal,False,0.7477532625198364,0.5845606327056885,ABSTAIN,Confidence is below the frozen abstain threshold.,True,0.9441788792610168,0.1,0.24901562929153442,0.498737633228302,True,0.7762330770492554,Normal,0.7477532625198364,Edge-Loc,0.24901562929153442,Edge-Ring,0.002236920176073909,0.011470062418084126,0.7477532625198364,6.220173531801265e-07,3.1086491345498624e-13,0.24901562929153442,0.002236920176073909,0.0008060423424467444,1.8134330842523028e-12,8.254433803145389e-10,0.00018746720161288977,25,27,516,106,0.2054263565891473,"{'source_height': 25, 'source_width': 27, 'resized_height': 89, 'resized_width': 96, 'padding_top': 3, 'padding_bottom': 4, 'padding_left': 0, 'padding_right': 0, 'scale': 3.5555555555555554}",GREEN,False,ABSTAIN,False,All immediate drift features are within limits.,0.2660450091152603,0.498737633228302,1
record_000743866:0,artifacts/input_files/record_000743866.npy,0,5,Loc,True,0.7783011794090271,0.6263412237167358,ENGINEER_REVIEW,Class is review-only or confidence does not meet its production auto-accept threshold.,False,,,0.1996576189994812,0.5786435604095459,True,0.7762330770492554,Loc,0.7783011794090271,Edge-Loc,0.1996576189994812,Normal,0.01116606779396534,0.009596358722774312,0.01116606779396534,0.00012919542496092618,0.000356140109943226,0.1996576189994812,0.0012222776422277093,0.7783011794090271,5.7371439652342815e-06,0.0015419544652104378,0.007619921118021011,43,42,1421,337,0.23715693173821253,"{'source_height': 43, 'source_width': 42, 'resized_height': 96, 'resized_width': 94, 'padding_top': 0, 'padding_bottom': 0, 'padding_left': 1, 'padding_right': 1, 'scale': 2.2325581395348837}",GREEN,False,ENGINEER_REVIEW,False,All immediate drift features are within limits.,0.2850601755402143,0.5786435604095459,2
record_000731210:0,artifacts/input_files/record_000731210.npy,0,5,Loc,True,0.7931056022644043,0.6595986485481262,ENGINEER_REVIEW,Class is review-only or confidence does not meet its production auto-accept threshold.,False,,,0.15289047360420227,0.640215128660202,True,0.7762330770492554,Loc,0.7931056022644043,Normal,0.15289047360420227,Scratch,0.04211271554231644,0.010776702765724622,0.15289047360420227,0.00050698546692729,2.9354057915043086e-05,0.01132404338568449,1.5120439456950407e-05,0.7931056022644043,1.695186746530908e-08,1.574137422721833e-05,0.04211271554231644,33,29,741,126,0.1700404858299595,"{'source_height': 33, 'source_width': 29, 'resized_height': 96, 'resized_width': 84, 'padding_top': 0, 'padding_bottom': 0, 'padding_left': 6, 'padding_right': 6, 'scale': 2.909090909090909}",GREEN,False,ENGINEER_REVIEW,False,All immediate drift features are within limits.,0.3001962818692767,0.640215128660202,2
record_000762318:0,artifacts/input_files/record_000762318.npy,0,1,Center,True,0.7973892092704773,0.608197033405304,ENGINEER_REVIEW,Class is review-only or confidence does not meet its production auto-accept threshold.,False,,,0.17309072613716125,0.624298483133316,True,0.7762330770492554,Center,0.7973892092704773,Normal,0.17309072613716125,Loc,0.02127765864133835,0.00976757837634068,0.17309072613716125,0.7973892092704773,6.739748528161726e-07,0.007483826484531164,6.575079169124365e-06,0.02127765864133835,6.648715356050161e-08,3.0847772904962767e-06,0.0007481122156605124,39,37,1109,87,0.07844905320108206,"{'source_height': 39, 'source_width': 37, 'resized_height': 96, 'resized_width': 91, 'padding_top': 0, 'padding_bottom': 0, 'padding_left': 2, 'padding_right': 3, 'scale': 2.4615384615384617}",GREEN,False,ENGINEER_REVIEW,False,All immediate drift features are within limits.,0.2768023986617903,0.624298483133316,2
record_000727034:0,artifacts/input_files/record_000727034.npy,0,5,Loc,True,0.8093565702438354,0.7409518361091614,ENGINEER_REVIEW,Class is review-only or confidence does not meet its production auto-accept threshold.,False,,,0.07824480533599854,0.7311117649078369,True,0.7762330770492554,Loc,0.8093565702438354,Random,0.07824480533599854,Donut,0.05146753787994385,0.010776702765724622,0.0036336497869342566,0.0007307601626962423,0.05146753787994385,0.011244505643844604,0.00020402774680405855,0.8093565702438354,1.9147539660480106e-06,0.07824480533599854,0.045116160064935684,30,34,776,234,0.3015463917525773,"{'source_height': 30, 'source_width': 34, 'resized_height': 85, 'resized_width': 96, 'padding_top': 5, 'padding_bottom': 6, 'padding_left': 0, 'padding_right': 0, 'scale': 2.823529411764706}",GREEN,False,ENGINEER_REVIEW,False,All immediate drift features are within limits.,0.33722171313386906,0.7311117649078369,2
record_000433064:0,artifacts/input_files/record_000433064.npy,0,5,Loc,True,0.814685583114624,0.6424568891525269,ENGINEER_REVIEW,Class is review-only or confidence does not meet its production auto-accept threshold.,False,,,0.12633900344371796,0.6883465796709061,True,0.7762330770492554,Loc,0.814685583114624,Edge-Loc,0.12633900344371796,Normal,0.03518007695674896,0.03506835855660029,0.03518007695674896,0.0016253190115094185,7.1062777351471595e-06,0.12633900344371796,0.0002122472651535645,0.814685583114624,3.8590036410823814e-07,2.70322198048234e-05,0.021923284977674484,72,67,3773,162,0.04293665518155314,"{'source_height': 72, 'source_width': 67, 'resized_height': 96, 'resized_width': 89, 'padding_top': 0, 'padding_bottom': 0, 'padding_left': 3, 'padding_right': 4, 'scale': 1.3333333333333333}",GREEN,False,ENGINEER_REVIEW,False,All immediate drift features are within limits.,0.29239473096163987,0.6883465796709061,2
record_000172358:0,artifacts/input_files/record_000172358.npy,0,1,Center,True,0.8223546743392944,0.4754982590675354,ENGINEER_REVIEW,Class is review-only or confidence does not meet its production auto-accept threshold.,False,,,0.17649877071380615,0.6458559036254883,True,0.7762330770492554,Center,0.8223546743392944,Loc,0.17649877071380615,Donut,0.0009138023015111685,5.407300781371305,0.0001291824592044577,0.8223546743392944,0.0009138023015111685,2.7953587959927972e-06,7.489161513163367e-10,0.17649877071380615,1.4116787738771563e-08,9.658880298957229e-05,4.20440574089298e-06,26,26,533,212,0.3977485928705441,"{'source_height': 26, 'source_width': 26, 'resized_height': 96, 'resized_width': 96, 'padding_top': 0, 'padding_bottom': 0, 'padding_left': 0, 'padding_right': 0, 'scale': 3.6923076923076925}",GREEN,False,ENGINEER_REVIEW,False,All immediate drift features are within limits.,0.21640858379802047,0.6458559036254883,2
record_000719614:0,artifacts/input_files/record_000719614.npy,0,3,Edge-Loc,True,0.823850154876709,0.548007607460022,ENGINEER_REVIEW,Class is review-only or confidence does not meet its production auto-accept threshold.,False,,,0.1541246622800827,0.6697254925966263,True,0.7762330770492554,Edge-Loc,0.823850154876709,Normal,0.1541246622800827,Loc,0.01682269759476185,0.011045578503399156,0.1541246622800827,0.00011469276796560735,3.390149743154325e-07,0.823850154876709,0.0031119114719331264,0.01682269759476185,4.114911462238524e-06,1.7305550500168465e-05,0.0019541580695658922,41,40,1256,188,0.14968152866242038,"{'source_height': 41, 'source_width': 40, 'resized_height': 96, 'resized_width': 94, 'padding_top': 0, 'padding_bottom': 0, 'padding_left': 1, 'padding_right': 1, 'scale': 2.341463414634146}",GREEN,False,ENGINEER_REVIEW,False,All immediate drift features are within limits.,0.24940901040001692,0.6697254925966263,2
record_000724159:0,artifacts/input_files/record_000724159.npy,0,5,Loc,True,0.8324649930000305,0.57877516746521,ENGINEER_REVIEW,Class is review-only or confidence does not meet its production auto-accept threshold.,False,,,0.11760152131319046,0.7148634716868401,True,0.7762330770492554,Loc,0.8324649930000305,Normal,0.11760152131319046,Edge-Loc,0.0406431145966053,0.011045578503399156,0.11760152131319046,0.00012902423623017967,1.610579545285873e-07,0.0406431145966053,6.845080861239694e-06,0.8324649930000305,1.6691743542907034e-09,3.1054341889102943e-06,0.009151235222816467,25,26,518,106,0.20463320463320464,"{'source_height': 25, 'source_width': 26, 'resized_height': 92, 'resized_width': 96, 'padding_top': 2, 'padding_bottom': 2, 'padding_left': 0, 'padding_right': 0, 'scale': 3.6923076923076925}",GREEN,False,ENGINEER_REVIEW,False,All immediate drift features are within limits.,0.2634119304121755,0.7148634716868401,2
record_000445863:0,artifacts/input_files/record_000445863.npy,0,4,Edge-Ring,True,0.8339096307754517,0.44963571429252625,ENGINEER_REVIEW,Class is review-only or confidence does not meet its production auto-accept threshold.,False,,,0.1660902053117752,0.6678194254636765,True,0.7762330770492554,Edge-Ring,0.8339096307754517,Edge-Loc,0.1660902053117752,Near-full,2.1661168148057186e-07,0.03506835855660029,9.284194506936627e-13,3.2585360534332617e-21,1.2595045744703975e-17,0.1660902053117752,0.8339096307754517,7.753200145057583e-16,2.1661168148057186e-07,3.7853997714165644e-10,8.729197961347189e-17,32,29,712,215,0.30196629213483145,"{'source_height': 32, 'source_width': 29, 'resized_height': 96, 'resized_width': 87, 'padding_top': 0, 'padding_bottom': 0, 'padding_left': 4, 'padding_right': 5, 'scale': 3.0}",GREEN,False,ENGINEER_REVIEW,False,All immediate drift features are within limits.,0.20463803242071735,0.6678194254636765,2
record_000811235:0,artifacts/input_files/record_000811235.npy,0,3,Edge-Loc,True,0.8350867629051208,0.44931039214134216,ENGINEER_REVIEW,Class is review-only or confidence does not meet its production auto-accept threshold.,False,,,0.16473990678787231,0.6703468561172485,True,0.7762330770492554,Edge-Loc,0.8350867629051208,Loc,0.16473990678787231,Scratch,6.563828355865553e-05,0.4637093748897314,1.0369070650995127e-06,6.679520652141946e-07,1.0459624718350824e-05,0.8350867629051208,6.31820221315138e-05,0.16473990678787231,1.043093504904391e-07,3.218480560462922e-05,6.563828355865553e-05,26,30,600,102,0.17,"{'source_height': 26, 'source_width': 30, 'resized_height': 83, 'resized_width': 96, 'padding_top': 6, 'padding_bottom': 7, 'padding_left': 0, 'padding_right': 0, 'scale': 3.2}",GREEN,False,ENGINEER_REVIEW,False,All immediate drift features are within limits.,0.20448997192906815,0.6703468561172485,2
record_000762603:0,artifacts/input_files/record_000762603.npy,0,1,Center,True,0.843277633190155,0.5256115198135376,ENGINEER_REVIEW,Class is review-only or confidence does not meet its production auto-accept threshold.,False,,,0.12187087535858154,0.7214067578315735,True,0.7762330770492554,Center,0.843277633190155,Normal,0.12187087535858154,Loc,0.032995931804180145,0.00976757837634068,0.12187087535858154,0.843277633190155,3.6450921925279545e-07,0.0013222744455561042,2.3016775685391622e-07,0.032995931804180145,2.466630455444374e-09,4.910662028123625e-07,0.0005322371725924313,39,37,1109,87,0.07844905320108206,"{'source_height': 39, 'source_width': 37, 'resized_height': 96, 'resized_width': 91, 'padding_top': 0, 'padding_bottom': 0, 'padding_left': 2, 'padding_right': 3, 'scale': 2.4615384615384617}",GREEN,False,ENGINEER_REVIEW,False,All immediate drift features are within limits.,0.23921611165061551,0.7214067578315735,2
record_000776422:0,artifacts/input_files/record_000776422.npy,0,3,Edge-Loc,True,0.8586204051971436,0.5084701776504517,ENGINEER_REVIEW,Class is review-only or confidence does not meet its production auto-accept threshold.,False,,,0.10033142566680908,0.7582889795303345,True,0.7762330770492554,Edge-Loc,0.8586204051971436,Edge-Ring,0.10033142566680908,Normal,0.037810537964105606,0.010505218597245403,0.037810537964105606,0.00024498943821527064,1.6220308225456392e-06,0.8586204051971436,0.10033142566680908,0.0009587883250787854,0.0004580251988954842,0.00023501990654040128,0.0013391075190156698,22,50,822,142,0.17274939172749393,"{'source_height': 22, 'source_width': 50, 'resized_height': 42, 'resized_width': 96, 'padding_top': 27, 'padding_bottom': 27, 'padding_left': 0, 'padding_right': 0, 'scale': 1.92}",GREEN,False,ENGINEER_REVIEW,False,All immediate drift features are within limits.,0.23141475063367886,0.7582889795303345,2
record_000106791:0,artifacts/input_files/record_000106791.npy,0,3,Edge-Loc,True,0.8613173961639404,0.44364991784095764,ENGINEER_REVIEW,Class is review-only or confidence does not meet its production auto-accept threshold.,False,,,0.12930980324745178,0.7320075929164886,True,0.7762330770492554,Edge-Loc,0.8613173961639404,Loc,0.12930980324745178,Normal,0.007139264140278101,5.407300781371305,0.007139264140278101,0.00034519980545155704,3.2691962132957997e-06,0.8613173961639404,0.00012686349509749562,0.12930980324745178,3.0145924938551616e-06,3.284448030171916e-05,0.0017223380273208022,35,31,845,149,0.17633136094674556,"{'source_height': 35, 'source_width': 31, 'resized_height': 96, 'resized_width': 85, 'padding_top': 0, 'padding_bottom': 0, 'padding_left': 5, 'padding_right': 6, 'scale': 2.742857142857143}",GREEN,False,ENGINEER_REVIEW,False,All immediate drift features are within limits.,0.2019137790543066,0.7320075929164886,2
record_000775660:0,artifacts/input_files/record_000775660.npy,0,8,Scratch,True,0.8949760794639587,0.3630620539188385,ENGINEER_REVIEW,Class is review-only or confidence does not meet its production auto-accept threshold.,False,,,0.0992712676525116,0.7957048118114471,True,0.7762330770492554,Scratch,0.8949760794639587,Normal,0.0992712676525116,Loc,0.003536466509103775,0.010505218597245403,0.0992712676525116,3.362246570759453e-05,8.496746886521578e-06,0.001954737352207303,0.00021899421699345112,0.003536466509103775,2.202294457909204e-10,3.2597802146483446e-07,0.8949760794639587,41,45,1442,109,0.07558945908460471,"{'source_height': 41, 'source_width': 45, 'resized_height': 87, 'resized_width': 96, 'padding_top': 4, 'padding_bottom': 5, 'padding_left': 0, 'padding_right': 0, 'scale': 2.1333333333333333}",GREEN,False,ENGINEER_REVIEW,False,All immediate drift features are within limits.,0.16523666158831735,0.7957048118114471,2
record_000681009:0,artifacts/input_files/record_000681009.npy,0,8,Scratch,True,0.9087035059928894,0.3577854335308075,ENGINEER_REVIEW,Class is review-only or confidence does not meet its production auto-accept threshold.,False,,,0.0766366645693779,0.8320668414235115,True,0.7762330770492554,Scratch,0.9087035059928894,Normal,0.0766366645693779,Loc,0.008545304648578167,0.0179010467036278,0.0766366645693779,0.00012668350245803595,2.9400616767816246e-05,0.005634751170873642,0.0003218076017219573,0.008545304648578167,2.8560422915546724e-09,1.9527433323673904e-06,0.9087035059928894,35,31,845,83,0.09822485207100591,"{'source_height': 35, 'source_width': 31, 'resized_height': 96, 'resized_width': 85, 'padding_top': 0, 'padding_bottom': 0, 'padding_left': 5, 'padding_right': 6, 'scale': 2.742857142857143}",GREEN,False,ENGINEER_REVIEW,False,All immediate drift features are within limits.,0.16283516815771495,0.8320668414235115,2
record_000316500:0,artifacts/input_files/record_000316500.npy,0,5,Loc,True,0.9170187711715698,0.3454973101615906,ENGINEER_REVIEW,Class is review-only or confidence does not meet its production auto-accept threshold.,False,,,0.05418839305639267,0.8628303781151772,True,0.7762330770492554,Loc,0.9170187711715698,Donut,0.05418839305639267,Center,0.027627937495708466,0.03506835855660029,6.569187098648399e-05,0.027627937495708466,0.05418839305639267,9.512718861515168e-06,6.431512655780125e-09,0.9170187711715698,4.905901018759096e-09,0.0005857219803147018,0.0005039891111664474,44,41,1376,225,0.16351744186046513,"{'source_height': 44, 'source_width': 41, 'resized_height': 96, 'resized_width': 89, 'padding_top': 0, 'padding_bottom': 0, 'padding_left': 3, 'padding_right': 4, 'scale': 2.1818181818181817}",GREEN,False,ENGINEER_REVIEW,False,All immediate drift features are within limits.,0.15724260220156938,0.8628303781151772,2
record_000732235:0,artifacts/input_files/record_000732235.npy,0,1,Center,True,0.9200001358985901,0.30558985471725464,ENGINEER_REVIEW,Class is review-only or confidence does not meet its production auto-accept threshold.,False,,,0.07221342623233795,0.8477867096662521,True,0.7762330770492554,Center,0.9200001358985901,Loc,0.07221342623233795,Donut,0.007517972029745579,0.010776702765724622,3.469596049399115e-05,0.9200001358985901,0.007517972029745579,5.762574346590554e-07,3.592826314235964e-10,0.07221342623233795,2.2989636860870633e-08,0.00023119118122849613,1.961312136700144e-06,33,29,741,261,0.3522267206477733,"{'source_height': 33, 'source_width': 29, 'resized_height': 96, 'resized_width': 84, 'padding_top': 0, 'padding_bottom': 0, 'padding_left': 6, 'padding_right': 6, 'scale': 2.909090909090909}",GREEN,False,ENGINEER_REVIEW,False,All immediate drift features are within limits.,0.13907993651142073,0.8477867096662521,2
record_000532361:0,artifacts/input_files/record_000532361.npy,0,3,Edge-Loc,True,0.9203020334243774,0.2789471447467804,ENGINEER_REVIEW,Class is review-only or confidence does not meet its production auto-accept threshold.,False,,,0.07959865033626556,0.8407033830881119,True,0.7762330770492554,Edge-Loc,0.9203020334243774,Loc,0.07959865033626556,Random,3.217511766706593e-05,0.03506835855660029,3.824351097136969e-06,2.398676315351622e-06,7.842577360861469e-06,0.9203020334243774,2.8637152354349382e-05,0.07959865033626556,1.0990322607540293e-06,3.217511766706593e-05,2.3410149879055098e-05,32,29,710,229,0.32253521126760565,"{'source_height': 32, 'source_width': 29, 'resized_height': 96, 'resized_width': 87, 'padding_top': 0, 'padding_bottom': 0, 'padding_left': 4, 'padding_right': 5, 'scale': 3.0}",GREEN,False,ENGINEER_REVIEW,False,All immediate drift features are within limits.,0.1269543166520369,0.8407033830881119,2
record_000743500:0,artifacts/input_files/record_000743500.npy,0,5,Loc,True,0.9209622740745544,0.29243019223213196,ENGINEER_REVIEW,Class is review-only or confidence does not meet its production auto-accept threshold.,False,,,0.0762961208820343,0.8446661531925201,True,0.7762330770492554,Loc,0.9209622740745544,Edge-Loc,0.0762961208820343,Scratch,0.000976068782620132,0.009596358722774312,0.000321417668601498,0.0008651214302517474,0.00024579375167377293,0.0762961208820343,3.5435350582702085e-05,0.9209622740745544,8.235156201408245e-07,0.00029690968221984804,0.000976068782620132,43,42,1421,307,0.21604503870513722,"{'source_height': 43, 'source_width': 42, 'resized_height': 96, 'resized_width': 94, 'padding_top': 0, 'padding_bottom': 0, 'padding_left': 1, 'padding_right': 1, 'scale': 2.2325581395348837}",GREEN,False,ENGINEER_REVIEW,False,All immediate drift features are within limits.,0.13309071600985659,0.8446661531925201,2
record_000592996:0,artifacts/input_files/record_000592996.npy,0,4,Edge-Ring,True,0.9294120073318481,0.3048919439315796,ENGINEER_REVIEW,Class is review-only or confidence does not meet its production auto-accept threshold.,False,,,0.0363229401409626,0.8930890671908855,True,0.7762330770492554,Edge-Ring,0.9294120073318481,Edge-Loc,0.0363229401409626,Normal,0.03414871543645859,0.03506835855660029,0.03414871543645859,1.3181215763324872e-06,4.6811283738179554e-09,0.0363229401409626,0.9294120073318481,1.479168076912174e-05,2.505374538941396e-07,1.0748115073511144e-06,9.891481749946252e-05,49,39,1513,166,0.10971579643093192,"{'source_height': 49, 'source_width': 39, 'resized_height': 96, 'resized_width': 76, 'padding_top': 0, 'padding_bottom': 0, 'padding_left': 10, 'padding_right': 10, 'scale': 1.9591836734693877}",GREEN,False,ENGINEER_REVIEW,False,All immediate drift features are within limits.,0.13876230362451702,0.8930890671908855,2
record_000021681:0,artifacts/input_files/record_000021681.npy,0,8,Scratch,True,0.935335636138916,0.24856477975845337,ENGINEER_REVIEW,Class is review-only or confidence does not meet its production auto-accept threshold.,False,,,0.06290416419506073,0.8724314719438553,True,0.7762330770492554,Scratch,0.935335636138916,Normal,0.06290416419506073,Loc,0.0015344111016020179,5.407300781371305,0.06290416419506073,2.6428711862536147e-05,6.3258607951866e-06,0.00016017621965147555,3.275983181083575e-05,0.0015344111016020179,4.80091357293877e-12,6.228993498780255e-08,0.935335636138916,26,30,600,44,0.07333333333333333,"{'source_height': 26, 'source_width': 30, 'resized_height': 83, 'resized_width': 96, 'padding_top': 6, 'padding_bottom': 7, 'padding_left': 0, 'padding_right': 0, 'scale': 3.2}",GREEN,False,ENGINEER_REVIEW,False,All immediate drift features are within limits.,0.11312670644700237,0.8724314719438553,2
record_000744186:0,artifacts/input_files/record_000744186.npy,0,4,Edge-Ring,True,0.9380120635032654,0.2508954703807831,ENGINEER_REVIEW,Class is review-only or confidence does not meet its production auto-accept threshold.,False,,,0.05653304234147072,0.8814790211617947,True,0.7762330770492554,Edge-Ring,0.9380120635032654,Normal,0.05653304234147072,Edge-Loc,0.005451827775686979,0.009596358722774312,0.05653304234147072,7.082213926423719e-09,3.822887319204771e-12,0.005451827775686979,0.9380120635032654,3.0950437235333084e-07,3.197186682069031e-10,5.3847202252654824e-09,2.779505166472518e-06,43,42,1421,280,0.19704433497536947,"{'source_height': 43, 'source_width': 42, 'resized_height': 96, 'resized_width': 94, 'padding_top': 0, 'padding_bottom': 0, 'padding_left': 1, 'padding_right': 1, 'scale': 2.2325581395348837}",GREEN,False,ENGINEER_REVIEW,False,All immediate drift features are within limits.,0.11418744946179028,0.8814790211617947,2
record_000414163:0,artifacts/input_files/record_000414163.npy,0,3,Edge-Loc,True,0.94166100025177,0.2223726212978363,ENGINEER_REVIEW,Class is review-only or confidence does not meet its production auto-accept threshold.,False,,,0.05833903327584267,0.8833219669759274,True,0.7762330770492554,Edge-Loc,0.94166100025177,Edge-Ring,0.05833903327584267,Random,4.560203326064993e-10,0.03506835855660029,1.5533567854466194e-19,8.1030908660088485e-22,1.4452530367470838e-15,0.94166100025177,0.05833903327584267,3.0761751110795765e-13,3.691978944786456e-10,4.560203326064993e-10,4.67066871133577e-18,52,51,2071,440,0.21245774987928537,"{'source_height': 52, 'source_width': 51, 'resized_height': 96, 'resized_width': 94, 'padding_top': 0, 'padding_bottom': 0, 'padding_left': 1, 'padding_right': 1, 'scale': 1.8461538461538463}",GREEN,False,ENGINEER_REVIEW,False,All immediate drift features are within limits.,0.10120614141656255,0.8833219669759274,2
record_000683892:0,artifacts/input_files/record_000683892.npy,0,3,Edge-Loc,True,0.9444402456283569,0.2146867960691452,ENGINEER_REVIEW,Class is review-only or confidence does not meet its production auto-accept threshold.,False,,,0.0555485300719738,0.8888917155563831,True,0.7762330770492554,Edge-Loc,0.9444402456283569,Edge-Ring,0.0555485300719738,Near-full,7.956545232445933e-06,0.0179010467036278,2.494916770956479e-06,1.1371529412551595e-10,2.4258348801931007e-11,0.9444402456283569,0.0555485300719738,1.0151401852454e-07,7.956545232445933e-06,6.807277372899989e-07,3.28932081572475e-09,35,31,844,207,0.245260663507109,"{'source_height': 35, 'source_width': 31, 'resized_height': 96, 'resized_width': 85, 'padding_top': 0, 'padding_bottom': 0, 'padding_left': 5, 'padding_right': 6, 'scale': 2.742857142857143}",GREEN,False,ENGINEER_REVIEW,False,All immediate drift features are within limits.,0.09770817161048613,0.8888917155563831,2
record_000691046:0,artifacts/input_files/record_000691046.npy,0,3,Edge-Loc,True,0.9448037147521973,0.2155958116054535,ENGINEER_REVIEW,Class is review-only or confidence does not meet its production auto-accept threshold.,False,,,0.05491786450147629,0.889885850250721,True,0.7762330770492554,Edge-Loc,0.9448037147521973,Loc,0.05491786450147629,Normal,0.00014833599561825395,0.013826812391926069,0.00014833599561825395,4.354742941359291e-06,1.5693699140229e-07,0.9448037147521973,7.503379310946912e-05,0.05491786450147629,1.1332739546787707e-07,1.9064382286160253e-06,4.842143607675098e-05,39,37,1129,149,0.13197519929140833,"{'source_height': 39, 'source_width': 37, 'resized_height': 96, 'resized_width': 91, 'padding_top': 0, 'padding_bottom': 0, 'padding_left': 2, 'padding_right': 3, 'scale': 2.4615384615384617}",GREEN,False,ENGINEER_REVIEW,False,All immediate drift features are within limits.,0.09812188240986665,0.889885850250721,2
record_000651236:0,artifacts/input_files/record_000651236.npy,0,3,Edge-Loc,True,0.9457323551177979,0.24079813063144684,ENGINEER_REVIEW,Class is review-only or confidence does not meet its production auto-accept threshold.,False,,,0.044987041503190994,0.9007453136146069,True,0.7762330770492554,Edge-Loc,0.9457323551177979,Normal,0.044987041503190994,Loc,0.007792324293404818,0.01562695251777768,0.044987041503190994,1.054724179994082e-05,5.420038196035648e-09,0.9457323551177979,0.00046724971616640687,0.007792324293404818,1.5859987456678937e-07,4.481185840177204e-07,0.001009951694868505,30,34,776,99,0.12757731958762886,"{'source_height': 30, 'source_width': 34, 'resized_height': 85, 'resized_width': 96, 'padding_top': 5, 'padding_bottom': 6, 'padding_left': 0, 'padding_right': 0, 'scale': 2.823529411764706}",GREEN,False,ENGINEER_REVIEW,False,All immediate drift features are within limits.,0.10959195209957816,0.9007453136146069,2
record_000321403:0,artifacts/input_files/record_000321403.npy,0,1,Center,True,0.9529694318771362,0.19054539501667023,ENGINEER_REVIEW,Class is review-only or confidence does not meet its production auto-accept threshold.,False,,,0.046929046511650085,0.9060403853654861,True,0.7762330770492554,Center,0.9529694318771362,Loc,0.046929046511650085,Donut,3.483489126665518e-05,0.03506835855660029,3.178329279762693e-05,0.9529694318771362,3.483489126665518e-05,9.448028322367463e-06,1.1527184762272213e-09,0.046929046511650085,1.5127248342849953e-09,2.026971742452588e-05,5.073396096122451e-06,39,45,1361,157,0.115356355620867,"{'source_height': 39, 'source_width': 45, 'resized_height': 83, 'resized_width': 96, 'padding_top': 6, 'padding_bottom': 7, 'padding_left': 0, 'padding_right': 0, 'scale': 2.1333333333333333}",GREEN,False,ENGINEER_REVIEW,False,All immediate drift features are within limits.,0.08672094649863957,0.9060403853654861,2
record_000595738:0,artifacts/input_files/record_000595738.npy,0,3,Edge-Loc,True,0.9580063223838806,0.21796749532222748,ENGINEER_REVIEW,Class is review-only or confidence does not meet its production auto-accept threshold.,False,,,0.019755028188228607,0.938251294195652,True,0.7762330770492554,Edge-Loc,0.9580063223838806,Loc,0.019755028188228607,Normal,0.017712561413645744,0.03506835855660029,0.017712561413645744,5.7674893469084054e-05,6.240467769202951e-07,0.9580063223838806,0.0016895969165489078,0.019755028188228607,7.710039426456206e-06,2.3726206563878804e-05,0.0027468211483210325,49,39,1513,177,0.11698612029081296,"{'source_height': 49, 'source_width': 39, 'resized_height': 96, 'resized_width': 76, 'padding_top': 0, 'padding_bottom': 0, 'padding_left': 10, 'padding_right': 10, 'scale': 1.9591836734693877}",GREEN,False,ENGINEER_REVIEW,False,All immediate drift features are within limits.,0.09920128218594657,0.938251294195652,2
record_000279330:0,artifacts/input_files/record_000279330.npy,0,2,Donut,True,0.9594141840934753,0.2019660621881485,ENGINEER_REVIEW,Class is review-only or confidence does not meet its production auto-accept threshold.,False,,,0.02864912524819374,0.9307650588452816,True,0.7762330770492554,Donut,0.9594141840934753,Loc,0.02864912524819374,Scratch,0.009603684768080711,0.03506835855660029,1.0858649147849064e-05,0.0011763302609324455,0.9594141840934753,2.529082792079862e-07,9.638962961133757e-10,0.02864912524819374,2.0804715589184397e-11,0.0011455831117928028,0.009603684768080711,41,42,1334,195,0.14617691154422788,"{'source_height': 41, 'source_width': 42, 'resized_height': 94, 'resized_width': 96, 'padding_top': 1, 'padding_bottom': 1, 'padding_left': 0, 'padding_right': 0, 'scale': 2.2857142857142856}",GREEN,False,ENGINEER_REVIEW,False,All immediate drift features are within limits.,0.09191871612550401,0.9307650588452816,2
record_000114956:0,artifacts/input_files/record_000114956.npy,0,5,Loc,True,0.9639865159988403,0.17742082476615906,ENGINEER_REVIEW,Class is review-only or confidence does not meet its production auto-accept threshold.,False,,,0.02820996381342411,0.9357765521854162,True,0.7762330770492554,Loc,0.9639865159988403,Center,0.02820996381342411,Donut,0.006961773615330458,5.407300781371305,0.00023440324002876878,0.02820996381342411,0.006961773615330458,4.306919072405435e-05,1.2508265534449947e-08,0.9639865159988403,7.642435662091884e-08,0.0004935240722261369,7.069631828926504e-05,30,31,712,204,0.28651685393258425,"{'source_height': 30, 'source_width': 31, 'resized_height': 93, 'resized_width': 96, 'padding_top': 1, 'padding_bottom': 2, 'padding_left': 0, 'padding_right': 0, 'scale': 3.096774193548387}",GREEN,False,ENGINEER_REVIEW,False,All immediate drift features are within limits.,0.08074769716132213,0.9357765521854162,2
record_000278614:0,artifacts/input_files/record_000278614.npy,0,2,Donut,True,0.9654269218444824,0.17797543108463287,ENGINEER_REVIEW,Class is review-only or confidence does not meet its production auto-accept threshold.,False,,,0.023539235815405846,0.9418876860290766,True,0.7762330770492554,Donut,0.9654269218444824,Center,0.023539235815405846,Loc,0.008432481437921524,0.03506835855660029,1.4366905531915108e-07,0.023539235815405846,0.9654269218444824,1.6376073830315363e-08,1.656819993700598e-11,0.008432481437921524,3.573063844797275e-09,0.0026010603178292513,1.2285278216950246e-07,41,42,1334,582,0.4362818590704648,"{'source_height': 41, 'source_width': 42, 'resized_height': 94, 'resized_width': 96, 'padding_top': 1, 'padding_bottom': 1, 'padding_left': 0, 'padding_right': 0, 'scale': 2.2857142857142856}",GREEN,False,ENGINEER_REVIEW,False,All immediate drift features are within limits.,0.0810001093745271,0.9418876860290766,2
record_000752875:0,artifacts/input_files/record_000752875.npy,0,5,Loc,True,0.9679011106491089,0.1651822030544281,ENGINEER_REVIEW,Class is review-only or confidence does not meet its production auto-accept threshold.,False,,,0.023519055917859077,0.9443820547312498,True,0.7762330770492554,Loc,0.9679011106491089,Center,0.023519055917859077,Edge-Loc,0.007503954693675041,0.00976757837634068,0.0004926409455947578,0.023519055917859077,0.0002537244581617415,0.007503954693675041,7.501993337655222e-08,0.9679011106491089,2.3294066409107472e-07,9.712630708236247e-05,0.00023212826636154205,27,25,503,116,0.23061630218687873,"{'source_height': 27, 'source_width': 25, 'resized_height': 96, 'resized_width': 89, 'padding_top': 0, 'padding_bottom': 0, 'padding_left': 3, 'padding_right': 4, 'scale': 3.5555555555555554}",GREEN,False,ENGINEER_REVIEW,False,All immediate drift features are within limits.,0.07517766038038992,0.9443820547312498,2
record_000382233:0,artifacts/input_files/record_000382233.npy,0,8,Scratch,True,0.9680598974227905,0.1554274559020996,ENGINEER_REVIEW,Class is review-only or confidence does not meet its production auto-accept threshold.,False,,,0.028257912024855614,0.9398019853979349,True,0.7762330770492554,Scratch,0.9680598974227905,Normal,0.028257912024855614,Loc,0.0027018606197088957,0.03506835855660029,0.028257912024855614,2.4568807930336334e-05,8.819106369628571e-06,0.0008610928198322654,8.550262282369658e-05,0.0027018606197088957,1.306245667187511e-10,3.2370169833484397e-07,0.9680598974227905,52,59,2393,82,0.03426661094860008,"{'source_height': 52, 'source_width': 59, 'resized_height': 85, 'resized_width': 96, 'padding_top': 5, 'padding_bottom': 6, 'padding_left': 0, 'padding_right': 0, 'scale': 1.6271186440677967}",GREEN,False,ENGINEER_REVIEW,False,All immediate drift features are within limits.,0.070738083628452,0.9398019853979349,2
record_000755118:0,artifacts/input_files/record_000755118.npy,0,3,Edge-Loc,True,0.9692971706390381,0.16028869152069092,ENGINEER_REVIEW,Class is review-only or confidence does not meet its production auto-accept threshold.,False,,,0.017966192215681076,0.951330978423357,True,0.7762330770492554,Edge-Loc,0.9692971706390381,Normal,0.017966192215681076,Edge-Ring,0.012254694476723671,0.00976757837634068,0.017966192215681076,3.858543493606703e-07,4.2867875915675313e-10,0.9692971706390381,0.012254694476723671,0.0004013201396446675,3.5584761803875153e-07,7.740042633486155e-07,7.914333400549367e-05,27,25,518,93,0.17953667953667954,"{'source_height': 27, 'source_width': 25, 'resized_height': 96, 'resized_width': 89, 'padding_top': 0, 'padding_bottom': 0, 'padding_left': 3, 'padding_right': 4, 'scale': 3.5555555555555554}",GREEN,False,ENGINEER_REVIEW,False,All immediate drift features are within limits.,0.0729505273034107,0.951330978423357,2
record_000792574:0,artifacts/input_files/record_000792574.npy,0,5,Loc,True,0.9696846604347229,0.17348070442676544,ENGINEER_REVIEW,Class is review-only or confidence does not meet its production auto-accept threshold.,False,,,0.012407553382217884,0.957277107052505,True,0.7762330770492554,Loc,0.9696846604347229,Normal,0.012407553382217884,Scratch,0.00913317408412695,0.009956374924513511,0.012407553382217884,0.007419176399707794,0.0002542615693528205,0.00102017424069345,4.843516876462672e-07,0.9696846604347229,3.083426491912178e-08,8.052655903156847e-05,0.00913317408412695,29,26,562,86,0.15302491103202848,"{'source_height': 29, 'source_width': 26, 'resized_height': 96, 'resized_width': 86, 'padding_top': 0, 'padding_bottom': 0, 'padding_left': 5, 'padding_right': 5, 'scale': 3.310344827586207}",GREEN,False,ENGINEER_REVIEW,False,All immediate drift features are within limits.,0.07895447111604896,0.957277107052505,2
record_000364038:0,artifacts/input_files/record_000364038.npy,0,5,Loc,True,0.9723777770996094,0.15944433212280273,ENGINEER_REVIEW,Class is review-only or confidence does not meet its production auto-accept threshold.,False,,,0.012375801801681519,0.9600019752979279,True,0.7762330770492554,Loc,0.9723777770996094,Normal,0.012375801801681519,Scratch,0.00832642987370491,0.03506835855660029,0.012375801801681519,0.0008373012533411384,0.00010846457007573918,0.005890754051506519,9.77164654614171e-06,0.9723777770996094,8.784117255800084e-08,7.362866017501801e-05,0.00832642987370491,35,40,1080,196,0.1814814814814815,"{'source_height': 35, 'source_width': 40, 'resized_height': 84, 'resized_width': 96, 'padding_top': 6, 'padding_bottom': 6, 'padding_left': 0, 'padding_right': 0, 'scale': 2.4}",GREEN,False,ENGINEER_REVIEW,False,All immediate drift features are within limits.,0.07256624278074628,0.9600019752979279,2
record_000294288:0,artifacts/input_files/record_000294288.npy,0,1,Center,True,0.9771208763122559,0.10924325883388519,ENGINEER_REVIEW,Class is review-only or confidence does not meet its production auto-accept threshold.,False,,,0.022856898605823517,0.9542639777064323,True,0.7762330770492554,Center,0.9771208763122559,Loc,0.022856898605823517,Donut,1.0892063983192202e-05,0.03506835855660029,2.1333191568828624e-07,0.9771208763122559,1.0892063983192202e-05,3.379369672984467e-06,2.242531160767669e-10,0.022856898605823517,1.1864986770859787e-10,7.602980076626409e-06,2.0122857335991284e-07,69,79,4251,264,0.062103034580098804,"{'source_height': 69, 'source_width': 79, 'resized_height': 84, 'resized_width': 96, 'padding_top': 6, 'padding_bottom': 6, 'padding_left': 0, 'padding_right': 0, 'scale': 1.2151898734177216}",GREEN,False,ENGINEER_REVIEW,False,All immediate drift features are within limits.,0.04971874971757553,0.9542639777064323,2
record_000697951:0,artifacts/input_files/record_000697951.npy,0,3,Edge-Loc,True,0.9809793829917908,0.09590540826320648,ENGINEER_REVIEW,Class is review-only or confidence does not meet its production auto-accept threshold.,False,,,0.018710333853960037,0.9622690491378307,True,0.7762330770492554,Edge-Loc,0.9809793829917908,Loc,0.018710333853960037,Normal,0.00028515324811451137,0.012193358998047188,0.00028515324811451137,7.632063898199704e-06,6.291761556198594e-10,0.9809793829917908,1.0530790859775152e-05,0.018710333853960037,9.824734803487445e-09,1.5254333902703365e-06,5.411442998592975e-06,25,27,516,150,0.29069767441860467,"{'source_height': 25, 'source_width': 27, 'resized_height': 89, 'resized_width': 96, 'padding_top': 3, 'padding_bottom': 4, 'padding_left': 0, 'padding_right': 0, 'scale': 3.5555555555555554}",GREEN,False,ENGINEER_REVIEW,False,All immediate drift features are within limits.,0.04364843232341608,0.9622690491378307,2
record_000764512:0,artifacts/input_files/record_000764512.npy,0,1,Center,True,0.9812038540840149,0.09637798368930817,ENGINEER_REVIEW,Class is review-only or confidence does not meet its production auto-accept threshold.,False,,,0.018124820664525032,0.9630790334194899,True,0.7762330770492554,Center,0.9812038540840149,Loc,0.018124820664525032,Normal,0.0006313981139101088,0.00976757837634068,0.0006313981139101088,0.9812038540840149,8.793913508498008e-08,3.565960651030764e-05,8.783662130973369e-10,0.018124820664525032,1.2683762373733032e-10,6.594423211936373e-07,3.3806406918301946e-06,34,34,904,93,0.10287610619469026,"{'source_height': 34, 'source_width': 34, 'resized_height': 96, 'resized_width': 96, 'padding_top': 0, 'padding_bottom': 0, 'padding_left': 0, 'padding_right': 0, 'scale': 2.823529411764706}",GREEN,False,ENGINEER_REVIEW,False,All immediate drift features are within limits.,0.0438635106686049,0.9630790334194899,2
record_000371589:0,artifacts/input_files/record_000371589.npy,0,1,Center,True,0.9818589091300964,0.09787058085203171,ENGINEER_REVIEW,Class is review-only or confidence does not meet its production auto-accept threshold.,False,,,0.015759222209453583,0.9660996869206429,True,0.7762330770492554,Center,0.9818589091300964,Loc,0.015759222209453583,Donut,0.0023652128875255585,0.03506835855660029,3.4563092299322307e-07,0.9818589091300964,0.0023652128875255585,1.4892438393587781e-08,8.531857512150687e-12,0.015759222209453583,3.1446529408230006e-11,1.60374565894017e-05,2.9489999064935546e-07,40,40,1226,318,0.25938009787928223,"{'source_height': 40, 'source_width': 40, 'resized_height': 96, 'resized_width': 96, 'padding_top': 0, 'padding_bottom': 0, 'padding_left': 0, 'padding_right': 0, 'scale': 2.4}",GREEN,False,ENGINEER_REVIEW,False,All immediate drift features are within limits.,0.04454282091213635,0.9660996869206429,2
record_000436911:0,artifacts/input_files/record_000436911.npy,0,3,Edge-Loc,True,0.9835989475250244,0.10000424087047577,ENGINEER_REVIEW,Class is review-only or confidence does not meet its production auto-accept threshold.,False,,,0.011741673573851585,0.9718572739511728,True,0.7762330770492554,Edge-Loc,0.9835989475250244,Edge-Ring,0.011741673573851585,Normal,0.0019307793118059635,0.03506835855660029,0.0019307793118059635,0.00041487012640573084,2.635547389218118e-06,0.9835989475250244,0.011741673573851585,0.0015726861311122775,0.0003729678282979876,0.0002452995104249567,0.000120140342914965,35,40,1080,158,0.14629629629629629,"{'source_height': 35, 'source_width': 40, 'resized_height': 84, 'resized_width': 96, 'padding_top': 6, 'padding_bottom': 6, 'padding_left': 0, 'padding_right': 0, 'scale': 2.4}",GREEN,False,ENGINEER_REVIEW,False,All immediate drift features are within limits.,0.04551389143467291,0.9718572739511728,2
record_000798762:0,artifacts/input_files/record_000798762.npy,0,5,Loc,True,0.9867462515830994,0.08694480359554291,ENGINEER_REVIEW,Class is review-only or confidence does not meet its production auto-accept threshold.,False,,,0.005262891761958599,0.9814833598211408,True,0.7762330770492554,Loc,0.9867462515830994,Normal,0.005262891761958599,Center,0.004929279442876577,0.010162109902012162,0.005262891761958599,0.004929279442876577,1.4190746696840506e-05,0.0014908824814483523,5.642121791993304e-08,0.9867462515830994,4.635771766459129e-09,8.235955647251103e-06,0.0015482748858630657,29,26,545,63,0.11559633027522936,"{'source_height': 29, 'source_width': 26, 'resized_height': 96, 'resized_width': 86, 'padding_top': 0, 'padding_bottom': 0, 'padding_left': 5, 'padding_right': 5, 'scale': 3.310344827586207}",GREEN,False,ENGINEER_REVIEW,False,All immediate drift features are within limits.,0.03957028539201462,0.9814833598211408,2
record_000623178:0,artifacts/input_files/record_000623178.npy,0,1,Center,True,0.987962543964386,0.07276307791471481,ENGINEER_REVIEW,Class is review-only or confidence does not meet its production auto-accept threshold.,False,,,0.010048173367977142,0.9779143705964088,True,0.7762330770492554,Center,0.987962543964386,Loc,0.010048173367977142,Edge-Loc,0.0011370688444003463,0.03506835855660029,5.672284714819398e-06,0.987962543964386,0.0001437921164324507,0.0011370688444003463,0.00010948572162305936,0.010048173367977142,1.3137358791937004e-06,0.0005654407432302833,2.6505453206482343e-05,32,29,712,205,0.28792134831460675,"{'source_height': 32, 'source_width': 29, 'resized_height': 96, 'resized_width': 87, 'padding_top': 0, 'padding_bottom': 0, 'padding_left': 4, 'padding_right': 5, 'scale': 3.0}",GREEN,False,ENGINEER_REVIEW,False,All immediate drift features are within limits.,0.033115903884039156,0.9779143705964088,2
record_000765257:0,artifacts/input_files/record_000765257.npy,0,3,Edge-Loc,True,0.9925315976142883,0.04984492063522339,ENGINEER_REVIEW,Class is review-only or confidence does not meet its production auto-accept threshold.,False,,,0.005711720325052738,0.9868198772892356,True,0.7762330770492554,Edge-Loc,0.9925315976142883,Edge-Ring,0.005711720325052738,Loc,0.0008691430557519197,0.009227203008776996,0.0006825528689660132,4.237735993228853e-06,3.622076860665402e-08,0.9925315976142883,0.005711720325052738,0.0008691430557519197,1.97557369574497e-06,6.466004379035439e-06,0.00019218388479202986,48,48,1791,200,0.11166945840312674,"{'source_height': 48, 'source_width': 48, 'resized_height': 96, 'resized_width': 96, 'padding_top': 0, 'padding_bottom': 0, 'padding_left': 0, 'padding_right': 0, 'scale': 2.0}",GREEN,False,ENGINEER_REVIEW,False,All immediate drift features are within limits.,0.02268540100514091,0.9868198772892356,2
record_000111108:0,artifacts/input_files/record_000111108.npy,0,3,Edge-Loc,True,0.9926565289497375,0.04972909018397331,ENGINEER_REVIEW,Class is review-only or confidence does not meet its production auto-accept threshold.,False,,,0.003975479397922754,0.9886810495518148,True,0.7762330770492554,Edge-Loc,0.9926565289497375,Normal,0.003975479397922754,Loc,0.0030498667620122433,5.407300781371305,0.003975479397922754,1.2058291076755268e-06,5.9329638979477295e-09,0.9926565289497375,0.00021941703744232655,0.0030498667620122433,3.403195876217069e-07,5.107988840791222e-07,9.664285607868806e-05,30,34,776,111,0.14304123711340205,"{'source_height': 30, 'source_width': 34, 'resized_height': 85, 'resized_width': 96, 'padding_top': 5, 'padding_bottom': 6, 'padding_left': 0, 'padding_right': 0, 'scale': 2.823529411764706}",GREEN,False,ENGINEER_REVIEW,False,All immediate drift features are within limits.,0.022632684294958058,0.9886810495518148,2
record_000586729:0,artifacts/input_files/record_000586729.npy,0,1,Center,True,0.9926878213882446,0.05055392533540726,ENGINEER_REVIEW,Class is review-only or confidence does not meet its production auto-accept threshold.,False,,,0.004164813086390495,0.9885230083018541,True,0.7762330770492554,Center,0.9926878213882446,Loc,0.004164813086390495,Edge-Loc,0.002493845531716943,0.03506835855660029,0.00036971975350752473,0.9926878213882446,6.354418360388081e-07,0.002493845531716943,1.5417797840200365e-05,0.004164813086390495,3.955034344471642e-07,0.00013429207319859415,0.00013313369709067047,25,27,515,124,0.2407766990291262,"{'source_height': 25, 'source_width': 27, 'resized_height': 89, 'resized_width': 96, 'padding_top': 3, 'padding_bottom': 4, 'padding_left': 0, 'padding_right': 0, 'scale': 3.5555555555555554}",GREEN,False,ENGINEER_REVIEW,False,All immediate drift features are within limits.,0.02300808295012599,0.9885230083018541,2
record_000744171:0,artifacts/input_files/record_000744171.npy,0,4,Edge-Ring,True,0.9937710165977478,0.041471462696790695,ENGINEER_REVIEW,Class is review-only or confidence does not meet its production auto-accept threshold.,False,,,0.004557875916361809,0.989213140681386,True,0.7762330770492554,Edge-Ring,0.9937710165977478,Edge-Loc,0.004557875916361809,Normal,0.0016705007292330265,0.009596358722774312,0.0016705007292330265,3.654823665932838e-10,6.322534856773032e-11,0.004557875916361809,0.9937710165977478,2.079223193618418e-08,2.413584176963468e-08,1.8795049072650727e-07,3.299055606476031e-07,43,42,1421,281,0.19774806474313864,"{'source_height': 43, 'source_width': 42, 'resized_height': 96, 'resized_width': 94, 'padding_top': 0, 'padding_bottom': 0, 'padding_left': 1, 'padding_right': 1, 'scale': 2.2325581395348837}",GREEN,False,ENGINEER_REVIEW,False,All immediate drift features are within limits.,0.018874476066105247,0.989213140681386,2
record_000524350:0,artifacts/input_files/record_000524350.npy,0,1,Center,True,0.9948745369911194,0.03365316614508629,ENGINEER_REVIEW,Class is review-only or confidence does not meet its production auto-accept threshold.,False,,,0.004784035962074995,0.9900905010290444,True,0.7762330770492554,Center,0.9948745369911194,Loc,0.004784035962074995,Edge-Loc,0.0002464052813593298,0.03506835855660029,7.686159369768575e-05,0.9948745369911194,1.6458041329769912e-07,0.0002464052813593298,6.705415955821081e-08,0.004784035962074995,1.9378713744799825e-08,1.5443247320945375e-05,2.4595940431026975e-06,25,27,515,143,0.27766990291262134,"{'source_height': 25, 'source_width': 27, 'resized_height': 89, 'resized_width': 96, 'padding_top': 3, 'padding_bottom': 4, 'padding_left': 0, 'padding_right': 0, 'scale': 3.5555555555555554}",GREEN,False,ENGINEER_REVIEW,False,All immediate drift features are within limits.,0.015316215962723903,0.9900905010290444,2
record_000414165:0,artifacts/input_files/record_000414165.npy,0,3,Edge-Loc,True,0.9950371384620667,0.031282518059015274,ENGINEER_REVIEW,Class is review-only or confidence does not meet its production auto-accept threshold.,False,,,0.004962883424013853,0.9900742550380528,True,0.7762330770492554,Edge-Loc,0.9950371384620667,Edge-Ring,0.004962883424013853,Near-full,2.6920816686981652e-09,0.03506835855660029,8.177057020050411e-16,2.676396638655137e-19,1.5995685272206586e-14,0.9950371384620667,0.004962883424013853,2.2313905931325984e-11,2.6920816686981652e-09,1.380867864497759e-09,6.218383538533724e-15,52,51,2071,313,0.15113471752776436,"{'source_height': 52, 'source_width': 51, 'resized_height': 96, 'resized_width': 94, 'padding_top': 0, 'padding_bottom': 0, 'padding_left': 1, 'padding_right': 1, 'scale': 1.8461538461538463}",GREEN,False,ENGINEER_REVIEW,False,All immediate drift features are within limits.,0.014237287522489067,0.9900742550380528,2
record_000776400:0,artifacts/input_files/record_000776400.npy,0,3,Edge-Loc,True,0.9952102303504944,0.03342776373028755,ENGINEER_REVIEW,Class is review-only or confidence does not meet its production auto-accept threshold.,False,,,0.0038119300734251738,0.9913983002770692,True,0.7762330770492554,Edge-Loc,0.9952102303504944,Edge-Ring,0.0038119300734251738,Near-full,0.0006661073421128094,0.010505218597245403,3.330658771005801e-08,7.938997792500402e-10,4.879946686742187e-07,0.9952102303504944,0.0038119300734251738,4.919142611470306e-06,0.0006661073421128094,0.0003063192416448146,1.873843835653588e-08,22,50,822,346,0.4209245742092457,"{'source_height': 22, 'source_width': 50, 'resized_height': 42, 'resized_width': 96, 'padding_top': 27, 'padding_bottom': 27, 'padding_left': 0, 'padding_right': 0, 'scale': 1.92}",GREEN,False,ENGINEER_REVIEW,False,All immediate drift features are within limits.,0.015213630902860792,0.9913983002770692,2
record_000440664:0,artifacts/input_files/record_000440664.npy,0,4,Edge-Ring,True,0.9957516193389893,0.02916918508708477,ENGINEER_REVIEW,Class is review-only or confidence does not meet its production auto-accept threshold.,False,,,0.0036511030048131943,0.9921005163341761,True,0.7762330770492554,Edge-Ring,0.9957516193389893,Edge-Loc,0.0036511030048131943,Normal,0.0005968742771074176,0.03506835855660029,0.0005968742771074176,1.6587684004143455e-10,2.8637309537615785e-12,0.0036511030048131943,0.9957516193389893,5.775575018240886e-10,1.3782876351342566e-07,2.5490226107649505e-07,3.0930775718474024e-09,32,29,710,182,0.2563380281690141,"{'source_height': 32, 'source_width': 29, 'resized_height': 96, 'resized_width': 87, 'padding_top': 0, 'padding_bottom': 0, 'padding_left': 4, 'padding_right': 5, 'scale': 3.0}",GREEN,False,ENGINEER_REVIEW,False,All immediate drift features are within limits.,0.013275468237501559,0.9921005163341761,2
record_000577933:0,artifacts/input_files/record_000577933.npy,0,3,Edge-Loc,True,0.9960055947303772,0.027630271390080452,ENGINEER_REVIEW,Class is review-only or confidence does not meet its production auto-accept threshold.,False,,,0.0035708609502762556,0.9924347337801009,True,0.7762330770492554,Edge-Loc,0.9960055947303772,Loc,0.0035708609502762556,Edge-Ring,0.0003427707706578076,0.03506835855660029,7.508578710258007e-05,2.0992226268390368e-07,1.2301980767404075e-08,0.9960055947303772,0.0003427707706578076,0.0035708609502762556,3.2101581837196136e-07,1.1106699275842402e-06,4.103297214896884e-06,33,33,846,203,0.23995271867612294,"{'source_height': 33, 'source_width': 33, 'resized_height': 96, 'resized_width': 96, 'padding_top': 0, 'padding_bottom': 0, 'padding_left': 0, 'padding_right': 0, 'scale': 2.909090909090909}",GREEN,False,ENGINEER_REVIEW,False,All immediate drift features are within limits.,0.01257507843079823,0.9924347337801009,2
record_000227935:0,artifacts/input_files/record_000227935.npy,0,5,Loc,True,0.9971101880073547,0.021549567580223083,ENGINEER_REVIEW,Class is review-only or confidence does not meet its production auto-accept threshold.,False,,,0.002279744017869234,0.9948304439894855,True,0.7762330770492554,Loc,0.9971101880073547,Center,0.002279744017869234,Normal,0.000536870735231787,5.407300781371305,0.000536870735231787,0.002279744017869234,4.048336904816097e-06,1.4103346984484233e-05,6.105551619839389e-10,0.9971101880073547,1.8620906899746714e-11,6.737691933267342e-07,5.4471162002300844e-05,28,28,607,141,0.23228995057660626,"{'source_height': 28, 'source_width': 28, 'resized_height': 96, 'resized_width': 96, 'padding_top': 0, 'padding_bottom': 0, 'padding_left': 0, 'padding_right': 0, 'scale': 3.4285714285714284}",GREEN,False,ENGINEER_REVIEW,False,All immediate drift features are within limits.,0.009807630864182513,0.9948304439894855,2
record_000070488:0,artifacts/input_files/record_000070488.npy,0,3,Edge-Loc,True,0.9973868727684021,0.020051728934049606,ENGINEER_REVIEW,Class is review-only or confidence does not meet its production auto-accept threshold.,False,,,0.0016916673630475998,0.9956952054053545,True,0.7762330770492554,Edge-Loc,0.9973868727684021,Loc,0.0016916673630475998,Edge-Ring,0.0008811595616862178,5.407300781371305,2.1902367734583095e-05,1.731937402382755e-07,3.766453460229968e-08,0.9973868727684021,0.0008811595616862178,0.0016916673630475998,3.2039901043390273e-07,2.670774847501889e-06,1.5337387594627216e-05,33,33,846,182,0.21513002364066194,"{'source_height': 33, 'source_width': 33, 'resized_height': 96, 'resized_width': 96, 'padding_top': 0, 'padding_bottom': 0, 'padding_left': 0, 'padding_right': 0, 'scale': 2.909090909090909}",GREEN,False,ENGINEER_REVIEW,False,All immediate drift features are within limits.,0.009125935118730145,0.9956952054053545,2
record_000165613:0,artifacts/input_files/record_000165613.npy,0,3,Edge-Loc,True,0.9974097609519958,0.01834506168961525,ENGINEER_REVIEW,Class is review-only or confidence does not meet its production auto-accept threshold.,False,,,0.002531275153160095,0.9948784857988358,True,0.7762330770492554,Edge-Loc,0.9974097609519958,Edge-Ring,0.002531275153160095,Loc,3.37477758876048e-05,5.407300781371305,2.2571821318706498e-05,3.668954584590267e-10,1.273093609699405e-11,0.9974097609519958,0.002531275153160095,3.37477758876048e-05,6.181691603046602e-09,1.0607835498888107e-08,2.6734992388810497e-06,26,26,533,94,0.17636022514071295,"{'source_height': 26, 'source_width': 26, 'resized_height': 96, 'resized_width': 96, 'padding_top': 0, 'padding_bottom': 0, 'padding_left': 0, 'padding_right': 0, 'scale': 3.6923076923076925}",GREEN,False,ENGINEER_REVIEW,False,All immediate drift features are within limits.,0.008349197382388504,0.9948784857988358,2
record_000589015:0,artifacts/input_files/record_000589015.npy,0,1,Center,True,0.9977116584777832,0.017908357083797455,ENGINEER_REVIEW,Class is review-only or confidence does not meet its production auto-accept threshold.,False,,,0.0018227985128760338,0.9958888599649072,True,0.7762330770492554,Center,0.9977116584777832,Loc,0.0018227985128760338,Normal,0.00019913293363060802,0.03506835855660029,0.00019913293363060802,0.9977116584777832,3.0223517910599185e-07,9.382094140164554e-05,6.001477004247135e-07,0.0018227985128760338,6.060785295858295e-08,0.00015456810069736093,1.7136682799900882e-05,25,27,515,154,0.29902912621359223,"{'source_height': 25, 'source_width': 27, 'resized_height': 89, 'resized_width': 96, 'padding_top': 3, 'padding_bottom': 4, 'padding_left': 0, 'padding_right': 0, 'scale': 3.5555555555555554}",GREEN,False,ENGINEER_REVIEW,False,All immediate drift features are within limits.,0.00815044455105652,0.9958888599649072,2
record_000628008:0,artifacts/input_files/record_000628008.npy,0,1,Center,True,0.9983893632888794,0.012076915241777897,ENGINEER_REVIEW,Class is review-only or confidence does not meet its production auto-accept threshold.,False,,,0.0015945857157930732,0.9967947775730863,True,0.7762330770492554,Center,0.9983893632888794,Loc,0.0015945857157930732,Normal,7.780904525134247e-06,0.03506835855660029,7.780904525134247e-06,0.9983893632888794,5.439123356154596e-07,3.721743951246026e-06,1.9057861955218414e-09,0.0015945857157930732,1.084426992647991e-09,3.846995696221711e-06,1.7302063781698962e-07,31,31,733,223,0.3042291950886767,"{'source_height': 31, 'source_width': 31, 'resized_height': 96, 'resized_width': 96, 'padding_top': 0, 'padding_bottom': 0, 'padding_left': 0, 'padding_right': 0, 'scale': 3.096774193548387}",GREEN,False,ENGINEER_REVIEW,False,All immediate drift features are within limits.,0.005496440994856889,0.9967947775730863,2
record_000745769:0,artifacts/input_files/record_000745769.npy,0,1,Center,True,0.9984328150749207,0.011875850148499012,ENGINEER_REVIEW,Class is review-only or confidence does not meet its production auto-accept threshold.,False,,,0.0015293228207156062,0.996903492254205,True,0.7762330770492554,Center,0.9984328150749207,Loc,0.0015293228207156062,Normal,3.5486187698552385e-05,0.009596358722774312,3.5486187698552385e-05,0.9984328150749207,4.680364895648381e-08,1.518079898232827e-06,1.7177147204616716e-10,0.0015293228207156062,3.1169698766486675e-11,4.478534378904442e-07,2.722463250393048e-07,27,25,518,125,0.2413127413127413,"{'source_height': 27, 'source_width': 25, 'resized_height': 96, 'resized_width': 89, 'padding_top': 0, 'padding_bottom': 0, 'padding_left': 3, 'padding_right': 4, 'scale': 3.5555555555555554}",GREEN,False,ENGINEER_REVIEW,False,All immediate drift features are within limits.,0.005404932327352976,0.996903492254205,2
record_000329411:0,artifacts/input_files/record_000329411.npy,0,4,Edge-Ring,True,0.9985059499740601,0.012173320166766644,ENGINEER_REVIEW,Class is review-only or confidence does not meet its production auto-accept threshold.,False,,,0.001053209649398923,0.9974527403246611,True,0.7762330770492554,Edge-Ring,0.9985059499740601,Normal,0.001053209649398923,Edge-Loc,0.0004304837202653289,0.03506835855660029,0.001053209649398923,4.170562917238385e-08,1.9293149300381174e-09,0.0004304837202653289,0.9985059499740601,3.674078925541835e-07,8.04936828302516e-09,2.6751700943350443e-07,9.776482329471037e-06,107,150,12662,485,0.03830358553151161,"{'source_height': 107, 'source_width': 150, 'resized_height': 68, 'resized_width': 96, 'padding_top': 14, 'padding_bottom': 14, 'padding_left': 0, 'padding_right': 0, 'scale': 0.64}",GREEN,False,ENGINEER_REVIEW,False,All immediate drift features are within limits.,0.005540316767039276,0.9974527403246611,2
record_000329433:0,artifacts/input_files/record_000329433.npy,0,4,Edge-Ring,True,0.9989243149757385,0.009157196618616581,ENGINEER_REVIEW,Class is review-only or confidence does not meet its production auto-accept threshold.,False,,,0.0006973645067773759,0.9982269504689611,True,0.7762330770492554,Edge-Ring,0.9989243149757385,Normal,0.0006973645067773759,Edge-Loc,0.00037220536614768207,0.03506835855660029,0.0006973645067773759,1.7461813328623066e-08,8.648409766109921e-10,0.00037220536614768207,0.9989243149757385,1.8762159470497863e-07,4.788970109359525e-09,1.6043227901718637e-07,5.689237241313094e-06,107,150,12662,489,0.038619491391565314,"{'source_height': 107, 'source_width': 150, 'resized_height': 68, 'resized_width': 96, 'padding_top': 14, 'padding_bottom': 14, 'padding_left': 0, 'padding_right': 0, 'scale': 0.64}",GREEN,False,ENGINEER_REVIEW,False,All immediate drift features are within limits.,0.0041676197840997235,0.9982269504689611,2
record_000019377:0,artifacts/input_files/record_000019377.npy,0,7,Random,True,0.9990917444229126,0.007844917476177216,ENGINEER_REVIEW,Class is review-only or confidence does not meet its production auto-accept threshold.,False,,,0.000614331744145602,0.998477412678767,True,0.7762330770492554,Random,0.9990917444229126,Edge-Loc,0.000614331744145602,Near-full,0.0002934813965111971,5.407300781371305,1.212655380681109e-16,2.97346097806554e-19,3.4008493798864947e-07,0.000614331744145602,1.2263917881227826e-07,1.2546409224045707e-12,0.0002934813965111971,0.9990917444229126,1.0681831912661495e-15,41,41,1349,779,0.5774647887323944,"{'source_height': 41, 'source_width': 41, 'resized_height': 96, 'resized_width': 96, 'padding_top': 0, 'padding_bottom': 0, 'padding_left': 0, 'padding_right': 0, 'scale': 2.341463414634146}",GREEN,False,ENGINEER_REVIEW,False,All immediate drift features are within limits.,0.0035703758082334548,0.998477412678767,2
record_000107460:0,artifacts/input_files/record_000107460.npy,0,8,Scratch,True,0.9992208480834961,0.007207823917269707,ENGINEER_REVIEW,Class is review-only or confidence does not meet its production auto-accept threshold.,False,,,0.00033835359499789774,0.9988824944884982,True,0.7762330770492554,Scratch,0.9992208480834961,Donut,0.00033835359499789774,Loc,0.0003154719597660005,5.407300781371305,0.00011246525536989793,3.953911118514952e-07,0.00033835359499789774,3.5953717087977566e-06,2.667861053851084e-06,0.0003154719597660005,1.721709390724649e-13,6.179622232593829e-06,0.9992208480834961,35,31,845,174,0.20591715976331362,"{'source_height': 35, 'source_width': 31, 'resized_height': 96, 'resized_width': 85, 'padding_top': 0, 'padding_bottom': 0, 'padding_left': 5, 'padding_right': 6, 'scale': 2.742857142857143}",GREEN,False,ENGINEER_REVIEW,False,All immediate drift features are within limits.,0.0032804220340589994,0.9988824944884982,2
record_000590516:0,artifacts/input_files/record_000590516.npy,0,1,Center,True,0.9995641112327576,0.003843418788164854,ENGINEER_REVIEW,Class is review-only or confidence does not meet its production auto-accept threshold.,False,,,0.00042933045187965035,0.9991347807808779,True,0.7762330770492554,Center,0.9995641112327576,Loc,0.00042933045187965035,Normal,6.400061920430744e-06,0.03506835855660029,6.400061920430744e-06,0.9995641112327576,7.360123177591049e-09,5.3958977730417246e-08,3.5800054327267405e-12,0.00042933045187965035,9.694130264151224e-13,6.40890007730377e-08,1.454179354709595e-08,25,27,515,161,0.312621359223301,"{'source_height': 25, 'source_width': 27, 'resized_height': 89, 'resized_width': 96, 'padding_top': 3, 'padding_bottom': 4, 'padding_left': 0, 'padding_right': 0, 'scale': 3.5555555555555554}",GREEN,False,ENGINEER_REVIEW,False,All immediate drift features are within limits.,0.0017492152726711165,0.9991347807808779,2
record_000279983:0,artifacts/input_files/record_000279983.npy,0,2,Donut,True,0.9995747208595276,0.0040362742729485035,ENGINEER_REVIEW,Class is review-only or confidence does not meet its production auto-accept threshold.,False,,,0.0002802290837280452,0.9992944917757995,True,0.7762330770492554,Donut,0.9995747208595276,Loc,0.0002802290837280452,Center,0.00013465558004099876,0.03506835855660029,3.0808031906831568e-12,0.00013465558004099876,0.9995747208595276,1.0751449508244679e-13,2.2415079205304853e-17,0.0002802290837280452,2.3726034744748294e-17,1.0337134881410748e-05,6.478512171170792e-10,41,42,1334,305,0.22863568215892055,"{'source_height': 41, 'source_width': 42, 'resized_height': 94, 'resized_width': 96, 'padding_top': 1, 'padding_bottom': 1, 'padding_left': 0, 'padding_right': 0, 'scale': 2.2857142857142856}",GREEN,False,ENGINEER_REVIEW,False,All immediate drift features are within limits.,0.001836987586331223,0.9992944917757995,2
record_000589925:0,artifacts/input_files/record_000589925.npy,0,1,Center,True,0.9997748732566833,0.0021865377202630043,ENGINEER_REVIEW,Class is review-only or confidence does not meet its production auto-accept threshold.,False,,,0.00020702916663140059,0.999567844090052,True,0.7762330770492554,Center,0.9997748732566833,Loc,0.00020702916663140059,Normal,1.645898555580061e-05,0.03506835855660029,1.645898555580061e-05,0.9997748732566833,2.0402540767960886e-10,1.654283664720424e-06,1.6017710768867488e-10,0.00020702916663140059,4.67114541491398e-12,7.07104774733125e-08,4.7168867922664504e-08,25,27,515,117,0.22718446601941747,"{'source_height': 25, 'source_width': 27, 'resized_height': 89, 'resized_width': 96, 'padding_top': 3, 'padding_bottom': 4, 'padding_left': 0, 'padding_right': 0, 'scale': 3.5555555555555554}",GREEN,False,ENGINEER_REVIEW,False,All immediate drift features are within limits.,0.0009951362017413025,0.999567844090052,2
record_000586711:0,artifacts/input_files/record_000586711.npy,0,1,Center,True,0.9997994303703308,0.001930341124534607,ENGINEER_REVIEW,Class is review-only or confidence does not meet its production auto-accept threshold.,False,,,0.00019609631272032857,0.9996033340576105,True,0.7762330770492554,Center,0.9997994303703308,Loc,0.00019609631272032857,Normal,4.417353920871392e-06,0.03506835855660029,4.417353920871392e-06,0.9997994303703308,2.4043178559196576e-10,5.666409208515688e-08,1.2902159809285996e-12,0.00019609631272032857,1.0152429163199153e-13,1.1561806623205939e-08,5.705699024360911e-09,25,27,515,148,0.287378640776699,"{'source_height': 25, 'source_width': 27, 'resized_height': 89, 'resized_width': 96, 'padding_top': 3, 'padding_bottom': 4, 'padding_left': 0, 'padding_right': 0, 'scale': 3.5555555555555554}",GREEN,False,ENGINEER_REVIEW,False,All immediate drift features are within limits.,0.0008785361061611801,0.9996033340576105,2
record_000590163:0,artifacts/input_files/record_000590163.npy,0,1,Center,True,0.9998096823692322,0.0019000802421942353,ENGINEER_REVIEW,Class is review-only or confidence does not meet its production auto-accept threshold.,False,,,0.00016532515292055905,0.9996443572163116,True,0.7762330770492554,Center,0.9998096823692322,Loc,0.00016532515292055905,Normal,2.4036242393776774e-05,0.03506835855660029,2.4036242393776774e-05,0.9998096823692322,6.187527712420149e-10,8.287914283755526e-07,1.2887647893311538e-10,0.00016532515292055905,5.446738112618865e-12,1.199490498038358e-07,6.105284455770743e-08,25,27,515,148,0.287378640776699,"{'source_height': 25, 'source_width': 27, 'resized_height': 89, 'resized_width': 96, 'padding_top': 3, 'padding_bottom': 4, 'padding_left': 0, 'padding_right': 0, 'scale': 3.5555555555555554}",GREEN,False,ENGINEER_REVIEW,False,All immediate drift features are within limits.,0.0008647637850919072,0.9996443572163116,2
record_000007920:0,artifacts/input_files/record_000007920.npy,0,3,Edge-Loc,True,0.9999297857284546,0.0007502009393647313,ENGINEER_REVIEW,Class is review-only or confidence does not meet its production auto-accept threshold.,False,,,6.847777694929391e-05,0.9998613079515053,True,0.7762330770492554,Edge-Loc,0.9999297857284546,Edge-Ring,6.847777694929391e-05,Random,1.0816839903782238e-06,5.407300781371305,7.874814488646395e-15,1.888550164912345e-15,3.98126059897308e-10,0.9999297857284546,6.847777694929391e-05,5.559260785048536e-07,2.763749584744346e-08,1.0816839903782238e-06,1.686197026191244e-13,29,29,635,247,0.3889763779527559,"{'source_height': 29, 'source_width': 29, 'resized_height': 96, 'resized_width': 96, 'padding_top': 0, 'padding_bottom': 0, 'padding_left': 0, 'padding_right': 0, 'scale': 3.310344827586207}",GREEN,False,ENGINEER_REVIEW,False,All immediate drift features are within limits.,0.0003414311614310399,0.9998613079515053,2
record_000586544:0,artifacts/input_files/record_000586544.npy,0,1,Center,True,0.9999465942382812,0.0006122781778685749,ENGINEER_REVIEW,Class is review-only or confidence does not meet its production auto-accept threshold.,False,,,4.284938404452987e-05,0.9999037448542367,True,0.7762330770492554,Center,0.9999465942382812,Loc,4.284938404452987e-05,Normal,8.272973900602665e-06,0.03506835855660029,8.272973900602665e-06,0.9999465942382812,1.1088593376840095e-09,4.79916366202815e-07,2.6491291382768622e-09,4.284938404452987e-05,7.415020680801021e-11,1.7309884015048738e-06,6.42244089021915e-08,25,27,515,159,0.3087378640776699,"{'source_height': 25, 'source_width': 27, 'resized_height': 89, 'resized_width': 96, 'padding_top': 3, 'padding_bottom': 4, 'padding_left': 0, 'padding_right': 0, 'scale': 3.5555555555555554}",GREEN,False,ENGINEER_REVIEW,False,All immediate drift features are within limits.,0.00027865980755179036,0.9999037448542367,2
record_000524345:0,artifacts/input_files/record_000524345.npy,0,1,Center,True,0.999962568283081,0.00042716701864264905,ENGINEER_REVIEW,Class is review-only or confidence does not meet its production auto-accept threshold.,False,,,3.543252751114778e-05,0.9999271357555699,True,0.7762330770492554,Center,0.999962568283081,Loc,3.543252751114778e-05,Normal,2.0069130641786614e-06,0.03506835855660029,2.0069130641786614e-06,0.999962568283081,8.02207952843581e-12,1.3170105006565791e-08,1.834215423860211e-13,3.543252751114778e-05,6.212466166364205e-15,1.9543047180548e-09,1.0020066998350785e-09,25,27,515,142,0.2757281553398058,"{'source_height': 25, 'source_width': 27, 'resized_height': 89, 'resized_width': 96, 'padding_top': 3, 'padding_bottom': 4, 'padding_left': 0, 'padding_right': 0, 'scale': 3.5555555555555554}",GREEN,False,ENGINEER_REVIEW,False,All immediate drift features are within limits.,0.00019441208834488832,0.9999271357555699,2
record_000411751:0,artifacts/input_files/record_000411751.npy,0,4,Edge-Ring,True,0.9999771118164062,0.0002812408492900431,ENGINEER_REVIEW,Class is review-only or confidence does not meet its production auto-accept threshold.,False,,,1.5444340533576906e-05,0.9999616674758727,True,0.7762330770492554,Edge-Ring,0.9999771118164062,Normal,1.5444340533576906e-05,Edge-Loc,7.378119335044175e-06,0.03506835855660029,1.5444340533576906e-05,1.595798796924508e-12,2.2392180611899987e-13,7.378119335044175e-06,0.9999771118164062,9.224266316054663e-12,4.282784196729672e-11,1.0633025571138432e-09,2.3079467226239103e-09,107,150,12662,923,0.0728952772073922,"{'source_height': 107, 'source_width': 150, 'resized_height': 68, 'resized_width': 96, 'padding_top': 14, 'padding_bottom': 14, 'padding_left': 0, 'padding_right': 0, 'scale': 0.64}",GREEN,False,ENGINEER_REVIEW,False,All immediate drift features are within limits.,0.00012799822657682188,0.9999616674758727,2
record_000588301:0,artifacts/input_files/record_000588301.npy,0,1,Center,True,0.9999874830245972,0.00016249025065917522,ENGINEER_REVIEW,Class is review-only or confidence does not meet its production auto-accept threshold.,False,,,8.061723747232463e-06,0.9999794213008499,True,0.7762330770492554,Center,0.9999874830245972,Loc,8.061723747232463e-06,Normal,3.8999642129056156e-06,0.03506835855660029,3.8999642129056156e-06,0.9999874830245972,1.7271612959279814e-11,3.5813022236652614e-07,4.669444275684498e-10,8.061723747232463e-06,2.758273861050431e-12,8.310359334018358e-08,9.140501688875702e-09,25,27,515,153,0.2970873786407767,"{'source_height': 25, 'source_width': 27, 'resized_height': 89, 'resized_width': 96, 'padding_top': 3, 'padding_bottom': 4, 'padding_left': 0, 'padding_right': 0, 'scale': 3.5555555555555554}",GREEN,False,ENGINEER_REVIEW,False,All immediate drift features are within limits.,7.39525000472043e-05,0.9999794213008499,2
record_000021190:0,artifacts/input_files/record_000021190.npy,0,4,Edge-Ring,True,0.99998939037323,0.00013258856779430062,ENGINEER_REVIEW,Class is review-only or confidence does not meet its production auto-accept threshold.,False,,,1.0653041499608662e-05,0.9999787373317304,True,0.7762330770492554,Edge-Ring,0.99998939037323,Edge-Loc,1.0653041499608662e-05,Normal,1.6725995588551257e-10,5.407300781371305,1.6725995588551257e-10,7.748932961678451e-22,4.625623453705853e-19,1.0653041499608662e-05,0.99998939037323,6.936920664555983e-19,3.65203041419182e-11,1.9806272941180758e-11,2.3546954774341993e-16,38,36,1075,271,0.25209302325581395,"{'source_height': 38, 'source_width': 36, 'resized_height': 96, 'resized_width': 91, 'padding_top': 0, 'padding_bottom': 0, 'padding_left': 2, 'padding_right': 3, 'scale': 2.526315789473684}",GREEN,False,ENGINEER_REVIEW,False,All immediate drift features are within limits.,6.034365770432209e-05,0.9999787373317304,2
record_000411731:0,artifacts/input_files/record_000411731.npy,0,4,Edge-Ring,True,0.9999899864196777,0.00013189378660172224,ENGINEER_REVIEW,Class is review-only or confidence does not meet its production auto-accept threshold.,False,,,5.992304977553431e-06,0.9999839941147002,True,0.7762330770492554,Edge-Ring,0.9999899864196777,Normal,5.992304977553431e-06,Edge-Loc,4.0046156755124684e-06,0.03506835855660029,5.992304977553431e-06,4.764570899276621e-13,1.9745271769618794e-13,4.0046156755124684e-06,0.9999899864196777,4.173821878394879e-12,2.241565266736245e-11,8.498834414005785e-10,1.7090261428265308e-09,107,150,12662,653,0.05157163165376718,"{'source_height': 107, 'source_width': 150, 'resized_height': 68, 'resized_width': 96, 'padding_top': 14, 'padding_bottom': 14, 'padding_left': 0, 'padding_right': 0, 'scale': 0.64}",GREEN,False,ENGINEER_REVIEW,False,All immediate drift features are within limits.,6.0027449156618386e-05,0.9999839941147002,2
record_000411733:0,artifacts/input_files/record_000411733.npy,0,4,Edge-Ring,True,0.999992847442627,9.639989730203524e-05,ENGINEER_REVIEW,Class is review-only or confidence does not meet its production auto-accept threshold.,False,,,3.6714757243316853e-06,0.9999891759669026,True,0.7762330770492554,Edge-Ring,0.999992847442627,Normal,3.6714757243316853e-06,Edge-Loc,3.439516376602114e-06,0.03506835855660029,3.6714757243316853e-06,1.940908507047992e-13,8.998764868027934e-14,3.439516376602114e-06,0.999992847442627,1.491059120790894e-12,1.7602889632040153e-11,5.731146113241437e-10,7.970518689504047e-10,107,150,12662,776,0.061285736850418576,"{'source_height': 107, 'source_width': 150, 'resized_height': 68, 'resized_width': 96, 'padding_top': 14, 'padding_bottom': 14, 'padding_left': 0, 'padding_right': 0, 'scale': 0.64}",GREEN,False,ENGINEER_REVIEW,False,All immediate drift features are within limits.,4.387348398355555e-05,0.9999891759669026,2
record_000300286:0,artifacts/input_files/record_000300286.npy,0,4,Edge-Ring,True,0.9999955892562866,5.8877558331005275e-05,ENGINEER_REVIEW,Class is review-only or confidence does not meet its production auto-accept threshold.,False,,,4.410176188685e-06,0.9999911790800979,True,0.7762330770492554,Edge-Ring,0.9999955892562866,Edge-Loc,4.410176188685e-06,Normal,3.944441662184772e-09,0.03506835855660029,3.944441662184772e-09,9.85012773885163e-19,1.8709613140043728e-16,4.410176188685e-06,0.9999955892562866,2.616158401686045e-16,3.1358551172422366e-11,2.3023559447832298e-10,1.717613817018085e-13,46,46,1658,239,0.14414957780458384,"{'source_height': 46, 'source_width': 46, 'resized_height': 96, 'resized_width': 96, 'padding_top': 0, 'padding_bottom': 0, 'padding_left': 0, 'padding_right': 0, 'scale': 2.0869565217391304}",GREEN,False,ENGINEER_REVIEW,False,All immediate drift features are within limits.,2.679633158044537e-05,0.9999911790800979,2
record_000639390:0,artifacts/input_files/record_000639390.npy,0,2,Donut,True,0.9999963045120239,5.13281520397868e-05,ENGINEER_REVIEW,Class is review-only or confidence does not meet its production auto-accept threshold.,False,,,3.2528794235986425e-06,0.9999930516326003,True,0.7762330770492554,Donut,0.9999963045120239,Loc,3.2528794235986425e-06,Random,3.8016432313270343e-07,0.03506835855660029,4.839415170953144e-15,5.000085678830146e-08,0.9999963045120239,2.642771382795387e-16,2.114767207554943e-20,3.2528794235986425e-06,1.4815901161265238e-23,3.8016432313270343e-07,3.538212611786662e-09,54,42,1769,581,0.32843414358394574,"{'source_height': 54, 'source_width': 42, 'resized_height': 96, 'resized_width': 75, 'padding_top': 0, 'padding_bottom': 0, 'padding_left': 10, 'padding_right': 11, 'scale': 1.7777777777777777}",GREEN,False,ENGINEER_REVIEW,False,All immediate drift features are within limits.,2.336044870844013e-05,0.9999930516326003,2
record_000021185:0,artifacts/input_files/record_000021185.npy,0,4,Edge-Ring,True,0.9999972581863403,3.7436519050970674e-05,ENGINEER_REVIEW,Class is review-only or confidence does not meet its production auto-accept threshold.,False,,,2.7052733457821887e-06,0.9999945529129945,True,0.7762330770492554,Edge-Ring,0.9999972581863403,Edge-Loc,2.7052733457821887e-06,Normal,3.308360807530164e-10,5.407300781371305,3.308360807530164e-10,4.633145562777772e-20,1.2942295338673123e-17,2.7052733457821887e-06,0.9999972581863403,1.454163974726251e-18,1.0176227221991851e-10,1.1313989328742835e-10,7.145159132057859e-16,38,36,1075,246,0.2288372093023256,"{'source_height': 38, 'source_width': 36, 'resized_height': 96, 'resized_width': 91, 'padding_top': 0, 'padding_bottom': 0, 'padding_left': 2, 'padding_right': 3, 'scale': 2.526315789473684}",GREEN,False,ENGINEER_REVIEW,False,All immediate drift features are within limits.,1.7038094074278205e-05,0.9999945529129945,2
record_000411734:0,artifacts/input_files/record_000411734.npy,0,4,Edge-Ring,True,0.9999972581863403,3.985105286119506e-05,ENGINEER_REVIEW,Class is review-only or confidence does not meet its production auto-accept threshold.,False,,,1.7040626971720485e-06,0.9999955541236432,True,0.7762330770492554,Edge-Ring,0.9999972581863403,Normal,1.7040626971720485e-06,Edge-Loc,1.0507720844543655e-06,0.03506835855660029,1.7040626971720485e-06,6.617570261300415e-14,2.866311382037148e-14,1.0507720844543655e-06,0.9999972581863403,3.2277815403131127e-13,5.455288130951086e-12,2.314132357961185e-10,2.1401491689942986e-10,107,150,12662,729,0.05757384299478755,"{'source_height': 107, 'source_width': 150, 'resized_height': 68, 'resized_width': 96, 'padding_top': 14, 'padding_bottom': 14, 'padding_left': 0, 'padding_right': 0, 'scale': 0.64}",GREEN,False,ENGINEER_REVIEW,False,All immediate drift features are within limits.,1.8136995768319702e-05,0.9999955541236432,2
record_000239457:0,artifacts/input_files/record_000239457.npy,0,4,Edge-Ring,True,0.9999982118606567,2.5252260456909426e-05,ENGINEER_REVIEW,Class is review-only or confidence does not meet its production auto-accept threshold.,False,,,1.7713315401124419e-06,0.9999964405291166,True,0.7762330770492554,Edge-Ring,0.9999982118606567,Edge-Loc,1.7713315401124419e-06,Normal,1.0942045186590477e-10,5.407300781371305,1.0942045186590477e-10,4.1799080212213224e-21,5.419868939591893e-18,1.7713315401124419e-06,0.9999982118606567,5.777919134216723e-19,4.103674344779762e-11,5.937546981860109e-11,1.0378006488437298e-15,55,48,2085,451,0.21630695443645084,"{'source_height': 55, 'source_width': 48, 'resized_height': 96, 'resized_width': 84, 'padding_top': 0, 'padding_bottom': 0, 'padding_left': 6, 'padding_right': 6, 'scale': 1.7454545454545454}",GREEN,False,ENGINEER_REVIEW,False,All immediate drift features are within limits.,1.1492799014438351e-05,0.9999964405291166,2
record_000221265:0,artifacts/input_files/record_000221265.npy,0,4,Edge-Ring,True,0.9999983310699463,2.369569119764492e-05,ENGINEER_REVIEW,Class is review-only or confidence does not meet its production auto-accept threshold.,False,,,1.6418786117355921e-06,0.9999966891913346,True,0.7762330770492554,Edge-Ring,0.9999983310699463,Edge-Loc,1.6418786117355921e-06,Normal,8.387358363393105e-09,5.407300781371305,8.387358363393105e-09,5.0346503079404883e-20,6.8454005744025036e-18,1.6418786117355921e-06,0.9999983310699463,1.201698629005293e-17,1.1233981626890266e-11,4.678656767564959e-11,7.530039044828952e-15,38,36,1075,232,0.2158139534883721,"{'source_height': 38, 'source_width': 36, 'resized_height': 96, 'resized_width': 91, 'padding_top': 0, 'padding_bottom': 0, 'padding_left': 2, 'padding_right': 3, 'scale': 2.526315789473684}",GREEN,False,ENGINEER_REVIEW,False,All immediate drift features are within limits.,1.0784373815066335e-05,0.9999966891913346,2
record_000021411:0,artifacts/input_files/record_000021411.npy,0,4,Edge-Ring,True,0.9999985694885254,2.1197831301833503e-05,ENGINEER_REVIEW,Class is review-only or confidence does not meet its production auto-accept threshold.,False,,,1.4660539591204724e-06,0.9999971034345663,True,0.7762330770492554,Edge-Ring,0.9999985694885254,Edge-Loc,1.4660539591204724e-06,Normal,3.6991720797630023e-09,5.407300781371305,3.6991720797630023e-09,1.0300999075335908e-19,5.764076990448684e-18,1.4660539591204724e-06,0.9999985694885254,5.932275069024604e-18,2.5725640367957325e-11,5.743443567962636e-11,2.0009328022881512e-15,38,36,1075,212,0.1972093023255814,"{'source_height': 38, 'source_width': 36, 'resized_height': 96, 'resized_width': 91, 'padding_top': 0, 'padding_bottom': 0, 'padding_left': 2, 'padding_right': 3, 'scale': 2.526315789473684}",GREEN,False,ENGINEER_REVIEW,False,All immediate drift features are within limits.,9.647548785173547e-06,0.9999971034345663,2
record_000021400:0,artifacts/input_files/record_000021400.npy,0,4,Edge-Ring,True,0.9999985694885254,2.1109817680553533e-05,ENGINEER_REVIEW,Class is review-only or confidence does not meet its production auto-accept threshold.,False,,,1.4633803857577732e-06,0.9999971061081396,True,0.7762330770492554,Edge-Ring,0.9999985694885254,Edge-Loc,1.4633803857577732e-06,Normal,8.851517296903921e-10,5.407300781371305,8.851517296903921e-10,4.477636092293943e-21,7.531892550613711e-19,1.4633803857577732e-06,0.9999985694885254,1.3273911012269866e-18,7.366261246810613e-12,1.5753658794137593e-11,6.185632797869899e-16,38,36,1075,220,0.20465116279069767,"{'source_height': 38, 'source_width': 36, 'resized_height': 96, 'resized_width': 91, 'padding_top': 0, 'padding_bottom': 0, 'padding_left': 2, 'padding_right': 3, 'scale': 2.526315789473684}",GREEN,False,ENGINEER_REVIEW,False,All immediate drift features are within limits.,9.607492059890292e-06,0.9999971061081396,2
record_000385267:0,artifacts/input_files/record_000385267.npy,0,4,Edge-Ring,True,0.9999986886978149,1.883764343801886e-05,ENGINEER_REVIEW,Class is review-only or confidence does not meet its production auto-accept threshold.,False,,,1.2925191867907415e-06,0.9999973961786282,True,0.7762330770492554,Edge-Ring,0.9999986886978149,Edge-Loc,1.2925191867907415e-06,Normal,3.836422846070775e-11,0.03506835855660029,3.836422846070775e-11,9.162829566687203e-23,3.9187650500426715e-19,1.2925191867907415e-06,0.9999986886978149,1.3598695466476628e-19,1.5940171274944626e-12,4.134936316957383e-12,3.111733926899809e-15,38,36,1075,198,0.1841860465116279,"{'source_height': 38, 'source_width': 36, 'resized_height': 96, 'resized_width': 91, 'padding_top': 0, 'padding_bottom': 0, 'padding_left': 2, 'padding_right': 3, 'scale': 2.526315789473684}",GREEN,False,ENGINEER_REVIEW,False,All immediate drift features are within limits.,8.573380997247202e-06,0.9999973961786282,2
record_000221397:0,artifacts/input_files/record_000221397.npy,0,4,Edge-Ring,True,0.999998927116394,1.5881618310231715e-05,ENGINEER_REVIEW,Class is review-only or confidence does not meet its production auto-accept threshold.,False,,,1.0776051340144477e-06,0.99999784951126,True,0.7762330770492554,Edge-Ring,0.999998927116394,Edge-Loc,1.0776051340144477e-06,Normal,4.305828263384548e-11,5.407300781371305,4.305828263384548e-11,1.008196548615131e-21,5.778011158059869e-19,1.0776051340144477e-06,0.999998927116394,1.0194672116175606e-19,7.1936341432266016e-12,1.1492435475490836e-11,2.418626877314994e-16,38,36,1075,210,0.19534883720930232,"{'source_height': 38, 'source_width': 36, 'resized_height': 96, 'resized_width': 91, 'padding_top': 0, 'padding_bottom': 0, 'padding_left': 2, 'padding_right': 3, 'scale': 2.526315789473684}",GREEN,False,ENGINEER_REVIEW,False,All immediate drift features are within limits.,7.228035984143968e-06,0.99999784951126,2
record_000239545:0,artifacts/input_files/record_000239545.npy,0,4,Edge-Ring,True,0.9999992847442627,1.148218143498525e-05,ENGINEER_REVIEW,Class is review-only or confidence does not meet its production auto-accept threshold.,False,,,7.643167236892623e-07,0.999998520427539,True,0.7762330770492554,Edge-Ring,0.9999992847442627,Edge-Loc,7.643167236892623e-07,Normal,5.4432035268003887e-11,5.407300781371305,5.4432035268003887e-11,5.704464494157991e-21,2.3716292211493644e-17,7.643167236892623e-07,0.9999992847442627,1.9681596351035594e-18,2.271770445372301e-12,2.5198888115030016e-11,5.0290077413832e-14,48,52,1999,284,0.14207103551775888,"{'source_height': 48, 'source_width': 52, 'resized_height': 89, 'resized_width': 96, 'padding_top': 3, 'padding_bottom': 4, 'padding_left': 0, 'padding_right': 0, 'scale': 1.8461538461538463}",GREEN,False,ENGINEER_REVIEW,False,All immediate drift features are within limits.,5.225765974685002e-06,0.999998520427539,2
record_000294351:0,artifacts/input_files/record_000294351.npy,0,4,Edge-Ring,True,0.9999994039535522,8.874691047822125e-06,ENGINEER_REVIEW,Class is review-only or confidence does not meet its production auto-accept threshold.,False,,,5.622453613796097e-07,0.9999988417081909,True,0.7762330770492554,Edge-Ring,0.9999994039535522,Edge-Loc,5.622453613796097e-07,Normal,1.0147244822178436e-08,0.03506835855660029,1.0147244822178436e-08,7.747540345763875e-20,2.280016817639524e-17,5.622453613796097e-07,0.9999994039535522,8.213726796872723e-17,2.970465941363326e-13,1.107990608983922e-11,4.996637326983022e-13,53,52,2126,262,0.12323612417685795,"{'source_height': 53, 'source_width': 52, 'resized_height': 96, 'resized_width': 94, 'padding_top': 0, 'padding_bottom': 0, 'padding_left': 1, 'padding_right': 1, 'scale': 1.8113207547169812}",GREEN,False,ENGINEER_REVIEW,False,All immediate drift features are within limits.,4.0390459579608635e-06,0.9999988417081909,2
record_000021500:0,artifacts/input_files/record_000021500.npy,0,4,Edge-Ring,True,0.9999995231628418,7.660581104573794e-06,ENGINEER_REVIEW,Class is review-only or confidence does not meet its production auto-accept threshold.,False,,,4.945802061229188e-07,0.9999990285826357,True,0.7762330770492554,Edge-Ring,0.9999995231628418,Edge-Loc,4.945802061229188e-07,Normal,1.0530505634154252e-10,5.407300781371305,1.0530505634154252e-10,4.578509818837343e-22,1.555119714127123e-19,4.945802061229188e-07,0.9999995231628418,1.500916378044113e-19,1.1225399949854609e-12,3.734609409916656e-12,1.978580688071074e-16,38,36,1075,202,0.18790697674418605,"{'source_height': 38, 'source_width': 36, 'resized_height': 96, 'resized_width': 91, 'padding_top': 0, 'padding_bottom': 0, 'padding_left': 2, 'padding_right': 3, 'scale': 2.526315789473684}",GREEN,False,ENGINEER_REVIEW,False,All immediate drift features are within limits.,3.4864807100697067e-06,0.9999990285826357,2
record_000019491:0,artifacts/input_files/record_000019491.npy,0,4,Edge-Ring,True,0.9999995231628418,6.7063747337670065e-06,ENGINEER_REVIEW,Class is review-only or confidence does not meet its production auto-accept threshold.,False,,,4.244193121394346e-07,0.9999990987435297,True,0.7762330770492554,Edge-Ring,0.9999995231628418,Edge-Loc,4.244193121394346e-07,Normal,8.712629229190583e-11,5.407300781371305,8.712629229190583e-11,5.675570854228025e-23,7.832589376135958e-20,4.244193121394346e-07,0.9999995231628418,6.489482644601682e-20,5.89573745726768e-13,2.639732399681294e-12,2.5847522728864275e-16,38,36,1075,217,0.20186046511627906,"{'source_height': 38, 'source_width': 36, 'resized_height': 96, 'resized_width': 91, 'padding_top': 0, 'padding_bottom': 0, 'padding_left': 2, 'padding_right': 3, 'scale': 2.526315789473684}",GREEN,False,ENGINEER_REVIEW,False,All immediate drift features are within limits.,3.052202675566921e-06,0.9999990987435297,2
record_000021466:0,artifacts/input_files/record_000021466.npy,0,4,Edge-Ring,True,0.9999996423721313,6.100567588873673e-06,ENGINEER_REVIEW,Class is review-only or confidence does not meet its production auto-accept threshold.,False,,,3.8873284324836277e-07,0.9999992536392881,True,0.7762330770492554,Edge-Ring,0.9999996423721313,Edge-Loc,3.8873284324836277e-07,Normal,2.0852730653331264e-10,5.407300781371305,2.0852730653331264e-10,1.0916942316367328e-21,2.5826903101426798e-18,3.8873284324836277e-07,0.9999996423721313,5.531833935957963e-19,1.2347448367575065e-12,1.214010662831111e-11,5.456000099412703e-15,38,36,1075,194,0.18046511627906978,"{'source_height': 38, 'source_width': 36, 'resized_height': 96, 'resized_width': 91, 'padding_top': 0, 'padding_bottom': 0, 'padding_left': 2, 'padding_right': 3, 'scale': 2.526315789473684}",GREEN,False,ENGINEER_REVIEW,False,All immediate drift features are within limits.,2.7764879620405608e-06,0.9999992536392881,2
record_000221398:0,artifacts/input_files/record_000221398.npy,0,4,Edge-Ring,True,0.9999996423721313,5.4849888329044916e-06,ENGINEER_REVIEW,Class is review-only or confidence does not meet its production auto-accept threshold.,False,,,3.442209219883807e-07,0.9999992981512094,True,0.7762330770492554,Edge-Ring,0.9999996423721313,Edge-Loc,3.442209219883807e-07,Normal,1.9225097902531019e-10,5.407300781371305,1.9225097902531019e-10,1.387431293515222e-21,1.7431015748110504e-18,3.442209219883807e-07,0.9999996423721313,5.225221347339283e-19,7.608768758278484e-13,9.144487250756228e-12,3.720484224113739e-15,38,36,1075,196,0.18232558139534882,"{'source_height': 38, 'source_width': 36, 'resized_height': 96, 'resized_width': 91, 'padding_top': 0, 'padding_bottom': 0, 'padding_left': 2, 'padding_right': 3, 'scale': 2.526315789473684}",GREEN,False,ENGINEER_REVIEW,False,All immediate drift features are within limits.,2.4963259966599115e-06,0.9999992981512094,2
record_000221321:0,artifacts/input_files/record_000221321.npy,0,4,Edge-Ring,True,0.9999996423721313,5.1923766477557365e-06,ENGINEER_REVIEW,Class is review-only or confidence does not meet its production auto-accept threshold.,False,,,3.233998597806931e-07,0.9999993189722716,True,0.7762330770492554,Edge-Ring,0.9999996423721313,Edge-Loc,3.233998597806931e-07,Normal,6.518194317628456e-11,5.407300781371305,6.518194317628456e-11,1.9785436141066302e-23,2.882482742912071e-20,3.233998597806931e-07,0.9999996423721313,1.8379366752798672e-20,1.1348065499447446e-12,2.595374653038829e-12,2.856010471428779e-17,38,36,1075,243,0.22604651162790698,"{'source_height': 38, 'source_width': 36, 'resized_height': 96, 'resized_width': 91, 'padding_top': 0, 'padding_bottom': 0, 'padding_left': 2, 'padding_right': 3, 'scale': 2.526315789473684}",GREEN,False,ENGINEER_REVIEW,False,All immediate drift features are within limits.,2.363152452104216e-06,0.9999993189722716,2
record_000266103:0,artifacts/input_files/record_000266103.npy,0,4,Edge-Ring,True,0.9999997615814209,4.088442437932827e-06,ENGINEER_REVIEW,Class is review-only or confidence does not meet its production auto-accept threshold.,False,,,2.530317715354613e-07,0.9999995085496494,True,0.7762330770492554,Edge-Ring,0.9999997615814209,Edge-Loc,2.530317715354613e-07,Normal,2.726523729013053e-10,0.03506835855660029,2.726523729013053e-10,3.755895562344067e-21,1.6569727997360078e-17,2.530317715354613e-07,0.9999997615814209,3.55539143118818e-18,4.830390102662785e-13,1.5724676769024448e-11,9.702883705916057e-14,73,78,4479,593,0.13239562402321947,"{'source_height': 73, 'source_width': 78, 'resized_height': 90, 'resized_width': 96, 'padding_top': 3, 'padding_bottom': 3, 'padding_left': 0, 'padding_right': 0, 'scale': 1.2307692307692308}",GREEN,False,ENGINEER_REVIEW,False,All immediate drift features are within limits.,1.8607303414061587e-06,0.9999995085496494,2
record_000021521:0,artifacts/input_files/record_000021521.npy,0,4,Edge-Ring,True,0.9999997615814209,3.567829025996616e-06,ENGINEER_REVIEW,Class is review-only or confidence does not meet its production auto-accept threshold.,False,,,2.1649742620866164e-07,0.9999995450839947,True,0.7762330770492554,Edge-Ring,0.9999997615814209,Edge-Loc,2.1649742620866164e-07,Normal,3.0346566926020557e-10,5.407300781371305,3.0346566926020557e-10,1.4630067430773897e-21,1.4976975597867278e-18,2.1649742620866164e-07,0.9999997615814209,2.872550113212899e-19,9.941326191073574e-13,1.2743464269937554e-11,1.492982390412798e-15,38,36,1075,205,0.19069767441860466,"{'source_height': 38, 'source_width': 36, 'resized_height': 96, 'resized_width': 91, 'padding_top': 0, 'padding_bottom': 0, 'padding_left': 2, 'padding_right': 3, 'scale': 2.526315789473684}",GREEN,False,ENGINEER_REVIEW,False,All immediate drift features are within limits.,1.623788966679971e-06,0.9999995450839947,2
record_000109210:0,artifacts/input_files/record_000109210.npy,0,4,Edge-Ring,True,0.9999997615814209,3.40663677889097e-06,ENGINEER_REVIEW,Class is review-only or confidence does not meet its production auto-accept threshold.,False,,,1.950329533428885e-07,0.9999995665484676,True,0.7762330770492554,Edge-Ring,0.9999997615814209,Edge-Loc,1.950329533428885e-07,Normal,8.315880428710898e-09,5.407300781371305,8.315880428710898e-09,7.597633893019099e-20,2.0992400516426937e-18,1.950329533428885e-07,0.9999997615814209,6.011421777985209e-18,1.385979818326749e-13,3.1757194530329658e-12,2.404978444853472e-14,41,41,1291,179,0.1386522075910147,"{'source_height': 41, 'source_width': 41, 'resized_height': 96, 'resized_width': 96, 'padding_top': 0, 'padding_bottom': 0, 'padding_left': 0, 'padding_right': 0, 'scale': 2.341463414634146}",GREEN,False,ENGINEER_REVIEW,False,All immediate drift features are within limits.,1.5504272135081284e-06,0.9999995665484676,2
record_000294483:0,artifacts/input_files/record_000294483.npy,0,4,Edge-Ring,True,0.9999998807907104,3.0888236324244644e-06,ENGINEER_REVIEW,Class is review-only or confidence does not meet its production auto-accept threshold.,False,,,1.779846030558474e-07,0.9999997028061074,True,0.7762330770492554,Edge-Ring,0.9999998807907104,Edge-Loc,1.779846030558474e-07,Normal,1.109519764952438e-08,0.03506835855660029,1.109519764952438e-08,1.0332773150615601e-19,3.51598165167401e-18,1.779846030558474e-07,0.9999998807907104,1.8447743970849446e-17,9.599578212416207e-14,3.3302399466556e-12,4.641291284678342e-14,53,52,2126,263,0.12370649106302917,"{'source_height': 53, 'source_width': 52, 'resized_height': 96, 'resized_width': 94, 'padding_top': 0, 'padding_bottom': 0, 'padding_left': 1, 'padding_right': 1, 'scale': 1.8113207547169812}",GREEN,False,ENGINEER_REVIEW,False,All immediate drift features are within limits.,1.4057842171823715e-06,0.9999997028061074,2
record_000385273:0,artifacts/input_files/record_000385273.npy,0,4,Edge-Ring,True,0.9999998807907104,2.669989498826908e-06,ENGINEER_REVIEW,Class is review-only or confidence does not meet its production auto-accept threshold.,False,,,1.629101689104573e-07,0.9999997178805415,True,0.7762330770492554,Edge-Ring,0.9999998807907104,Edge-Loc,1.629101689104573e-07,Normal,1.9118107097426673e-10,0.03506835855660029,1.9118107097426673e-10,3.998507158902795e-23,1.4491003627571136e-19,1.629101689104573e-07,0.9999998807907104,1.8576460305197904e-19,1.577245414352904e-13,2.507174806307133e-12,1.1053504675960762e-15,38,36,1075,204,0.18976744186046512,"{'source_height': 38, 'source_width': 36, 'resized_height': 96, 'resized_width': 91, 'padding_top': 0, 'padding_bottom': 0, 'padding_left': 2, 'padding_right': 3, 'scale': 2.526315789473684}",GREEN,False,ENGINEER_REVIEW,False,All immediate drift features are within limits.,1.2151645882569908e-06,0.9999997178805415,2
record_000300268:0,artifacts/input_files/record_000300268.npy,0,4,Edge-Ring,True,0.9999998807907104,1.793831302165927e-06,ENGINEER_REVIEW,Class is review-only or confidence does not meet its production auto-accept threshold.,False,,,1.0251115156734159e-07,0.9999997782795589,True,0.7762330770492554,Edge-Ring,0.9999998807907104,Edge-Loc,1.0251115156734159e-07,Normal,1.1994863990949511e-09,0.03506835855660029,1.1994863990949511e-09,3.425918756491816e-21,2.4931759261794882e-18,1.0251115156734159e-07,0.9999998807907104,1.9781718292379012e-18,8.672859793616011e-14,3.906201750947247e-12,2.6850156687320374e-14,46,46,1658,220,0.13268998793727382,"{'source_height': 46, 'source_width': 46, 'resized_height': 96, 'resized_width': 96, 'padding_top': 0, 'padding_bottom': 0, 'padding_left': 0, 'padding_right': 0, 'scale': 2.0869565217391304}",GREEN,False,ENGINEER_REVIEW,False,All immediate drift features are within limits.,8.16407808591263e-07,0.9999997782795589,2
record_000221387:0,artifacts/input_files/record_000221387.npy,0,4,Edge-Ring,True,0.9999998807907104,1.7471072624175576e-06,ENGINEER_REVIEW,Class is review-only or confidence does not meet its production auto-accept threshold.,False,,,1.0102201031259028e-07,0.9999997797687001,True,0.7762330770492554,Edge-Ring,0.9999998807907104,Edge-Loc,1.0102201031259028e-07,Normal,1.9075555371395048e-11,5.407300781371305,1.9075555371395048e-11,7.148065877433893e-24,4.473529431358301e-20,1.0102201031259028e-07,0.9999998807907104,1.0014060137481493e-20,1.4554091438967465e-13,1.2310837028614574e-12,1.431772083875058e-16,38,36,1075,204,0.18976744186046512,"{'source_height': 38, 'source_width': 36, 'resized_height': 96, 'resized_width': 91, 'padding_top': 0, 'padding_bottom': 0, 'padding_left': 2, 'padding_right': 3, 'scale': 2.526315789473684}",GREEN,False,ENGINEER_REVIEW,False,All immediate drift features are within limits.,7.951427816885443e-07,0.9999997797687001,2
record_000294446:0,artifacts/input_files/record_000294446.npy,0,4,Edge-Ring,True,0.9999998807907104,1.4215954706742195e-06,ENGINEER_REVIEW,Class is review-only or confidence does not meet its production auto-accept threshold.,False,,,6.734100566063717e-08,0.9999998134497048,True,0.7762330770492554,Edge-Ring,0.9999998807907104,Edge-Loc,6.734100566063717e-08,Normal,1.0343499390330635e-08,0.03506835855660029,1.0343499390330635e-08,1.484698080418333e-20,1.1605888123865673e-19,6.734100566063717e-08,0.9999998807907104,2.968613286085673e-18,7.435172201769417e-15,3.079726415295553e-13,6.871925785031409e-15,53,52,2126,268,0.12605832549388524,"{'source_height': 53, 'source_width': 52, 'resized_height': 96, 'resized_width': 94, 'padding_top': 0, 'padding_bottom': 0, 'padding_left': 1, 'padding_right': 1, 'scale': 1.8113207547169812}",GREEN,False,ENGINEER_REVIEW,False,All immediate drift features are within limits.,6.469959809013582e-07,0.9999998134497048,2
record_000199748:0,artifacts/input_files/record_000199748.npy,0,4,Edge-Ring,True,0.9999998807907104,1.119846729125129e-06,ENGINEER_REVIEW,Class is review-only or confidence does not meet its production auto-accept threshold.,False,,,6.006948893855224e-08,0.9999998207212215,True,0.7762330770492554,Edge-Ring,0.9999998807907104,Edge-Loc,6.006948893855224e-08,Normal,6.9052603912656e-11,5.407300781371305,6.9052603912656e-11,5.855711975100674e-23,1.3887416396939727e-18,6.006948893855224e-08,0.9999998807907104,1.3394933739740968e-19,3.618635542579872e-14,2.330507531747572e-12,2.601637133536113e-14,63,62,3036,404,0.13306982872200263,"{'source_height': 63, 'source_width': 62, 'resized_height': 96, 'resized_width': 94, 'padding_top': 0, 'padding_bottom': 0, 'padding_left': 1, 'padding_right': 1, 'scale': 1.5238095238095237}",GREEN,False,ENGINEER_REVIEW,False,All immediate drift features are within limits.,5.096642103297254e-07,0.9999998207212215,2
record_000199752:0,artifacts/input_files/record_000199752.npy,0,4,Edge-Ring,True,1.0,9.063541597242875e-07,ENGINEER_REVIEW,Class is review-only or confidence does not meet its production auto-accept threshold.,False,,,5.3969021251987215e-08,0.9999999460309787,True,0.7762330770492554,Edge-Ring,1.0,Edge-Loc,5.3969021251987215e-08,Normal,1.3103332308084248e-10,5.407300781371305,1.3103332308084248e-10,1.3282008147172932e-22,1.5924432407388579e-18,5.3969021251987215e-08,1.0,2.170963693485036e-19,3.674373359827815e-14,2.6452878516131095e-12,2.639212362109261e-14,63,62,3036,400,0.13175230566534915,"{'source_height': 63, 'source_width': 62, 'resized_height': 96, 'resized_width': 94, 'padding_top': 0, 'padding_bottom': 0, 'padding_left': 1, 'padding_right': 1, 'scale': 1.5238095238095237}",GREEN,False,ENGINEER_REVIEW,False,All immediate drift features are within limits.,4.124995546987262e-07,0.9999999460309787,2
record_000350377:0,artifacts/input_files/record_000350377.npy,0,4,Edge-Ring,True,1.0,1.1271469020357472e-06,ENGINEER_REVIEW,Class is review-only or confidence does not meet its production auto-accept threshold.,False,,,4.8135724739495345e-08,0.9999999518642753,True,0.7762330770492554,Edge-Ring,1.0,Edge-Loc,4.8135724739495345e-08,Normal,1.7699465004739068e-08,0.03506835855660029,1.7699465004739068e-08,3.6362468755744695e-20,1.5714182741217147e-19,4.8135724739495345e-08,1.0,5.452082661367158e-18,3.831374389436483e-15,2.1178341740903106e-13,1.7306033383147727e-14,53,52,2126,258,0.1213546566321731,"{'source_height': 53, 'source_width': 52, 'resized_height': 96, 'resized_width': 94, 'padding_top': 0, 'padding_bottom': 0, 'padding_left': 1, 'padding_right': 1, 'scale': 1.8113207547169812}",GREEN,False,ENGINEER_REVIEW,False,All immediate drift features are within limits.,5.12986662201927e-07,0.9999999518642753,2
record_000199759:0,artifacts/input_files/record_000199759.npy,0,4,Edge-Ring,True,1.0,6.53500933367468e-07,ENGINEER_REVIEW,Class is review-only or confidence does not meet its production auto-accept threshold.,False,,,3.811133453268667e-08,0.9999999618886655,True,0.7762330770492554,Edge-Ring,1.0,Edge-Loc,3.811133453268667e-08,Normal,9.919574883721083e-11,5.407300781371305,9.919574883721083e-11,9.78905575224423e-23,4.580702893553278e-19,3.811133453268667e-08,1.0,9.553811997895587e-20,2.2387812632397586e-14,1.1401658697035577e-12,8.26427769669508e-15,63,62,3036,414,0.13636363636363635,"{'source_height': 63, 'source_width': 62, 'resized_height': 96, 'resized_width': 94, 'padding_top': 0, 'padding_bottom': 0, 'padding_left': 1, 'padding_right': 1, 'scale': 1.5238095238095237}",GREEN,False,ENGINEER_REVIEW,False,All immediate drift features are within limits.,2.9742109209416017e-07,0.9999999618886655,2
record_000109206:0,artifacts/input_files/record_000109206.npy,0,4,Edge-Ring,True,1.0,7.32878845610685e-07,ENGINEER_REVIEW,Class is review-only or confidence does not meet its production auto-accept threshold.,False,,,3.561702399679234e-08,0.999999964382976,True,0.7762330770492554,Edge-Ring,1.0,Edge-Loc,3.561702399679234e-08,Normal,6.462520740768696e-09,5.407300781371305,6.462520740768696e-09,7.826407331968118e-21,5.497899239068887e-20,3.561702399679234e-08,1.0,3.239987360224134e-19,1.252431386139681e-14,2.850335798550846e-13,1.447136732142659e-15,41,41,1291,202,0.15646785437645236,"{'source_height': 41, 'source_width': 41, 'resized_height': 96, 'resized_width': 96, 'padding_top': 0, 'padding_bottom': 0, 'padding_left': 0, 'padding_right': 0, 'scale': 2.341463414634146}",GREEN,False,ENGINEER_REVIEW,False,All immediate drift features are within limits.,3.335475368199196e-07,0.999999964382976,2
record_000200048:0,artifacts/input_files/record_000200048.npy,0,4,Edge-Ring,True,1.0,5.991516331960156e-07,ENGINEER_REVIEW,Class is review-only or confidence does not meet its production auto-accept threshold.,False,,,3.4430062356705093e-08,0.9999999655699376,True,0.7762330770492554,Edge-Ring,1.0,Edge-Loc,3.4430062356705093e-08,Normal,3.3449557013121023e-10,5.407300781371305,3.3449557013121023e-10,1.0235472517162035e-21,2.624273506716333e-18,3.4430062356705093e-08,1.0,4.6481723972040485e-19,1.9592320997454012e-14,2.142709837685275e-12,3.892699151301221e-14,63,62,3036,359,0.11824769433465086,"{'source_height': 63, 'source_width': 62, 'resized_height': 96, 'resized_width': 94, 'padding_top': 0, 'padding_bottom': 0, 'padding_left': 1, 'padding_right': 1, 'scale': 1.5238095238095237}",GREEN,False,ENGINEER_REVIEW,False,All immediate drift features are within limits.,2.7268565961627387e-07,0.9999999655699376,2
record_000199753:0,artifacts/input_files/record_000199753.npy,0,4,Edge-Ring,True,1.0,5.885542577743763e-07,ENGINEER_REVIEW,Class is review-only or confidence does not meet its production auto-accept threshold.,False,,,3.411862792290776e-08,0.9999999658813721,True,0.7762330770492554,Edge-Ring,1.0,Edge-Loc,3.411862792290776e-08,Normal,7.54533449609518e-11,5.407300781371305,7.54533449609518e-11,8.580809884081313e-23,6.663713247987375e-19,3.411862792290776e-08,1.0,1.2263127064509096e-19,1.8864045457536553e-14,1.5259898379638148e-12,8.459096968629464e-15,63,62,3036,390,0.12845849802371542,"{'source_height': 63, 'source_width': 62, 'resized_height': 96, 'resized_width': 94, 'padding_top': 0, 'padding_bottom': 0, 'padding_left': 1, 'padding_right': 1, 'scale': 1.5238095238095237}",GREEN,False,ENGINEER_REVIEW,False,All immediate drift features are within limits.,2.678625862122403e-07,0.9999999658813721,2
record_000385384:0,artifacts/input_files/record_000385384.npy,0,4,Edge-Ring,True,1.0,5.763091053267999e-07,ENGINEER_REVIEW,Class is review-only or confidence does not meet its production auto-accept threshold.,False,,,3.299852835425554e-08,0.9999999670014716,True,0.7762330770492554,Edge-Ring,1.0,Edge-Loc,3.299852835425554e-08,Normal,3.530639669513391e-10,0.03506835855660029,3.530639669513391e-10,1.8892297290505935e-23,1.4054910131224058e-20,3.299852835425554e-08,1.0,2.4534908829294454e-20,1.2264420436256668e-14,2.8702650607843883e-13,2.171588262410399e-16,38,36,1075,209,0.19441860465116279,"{'source_height': 38, 'source_width': 36, 'resized_height': 96, 'resized_width': 91, 'padding_top': 0, 'padding_bottom': 0, 'padding_left': 2, 'padding_right': 3, 'scale': 2.526315789473684}",GREEN,False,ENGINEER_REVIEW,False,All immediate drift features are within limits.,2.6228957716533543e-07,0.9999999670014716,2
record_000353087:0,artifacts/input_files/record_000353087.npy,0,4,Edge-Ring,True,1.0,6.163342618492607e-07,ENGINEER_REVIEW,Class is review-only or confidence does not meet its production auto-accept threshold.,False,,,2.3690420292155068e-08,0.9999999763095797,True,0.7762330770492554,Edge-Ring,1.0,Edge-Loc,2.3690420292155068e-08,Normal,1.0920850890272504e-08,0.03506835855660029,1.0920850890272504e-08,1.044002180223579e-20,4.6777868202266394e-20,2.3690420292155068e-08,1.0,1.6664233795934567e-18,1.0882094853589645e-15,7.351778419980443e-14,8.823694677478552e-15,53,52,2126,265,0.12464722483537159,"{'source_height': 53, 'source_width': 52, 'resized_height': 96, 'resized_width': 94, 'padding_top': 0, 'padding_bottom': 0, 'padding_left': 1, 'padding_right': 1, 'scale': 1.8113207547169812}",GREEN,False,ENGINEER_REVIEW,False,All immediate drift features are within limits.,2.8050581092464685e-07,0.9999999763095797,2
record_000385261:0,artifacts/input_files/record_000385261.npy,0,4,Edge-Ring,True,1.0,3.411637976569182e-07,ENGINEER_REVIEW,Class is review-only or confidence does not meet its production auto-accept threshold.,False,,,1.8780633936898994e-08,0.9999999812193661,True,0.7762330770492554,Edge-Ring,1.0,Edge-Loc,1.8780633936898994e-08,Normal,3.1454910898176536e-10,0.03506835855660029,3.1454910898176536e-10,2.2772210256361423e-23,1.1934027926367332e-20,1.8780633936898994e-08,1.0,1.903955704801829e-20,5.661324273958934e-15,1.9018501237842017e-13,1.9398239014760654e-16,38,36,1075,186,0.17302325581395347,"{'source_height': 38, 'source_width': 36, 'resized_height': 96, 'resized_width': 91, 'padding_top': 0, 'padding_bottom': 0, 'padding_left': 2, 'padding_right': 3, 'scale': 2.526315789473684}",GREEN,False,ENGINEER_REVIEW,False,All immediate drift features are within limits.,1.55270335666154e-07,0.9999999812193661,2
record_000199692:0,artifacts/input_files/record_000199692.npy,0,4,Edge-Ring,True,1.0,3.369415253473562e-07,ENGINEER_REVIEW,Class is review-only or confidence does not meet its production auto-accept threshold.,False,,,1.8554471736820233e-08,0.9999999814455283,True,0.7762330770492554,Edge-Ring,1.0,Edge-Loc,1.8554471736820233e-08,Normal,2.9429519932122616e-10,5.407300781371305,2.9429519932122616e-10,7.75809169989694e-23,2.487503224936176e-19,1.8554471736820233e-08,1.0,9.362093503890816e-20,5.0492506429764515e-15,5.17353250083924e-13,8.026896713227063e-15,63,62,3036,401,0.1320816864295125,"{'source_height': 63, 'source_width': 62, 'resized_height': 96, 'resized_width': 94, 'padding_top': 0, 'padding_bottom': 0, 'padding_left': 1, 'padding_right': 1, 'scale': 1.5238095238095237}",GREEN,False,ENGINEER_REVIEW,False,All immediate drift features are within limits.,1.5334869672532222e-07,0.9999999814455283,2
record_000012664:0,artifacts/input_files/record_000012664.npy,0,4,Edge-Ring,True,1.0,3.350035910898441e-07,ENGINEER_REVIEW,Class is review-only or confidence does not meet its production auto-accept threshold.,False,,,1.794304260727131e-08,0.9999999820569574,True,0.7762330770492554,Edge-Ring,1.0,Edge-Loc,1.794304260727131e-08,Normal,7.023993053856259e-10,5.407300781371305,7.023993053856259e-10,1.0455201455049061e-21,2.0665846154203253e-18,1.794304260727131e-08,1.0,6.711930639868857e-19,5.26466975618806e-15,1.0166292720853454e-12,6.311403765064949e-14,63,62,3036,336,0.11067193675889328,"{'source_height': 63, 'source_width': 62, 'resized_height': 96, 'resized_width': 94, 'padding_top': 0, 'padding_bottom': 0, 'padding_left': 1, 'padding_right': 1, 'scale': 1.5238095238095237}",GREEN,False,ENGINEER_REVIEW,False,All immediate drift features are within limits.,1.5246670483541647e-07,0.9999999820569574,2
record_000144906:0,artifacts/input_files/record_000144906.npy,0,4,Edge-Ring,True,1.0,3.3923228670573735e-07,ENGINEER_REVIEW,Class is review-only or confidence does not meet its production auto-accept threshold.,False,,,1.7521712081247642e-08,0.9999999824782879,True,0.7762330770492554,Edge-Ring,1.0,Edge-Loc,1.7521712081247642e-08,Normal,1.2759946432794322e-09,5.407300781371305,1.2759946432794322e-09,2.3661677117180167e-21,4.609010565078491e-19,1.7521712081247642e-08,1.0,4.972495439725371e-19,4.967121481377727e-15,5.038769423405809e-13,1.217770797938035e-14,63,62,3036,346,0.11396574440052701,"{'source_height': 63, 'source_width': 62, 'resized_height': 96, 'resized_width': 94, 'padding_top': 0, 'padding_bottom': 0, 'padding_left': 1, 'padding_right': 1, 'scale': 1.5238095238095237}",GREEN,False,ENGINEER_REVIEW,False,All immediate drift features are within limits.,1.5439126714894197e-07,0.9999999824782879,2
record_000012688:0,artifacts/input_files/record_000012688.npy,0,4,Edge-Ring,True,1.0,2.8914143967995187e-07,ENGINEER_REVIEW,Class is review-only or confidence does not meet its production auto-accept threshold.,False,,,1.5286499177591395e-08,0.9999999847135008,True,0.7762330770492554,Edge-Ring,1.0,Edge-Loc,1.5286499177591395e-08,Normal,6.562109189367504e-10,5.407300781371305,6.562109189367504e-10,2.368315685299625e-22,3.6109114320112213e-19,1.5286499177591395e-08,1.0,2.1677197237671505e-19,2.6934267058982726e-15,3.9750613824857117e-13,1.7927696274126076e-14,63,62,3036,374,0.12318840579710146,"{'source_height': 63, 'source_width': 62, 'resized_height': 96, 'resized_width': 94, 'padding_top': 0, 'padding_bottom': 0, 'padding_left': 1, 'padding_right': 1, 'scale': 1.5238095238095237}",GREEN,False,ENGINEER_REVIEW,False,All immediate drift features are within limits.,1.3159394022002486e-07,0.9999999847135008,2
record_000350370:0,artifacts/input_files/record_000350370.npy,0,4,Edge-Ring,True,1.0,3.6238674283595174e-07,ENGINEER_REVIEW,Class is review-only or confidence does not meet its production auto-accept threshold.,False,,,1.1473782812743138e-08,0.9999999885262172,True,0.7762330770492554,Edge-Ring,1.0,Edge-Loc,1.1473782812743138e-08,Normal,8.186753497341215e-09,0.03506835855660029,8.186753497341215e-09,3.288923025989473e-21,2.2731278662126657e-20,1.1473782812743138e-08,1.0,8.716886163750919e-19,2.8618040444391003e-16,3.465799628082737e-14,6.5118457264065014e-15,53,52,2126,253,0.11900282220131703,"{'source_height': 53, 'source_width': 52, 'resized_height': 96, 'resized_width': 94, 'padding_top': 0, 'padding_bottom': 0, 'padding_left': 1, 'padding_right': 1, 'scale': 1.8113207547169812}",GREEN,False,ENGINEER_REVIEW,False,All immediate drift features are within limits.,1.6492931426940765e-07,0.9999999885262172,2
record_000144892:0,artifacts/input_files/record_000144892.npy,0,4,Edge-Ring,True,1.0,1.7592428491752798e-07,ENGINEER_REVIEW,Class is review-only or confidence does not meet its production auto-accept threshold.,False,,,8.652312644130689e-09,0.9999999913476874,True,0.7762330770492554,Edge-Ring,1.0,Edge-Loc,8.652312644130689e-09,Normal,7.183667549703898e-10,5.407300781371305,7.183667549703898e-10,2.2725621077932157e-22,3.405361961176681e-19,8.652312644130689e-09,1.0,2.1035922882850356e-19,9.935853172388185e-16,2.683205220510576e-13,1.8734889873739217e-14,63,62,3036,346,0.11396574440052701,"{'source_height': 63, 'source_width': 62, 'resized_height': 96, 'resized_width': 94, 'padding_top': 0, 'padding_bottom': 0, 'padding_left': 1, 'padding_right': 1, 'scale': 1.5238095238095237}",GREEN,False,ENGINEER_REVIEW,False,All immediate drift features are within limits.,8.006659252410502e-08,0.9999999913476874,2
record_000725228:0,artifacts/input_files/record_000725228.npy,0,0,Normal,False,0.7777368426322937,0.6394540071487427,ENGINEER_REVIEW,Class is review-only or confidence does not meet its production auto-accept threshold.,True,0.9441788792610168,0.1,0.1927269697189331,0.5850098729133606,True,0.7762330770492554,Normal,0.7777368426322937,Scratch,0.1927269697189331,Loc,0.021512988954782486,0.010776702765724622,0.7777368426322937,0.0004123108519706875,7.889626090218371e-07,0.006168573163449764,0.001441235071979463,0.021512988954782486,5.498559385586077e-10,2.6061951530209626e-07,0.1927269697189331,86,89,6052,180,0.029742233972240583,"{'source_height': 86, 'source_width': 89, 'resized_height': 93, 'resized_width': 96, 'padding_top': 1, 'padding_bottom': 2, 'padding_left': 0, 'padding_right': 0, 'scale': 1.0786516853932584}",GREEN,False,ENGINEER_REVIEW,False,All immediate drift features are within limits.,0.2910280604652518,0.5850098729133606,3
record_000762710:0,artifacts/input_files/record_000762710.npy,0,0,Normal,False,0.7787225246429443,0.6581370830535889,ENGINEER_REVIEW,Class is review-only or confidence does not meet its production auto-accept threshold.,True,0.9441788792610168,0.1,0.18435244262218475,0.5943700820207596,True,0.7762330770492554,Normal,0.7787225246429443,Center,0.18435244262218475,Edge-Loc,0.025158921256661415,0.00976757837634068,0.7787225246429443,0.18435244262218475,1.0397778993365137e-07,0.025158921256661415,0.00013405000208877027,0.009176814928650856,3.510714918775193e-08,6.472875497820496e-07,0.002454428467899561,39,37,1109,126,0.11361587015329125,"{'source_height': 39, 'source_width': 37, 'resized_height': 96, 'resized_width': 91, 'padding_top': 0, 'padding_bottom': 0, 'padding_left': 2, 'padding_right': 3, 'scale': 2.4615384615384617}",GREEN,False,ENGINEER_REVIEW,False,All immediate drift features are within limits.,0.2995310947465707,0.5943700820207596,3
record_000704072:0,artifacts/input_files/record_000704072.npy,0,0,Normal,False,0.7857698798179626,0.6918333768844604,ENGINEER_REVIEW,Class is review-only or confidence does not meet its production auto-accept threshold.,True,0.9441788792610168,0.1,0.13411255180835724,0.6516573280096054,True,0.7762330770492554,Normal,0.7857698798179626,Edge-Loc,0.13411255180835724,Loc,0.07161683589220047,0.012193358998047188,0.7857698798179626,0.001044131233356893,3.8556717818494235e-09,0.13411255180835724,7.818685844540596e-05,0.07161683589220047,6.272686259300997e-10,6.98187250236515e-07,0.007377746980637312,25,27,516,110,0.2131782945736434,"{'source_height': 25, 'source_width': 27, 'resized_height': 89, 'resized_width': 96, 'padding_top': 3, 'padding_bottom': 4, 'padding_left': 0, 'padding_right': 0, 'scale': 3.5555555555555554}",GREEN,False,ENGINEER_REVIEW,False,All immediate drift features are within limits.,0.31486693896497225,0.6516573280096054,3
record_000711161:0,artifacts/input_files/record_000711161.npy,0,0,Normal,False,0.7902576327323914,0.6294050216674805,ENGINEER_REVIEW,Class is review-only or confidence does not meet its production auto-accept threshold.,True,0.9441788792610168,0.1,0.16486039757728577,0.6253972351551056,True,0.7762330770492554,Normal,0.7902576327323914,Center,0.16486039757728577,Loc,0.04355223849415779,0.011470062418084126,0.7902576327323914,0.16486039757728577,1.0242297981966075e-10,0.0007731297519057989,2.356835260286516e-08,0.04355223849415779,2.563814232529188e-13,2.6755118121002397e-09,0.0005566016188822687,25,27,516,107,0.20736434108527133,"{'source_height': 25, 'source_width': 27, 'resized_height': 89, 'resized_width': 96, 'padding_top': 3, 'padding_bottom': 4, 'padding_left': 0, 'padding_right': 0, 'scale': 3.5555555555555554}",GREEN,False,ENGINEER_REVIEW,False,All immediate drift features are within limits.,0.28645457007882763,0.6253972351551056,3
record_000797093:0,artifacts/input_files/record_000797093.npy,0,0,Normal,False,0.7929546236991882,0.6176233887672424,ENGINEER_REVIEW,Class is review-only or confidence does not meet its production auto-accept threshold.,True,0.9441788792610168,0.1,0.1755688488483429,0.6173857748508453,True,0.7762330770492554,Normal,0.7929546236991882,Loc,0.1755688488483429,Scratch,0.025478050112724304,0.010162109902012162,0.7929546236991882,0.002329922979697585,4.418183507937101e-08,0.003665768774226308,2.8669912808254594e-06,0.1755688488483429,2.8206948929354603e-11,4.511094076065092e-08,0.025478050112724304,29,26,562,47,0.08362989323843416,"{'source_height': 29, 'source_width': 26, 'resized_height': 96, 'resized_width': 86, 'padding_top': 0, 'padding_bottom': 0, 'padding_left': 5, 'padding_right': 5, 'scale': 3.310344827586207}",GREEN,False,ENGINEER_REVIEW,False,All immediate drift features are within limits.,0.28109251786907063,0.6173857748508453,3
record_000653040:0,artifacts/input_files/record_000653040.npy,0,0,Normal,False,0.7986695766448975,0.6551199555397034,ENGINEER_REVIEW,Class is review-only or confidence does not meet its production auto-accept threshold.,True,0.9441788792610168,0.1,0.14231066405773163,0.6563589125871658,True,0.7762330770492554,Normal,0.7986695766448975,Loc,0.14231066405773163,Edge-Loc,0.04825875535607338,0.01562695251777768,0.7986695766448975,0.0007409824756905437,5.257060919916512e-08,0.04825875535607338,5.715622683055699e-05,0.14231066405773163,8.599575496148759e-10,4.801717068403377e-07,0.009962288662791252,30,34,776,131,0.16881443298969073,"{'source_height': 30, 'source_width': 34, 'resized_height': 85, 'resized_width': 96, 'padding_top': 5, 'padding_bottom': 6, 'padding_left': 0, 'padding_right': 0, 'scale': 2.823529411764706}",GREEN,False,ENGINEER_REVIEW,False,All immediate drift features are within limits.,0.29815794083913383,0.6563589125871658,3
record_000725233:0,artifacts/input_files/record_000725233.npy,0,0,Normal,False,0.8026143312454224,0.5799729824066162,ENGINEER_REVIEW,Class is review-only or confidence does not meet its production auto-accept threshold.,True,0.9441788792610168,0.1,0.17672842741012573,0.6258859038352966,True,0.7762330770492554,Normal,0.8026143312454224,Scratch,0.17672842741012573,Loc,0.014318050816655159,0.010776702765724622,0.8026143312454224,0.00042088262853212655,3.960914227718604e-07,0.004869360011070967,0.0010484064696356654,0.014318050816655159,2.511035268604189e-10,1.226166972401188e-07,0.17672842741012573,86,89,6052,209,0.0345340383344349,"{'source_height': 86, 'source_width': 89, 'resized_height': 93, 'resized_width': 96, 'padding_top': 1, 'padding_bottom': 2, 'padding_left': 0, 'padding_right': 0, 'scale': 1.0786516853932584}",GREEN,False,ENGINEER_REVIEW,False,All immediate drift features are within limits.,0.2639570794851293,0.6258859038352966,3
record_000798062:0,artifacts/input_files/record_000798062.npy,0,0,Normal,False,0.8027856945991516,0.5132551193237305,ENGINEER_REVIEW,Class is review-only or confidence does not meet its production auto-accept threshold.,True,0.9441788792610168,0.1,0.19457030296325684,0.6082153916358948,True,0.7762330770492554,Normal,0.8027856945991516,Edge-Loc,0.19457030296325684,Loc,0.0011512503260746598,0.010162109902012162,0.8027856945991516,4.638982773030875e-06,7.973197622967998e-12,0.19457030296325684,0.001084561925381422,0.0011512503260746598,8.362971426478794e-11,2.7517175205105104e-09,0.0004035495512653142,29,26,562,80,0.1423487544483986,"{'source_height': 29, 'source_width': 26, 'resized_height': 96, 'resized_width': 86, 'padding_top': 0, 'padding_bottom': 0, 'padding_left': 5, 'padding_right': 5, 'scale': 3.310344827586207}",GREEN,False,ENGINEER_REVIEW,False,All immediate drift features are within limits.,0.23359247143774878,0.6082153916358948,3
record_000653044:0,artifacts/input_files/record_000653044.npy,0,0,Normal,False,0.8131365180015564,0.5961521863937378,ENGINEER_REVIEW,Class is review-only or confidence does not meet its production auto-accept threshold.,True,0.9441788792610168,0.1,0.1523922085762024,0.660744309425354,True,0.7762330770492554,Normal,0.8131365180015564,Loc,0.1523922085762024,Scratch,0.020227080211043358,0.01562695251777768,0.8131365180015564,0.0003582788922358304,2.2784277575738088e-08,0.013870278373360634,1.5648665794287808e-05,0.1523922085762024,4.5344211024866965e-11,5.222868892929e-08,0.020227080211043358,30,34,776,99,0.12757731958762886,"{'source_height': 30, 'source_width': 34, 'resized_height': 85, 'resized_width': 96, 'padding_top': 5, 'padding_bottom': 6, 'padding_left': 0, 'padding_right': 0, 'scale': 2.823529411764706}",GREEN,False,ENGINEER_REVIEW,False,All immediate drift features are within limits.,0.271320552547467,0.660744309425354,3
record_000718384:0,artifacts/input_files/record_000718384.npy,0,0,Normal,False,0.8409658074378967,0.450764924287796,ENGINEER_REVIEW,Class is review-only or confidence does not meet its production auto-accept threshold.,True,0.9441788792610168,0.1,0.15691637992858887,0.6840494275093079,True,0.7762330770492554,Normal,0.8409658074378967,Edge-Loc,0.15691637992858887,Edge-Ring,0.0016611701576039195,0.011045578503399156,0.8409658074378967,6.604615464311792e-06,2.6631400210086476e-11,0.15691637992858887,0.0016611701576039195,0.00021665316307917237,3.424847905275641e-10,2.090747353022948e-09,0.00023336689628195018,41,40,1256,183,0.14570063694267515,"{'source_height': 41, 'source_width': 40, 'resized_height': 96, 'resized_width': 94, 'padding_top': 0, 'padding_bottom': 0, 'padding_left': 1, 'padding_right': 1, 'scale': 2.341463414634146}",GREEN,False,ENGINEER_REVIEW,False,All immediate drift features are within limits.,0.20515195803711417,0.6840494275093079,3
record_000713436:0,artifacts/input_files/record_000713436.npy,0,0,Normal,False,0.8444697856903076,0.4641087055206299,ENGINEER_REVIEW,Class is review-only or confidence does not meet its production auto-accept threshold.,True,0.9441788792610168,0.1,0.14949439465999603,0.6949753910303116,True,0.7762330770492554,Normal,0.8444697856903076,Edge-Loc,0.14949439465999603,Loc,0.0037178113125264645,0.011470062418084126,0.8444697856903076,0.0003787403693422675,3.043915397515917e-10,0.14949439465999603,0.0009576824377290905,0.0037178113125264645,3.0248109572639237e-10,1.186981819500943e-07,0.0009814801160246134,25,27,516,117,0.22674418604651161,"{'source_height': 25, 'source_width': 27, 'resized_height': 89, 'resized_width': 96, 'padding_top': 3, 'padding_bottom': 4, 'padding_left': 0, 'padding_right': 0, 'scale': 3.5555555555555554}",GREEN,False,ENGINEER_REVIEW,False,All immediate drift features are within limits.,0.21122497459194037,0.6949753910303116,3
record_000704729:0,artifacts/input_files/record_000704729.npy,0,0,Normal,False,0.8534921407699585,0.5774847865104675,ENGINEER_REVIEW,Class is review-only or confidence does not meet its production auto-accept threshold.,True,0.9441788792610168,0.1,0.08473074436187744,0.768761396408081,True,0.7762330770492554,Normal,0.8534921407699585,Loc,0.08473074436187744,Center,0.03114139474928379,0.012193358998047188,0.8534921407699585,0.03114139474928379,1.2126986348448554e-07,0.02222239412367344,3.307484803372063e-05,0.08473074436187744,2.9302771320516285e-09,1.2037573469569907e-05,0.008368176408112049,25,27,516,123,0.23837209302325582,"{'source_height': 25, 'source_width': 27, 'resized_height': 89, 'resized_width': 96, 'padding_top': 3, 'padding_bottom': 4, 'padding_left': 0, 'padding_right': 0, 'scale': 3.5555555555555554}",GREEN,False,ENGINEER_REVIEW,False,All immediate drift features are within limits.,0.2628246527310261,0.768761396408081,3
record_000439508:0,artifacts/input_files/record_000439508.npy,0,0,Normal,False,0.8542569875717163,0.4581035375595093,ENGINEER_REVIEW,Class is review-only or confidence does not meet its production auto-accept threshold.,True,0.9441788792610168,0.1,0.1368870735168457,0.7173699140548706,True,0.7762330770492554,Normal,0.8542569875717163,Edge-Loc,0.1368870735168457,Loc,0.004290151875466108,0.03506835855660029,0.8542569875717163,0.0001604122662683949,3.060925513054258e-09,0.1368870735168457,0.0012597773456946015,0.004290151875466108,3.6878664566586394e-09,4.29416431302343e-08,0.00314544839784503,41,42,1376,110,0.07994186046511628,"{'source_height': 41, 'source_width': 42, 'resized_height': 94, 'resized_width': 96, 'padding_top': 1, 'padding_bottom': 1, 'padding_left': 0, 'padding_right': 0, 'scale': 2.2857142857142856}",GREEN,False,ENGINEER_REVIEW,False,All immediate drift features are within limits.,0.20849190487159303,0.7173699140548706,3
record_000684255:0,artifacts/input_files/record_000684255.npy,0,0,Normal,False,0.8566827774047852,0.5073618292808533,ENGINEER_REVIEW,Class is review-only or confidence does not meet its production auto-accept threshold.,True,0.9441788792610168,0.1,0.11158201843500137,0.7451007589697838,True,0.7762330770492554,Normal,0.8566827774047852,Scratch,0.11158201843500137,Loc,0.025276843458414078,0.0179010467036278,0.8566827774047852,0.003284443635493517,7.292466079888982e-07,0.0031510668341070414,2.1911955627729185e-05,0.025276843458414078,4.669976072513293e-10,1.3044942193118914e-07,0.11158201843500137,38,40,1197,47,0.03926482873851295,"{'source_height': 38, 'source_width': 40, 'resized_height': 91, 'resized_width': 96, 'padding_top': 2, 'padding_bottom': 3, 'padding_left': 0, 'padding_right': 0, 'scale': 2.4}",GREEN,False,ENGINEER_REVIEW,False,All immediate drift features are within limits.,0.23091031955229066,0.7451007589697838,3
record_000245689:0,artifacts/input_files/record_000245689.npy,0,0,Normal,False,0.8644852638244629,0.5077880620956421,ENGINEER_REVIEW,Class is review-only or confidence does not meet its production auto-accept threshold.,True,0.9441788792610168,0.1,0.09318616986274719,0.7712990939617157,True,0.7762330770492554,Normal,0.8644852638244629,Scratch,0.09318616986274719,Loc,0.0341581366956234,5.407300781371305,0.8644852638244629,0.0016523253871127963,1.4321144590212498e-06,0.005916251335293055,0.0005999306449666619,0.0341581366956234,1.8854224848041667e-09,4.886633746536972e-07,0.09318616986274719,86,82,5546,107,0.019293184276956366,"{'source_height': 86, 'source_width': 82, 'resized_height': 96, 'resized_width': 92, 'padding_top': 0, 'padding_bottom': 0, 'padding_left': 2, 'padding_right': 2, 'scale': 1.1162790697674418}",GREEN,False,ENGINEER_REVIEW,False,All immediate drift features are within limits.,0.23110430646613886,0.7712990939617157,3
record_000696426:0,artifacts/input_files/record_000696426.npy,0,0,Normal,False,0.866270124912262,0.4017811417579651,ENGINEER_REVIEW,Class is review-only or confidence does not meet its production auto-accept threshold.,True,0.9441788792610168,0.1,0.1324087530374527,0.7338613718748093,True,0.7762330770492554,Normal,0.866270124912262,Scratch,0.1324087530374527,Loc,0.0008978918776847422,0.012193358998047188,0.866270124912262,0.00038979906821623445,5.542287517812383e-09,3.2168696634471416e-05,1.2204685617689393e-06,0.0008978918776847422,1.339296838342096e-15,2.8318455913556306e-10,0.1324087530374527,25,27,516,102,0.19767441860465115,"{'source_height': 25, 'source_width': 27, 'resized_height': 89, 'resized_width': 96, 'padding_top': 3, 'padding_bottom': 4, 'padding_left': 0, 'padding_right': 0, 'scale': 3.5555555555555554}",GREEN,False,ENGINEER_REVIEW,False,All immediate drift features are within limits.,0.18285847787350892,0.7338613718748093,3
record_000769091:0,artifacts/input_files/record_000769091.npy,0,0,Normal,False,0.8672723174095154,0.5142574310302734,ENGINEER_REVIEW,Class is review-only or confidence does not meet its production auto-accept threshold.,True,0.9441788792610168,0.1,0.0920240730047226,0.7752482444047928,True,0.7762330770492554,Normal,0.8672723174095154,Loc,0.0920240730047226,Scratch,0.02069901116192341,0.009227203008776996,0.8672723174095154,0.013567093759775162,1.2562170468299882e-06,0.00641980767250061,1.6022861018427648e-05,0.0920240730047226,3.027924577736485e-09,4.159523143698607e-07,0.02069901116192341,44,41,1376,88,0.06395348837209303,"{'source_height': 44, 'source_width': 41, 'resized_height': 96, 'resized_width': 89, 'padding_top': 0, 'padding_bottom': 0, 'padding_left': 3, 'padding_right': 4, 'scale': 2.1818181818181817}",GREEN,False,ENGINEER_REVIEW,False,All immediate drift features are within limits.,0.2340486431540501,0.7752482444047928,3
record_000706924:0,artifacts/input_files/record_000706924.npy,0,0,Normal,False,0.8714413046836853,0.45163974165916443,ENGINEER_REVIEW,Class is review-only or confidence does not meet its production auto-accept threshold.,True,0.9441788792610168,0.1,0.10250449925661087,0.7689368054270744,True,0.7762330770492554,Normal,0.8714413046836853,Edge-Loc,0.10250449925661087,Loc,0.02544822357594967,0.011470062418084126,0.8714413046836853,0.00011660192831186578,6.917099705516794e-12,0.10250449925661087,4.245313903084025e-06,0.02544822357594967,2.0716993658770333e-12,4.056305069610744e-09,0.0004851140547543764,25,27,516,103,0.1996124031007752,"{'source_height': 25, 'source_width': 27, 'resized_height': 89, 'resized_width': 96, 'padding_top': 3, 'padding_bottom': 4, 'padding_left': 0, 'padding_right': 0, 'scale': 3.5555555555555554}",GREEN,False,ENGINEER_REVIEW,False,All immediate drift features are within limits.,0.2055501045808912,0.7689368054270744,3
record_000770547:0,artifacts/input_files/record_000770547.npy,0,0,Normal,False,0.8758233189582825,0.5067974328994751,ENGINEER_REVIEW,Class is review-only or confidence does not meet its production auto-accept threshold.,True,0.9441788792610168,0.1,0.06000151112675667,0.8158218078315258,True,0.7762330770492554,Normal,0.8758233189582825,Scratch,0.06000151112675667,Edge-Loc,0.040139682590961456,0.009227203008776996,0.8758233189582825,0.00020222070452291518,3.4596376963236253e-07,0.040139682590961456,0.0003955816791858524,0.023436905816197395,2.686955102859656e-09,3.551299414539244e-07,0.06000151112675667,44,41,1376,130,0.09447674418604651,"{'source_height': 44, 'source_width': 41, 'resized_height': 96, 'resized_width': 89, 'padding_top': 0, 'padding_bottom': 0, 'padding_left': 3, 'padding_right': 4, 'scale': 2.1818181818181817}",GREEN,False,ENGINEER_REVIEW,False,All immediate drift features are within limits.,0.23065345168944235,0.8158218078315258,3
record_000251577:0,artifacts/input_files/record_000251577.npy,0,0,Normal,False,0.8810186982154846,0.4437710642814636,ENGINEER_REVIEW,Class is review-only or confidence does not meet its production auto-accept threshold.,True,0.9441788792610168,0.1,0.08963941037654877,0.7913792878389359,True,0.7762330770492554,Normal,0.8810186982154846,Scratch,0.08963941037654877,Loc,0.026191022247076035,5.407300781371305,0.8810186982154846,0.0012478305725380778,5.096246127322956e-07,0.0018346417928114533,6.788236350985244e-05,0.026191022247076035,1.145981920469552e-10,7.663322065809552e-08,0.08963941037654877,82,83,5340,110,0.020599250936329586,"{'source_height': 82, 'source_width': 83, 'resized_height': 95, 'resized_width': 96, 'padding_top': 0, 'padding_bottom': 1, 'padding_left': 0, 'padding_right': 0, 'scale': 1.1566265060240963}",GREEN,False,ENGINEER_REVIEW,False,All immediate drift features are within limits.,0.20196891517546398,0.7913792878389359,3
record_000242425:0,artifacts/input_files/record_000242425.npy,0,0,Normal,False,0.8861929178237915,0.46249550580978394,ENGINEER_REVIEW,Class is review-only or confidence does not meet its production auto-accept threshold.,True,0.9441788792610168,0.1,0.06968743354082108,0.8165054842829704,True,0.7762330770492554,Normal,0.8861929178237915,Scratch,0.06968743354082108,Loc,0.03279292583465576,5.407300781371305,0.8861929178237915,0.0020740407053381205,3.2941663903329754e-06,0.00888245552778244,0.0003656542976386845,0.03279292583465576,1.0405220685072436e-08,1.309674303229258e-06,0.06968743354082108,62,75,3703,83,0.022414258709154738,"{'source_height': 62, 'source_width': 75, 'resized_height': 79, 'resized_width': 96, 'padding_top': 8, 'padding_bottom': 9, 'padding_left': 0, 'padding_right': 0, 'scale': 1.28}",GREEN,False,ENGINEER_REVIEW,False,All immediate drift features are within limits.,0.21049077576334282,0.8165054842829704,3
record_000724638:0,artifacts/input_files/record_000724638.npy,0,0,Normal,False,0.8936958312988281,0.35135364532470703,ENGINEER_REVIEW,Class is review-only or confidence does not meet its production auto-accept threshold.,True,0.9441788792610168,0.1,0.10413602739572525,0.7895598039031029,True,0.7762330770492554,Normal,0.8936958312988281,Edge-Loc,0.10413602739572525,Edge-Ring,0.001202588900923729,0.011045578503399156,0.8936958312988281,5.474698809848633e-07,3.3635317838245915e-13,0.10413602739572525,0.001202588900923729,0.0007110349251888692,2.2932350463023e-13,9.600168576762158e-11,0.0002539568522479385,25,26,518,85,0.1640926640926641,"{'source_height': 25, 'source_width': 26, 'resized_height': 92, 'resized_width': 96, 'padding_top': 2, 'padding_bottom': 2, 'padding_left': 0, 'padding_right': 0, 'scale': 3.6923076923076925}",GREEN,False,ENGINEER_REVIEW,False,All immediate drift features are within limits.,0.1599079351964407,0.7895598039031029,3
record_000794799:0,artifacts/input_files/record_000794799.npy,0,0,Normal,False,0.899715781211853,0.3818093240261078,ENGINEER_REVIEW,Class is review-only or confidence does not meet its production auto-accept threshold.,True,0.9441788792610168,0.1,0.08519698679447174,0.8145187944173813,True,0.7762330770492554,Normal,0.899715781211853,Edge-Loc,0.08519698679447174,Loc,0.007703467272222042,0.010162109902012162,0.899715781211853,0.00012674818572122604,6.669191421337928e-09,0.08519698679447174,0.0008093399810604751,0.007703467272222042,3.761361444531985e-09,8.004438711850526e-08,0.00644757691770792,29,26,562,42,0.07473309608540925,"{'source_height': 29, 'source_width': 26, 'resized_height': 96, 'resized_width': 86, 'padding_top': 0, 'padding_bottom': 0, 'padding_left': 5, 'padding_right': 5, 'scale': 3.310344827586207}",GREEN,False,ENGINEER_REVIEW,False,All immediate drift features are within limits.,0.17376891191021995,0.8145187944173813,3
record_000691055:0,artifacts/input_files/record_000691055.npy,0,0,Normal,False,0.9057904481887817,0.3615989685058594,ENGINEER_REVIEW,Class is review-only or confidence does not meet its production auto-accept threshold.,True,0.9441788792610168,0.1,0.08095729351043701,0.8248331546783447,True,0.7762330770492554,Normal,0.9057904481887817,Scratch,0.08095729351043701,Edge-Loc,0.009306907653808594,0.013826812391926069,0.9057904481887817,0.00013171382306609303,1.431459537570845e-07,0.009306907653808594,0.0014126054011285305,0.0024008597247302532,4.517455298724826e-10,5.9253494555377983e-08,0.08095729351043701,39,37,1129,113,0.10008857395925598,"{'source_height': 39, 'source_width': 37, 'resized_height': 96, 'resized_width': 91, 'padding_top': 0, 'padding_bottom': 0, 'padding_left': 2, 'padding_right': 3, 'scale': 2.4615384615384617}",GREEN,False,ENGINEER_REVIEW,False,All immediate drift features are within limits.,0.16457078272091777,0.8248331546783447,3
record_000683601:0,artifacts/input_files/record_000683601.npy,0,0,Normal,False,0.9098082780838013,0.3705998957157135,ENGINEER_REVIEW,Class is review-only or confidence does not meet its production auto-accept threshold.,True,0.9441788792610168,0.1,0.06897124648094177,0.8408370316028595,True,0.7762330770492554,Normal,0.9098082780838013,Loc,0.06897124648094177,Center,0.010987597517669201,0.0179010467036278,0.9098082780838013,0.010987597517669201,2.8077272418158827e-06,0.001170540344901383,5.301287274050992e-06,0.06897124648094177,8.303571163992274e-10,6.942842105672753e-07,0.009053551591932774,35,31,839,143,0.17044100119189512,"{'source_height': 35, 'source_width': 31, 'resized_height': 96, 'resized_width': 85, 'padding_top': 0, 'padding_bottom': 0, 'padding_left': 5, 'padding_right': 6, 'scale': 2.742857142857143}",GREEN,False,ENGINEER_REVIEW,False,All immediate drift features are within limits.,0.16866728123212882,0.8408370316028595,3
record_000721405:0,artifacts/input_files/record_000721405.npy,0,0,Normal,False,0.9151231646537781,0.35877031087875366,ENGINEER_REVIEW,Class is review-only or confidence does not meet its production auto-accept threshold.,True,0.9441788792610168,0.1,0.05916896462440491,0.8559542000293732,True,0.7762330770492554,Normal,0.9151231646537781,Loc,0.05916896462440491,Scratch,0.019054202362895012,0.011045578503399156,0.9151231646537781,0.006262943614274263,4.026422217862091e-08,0.00038982334081083536,9.174728461402992e-07,0.05916896462440491,2.0822885516552647e-12,3.223150457642987e-08,0.019054202362895012,25,26,518,75,0.14478764478764478,"{'source_height': 25, 'source_width': 26, 'resized_height': 92, 'resized_width': 96, 'padding_top': 2, 'padding_bottom': 2, 'padding_left': 0, 'padding_right': 0, 'scale': 3.6923076923076925}",GREEN,False,ENGINEER_REVIEW,False,All immediate drift features are within limits.,0.16328340515547338,0.8559542000293732,3
record_000720039:0,artifacts/input_files/record_000720039.npy,0,0,Normal,False,0.9152169823646545,0.32809463143348694,ENGINEER_REVIEW,Class is review-only or confidence does not meet its production auto-accept threshold.,True,0.9441788792610168,0.1,0.07566051930189133,0.8395564630627632,True,0.7762330770492554,Normal,0.9152169823646545,Edge-Loc,0.07566051930189133,Center,0.006060572806745768,0.011045578503399156,0.9152169823646545,0.006060572806745768,6.89321666413889e-09,0.07566051930189133,0.0015049336943775415,0.0011441188398748636,3.8224989395985176e-08,1.800840720989072e-07,0.00041266498737968504,41,40,1256,157,0.125,"{'source_height': 41, 'source_width': 40, 'resized_height': 96, 'resized_width': 94, 'padding_top': 0, 'padding_bottom': 0, 'padding_left': 1, 'padding_right': 1, 'scale': 2.341463414634146}",GREEN,False,ENGINEER_REVIEW,False,All immediate drift features are within limits.,0.14932230178821718,0.8395564630627632,3
record_000245708:0,artifacts/input_files/record_000245708.npy,0,0,Normal,False,0.9201703667640686,0.333573579788208,ENGINEER_REVIEW,Class is review-only or confidence does not meet its production auto-accept threshold.,True,0.9441788792610168,0.1,0.0616811104118824,0.8584892563521862,True,0.7762330770492554,Normal,0.9201703667640686,Scratch,0.0616811104118824,Loc,0.014142167754471302,5.407300781371305,0.9201703667640686,0.0006845677853561938,3.798388945597253e-07,0.003019892843440175,0.00030152584076859057,0.014142167754471302,4.080573379194874e-10,1.1318918780034437e-07,0.0616811104118824,86,82,5546,127,0.02289938694554634,"{'source_height': 86, 'source_width': 82, 'resized_height': 96, 'resized_width': 92, 'padding_top': 0, 'padding_bottom': 0, 'padding_left': 2, 'padding_right': 2, 'scale': 1.1162790697674418}",GREEN,False,ENGINEER_REVIEW,False,All immediate drift features are within limits.,0.15181587864478202,0.8584892563521862,3
record_000798064:0,artifacts/input_files/record_000798064.npy,0,0,Normal,False,0.9271160364151001,0.3010500967502594,ENGINEER_REVIEW,Class is review-only or confidence does not meet its production auto-accept threshold.,True,0.9441788792610168,0.1,0.06283414363861084,0.8642818927764893,True,0.7762330770492554,Normal,0.9271160364151001,Scratch,0.06283414363861084,Center,0.004929260350763798,0.010162109902012162,0.9271160364151001,0.004929260350763798,2.1357224966322974e-07,0.0023751500993967056,5.702570706489496e-05,0.0026880349032580853,3.833750539250502e-10,4.362788175171772e-08,0.06283414363861084,29,26,562,34,0.060498220640569395,"{'source_height': 29, 'source_width': 26, 'resized_height': 96, 'resized_width': 86, 'padding_top': 0, 'padding_bottom': 0, 'padding_left': 5, 'padding_right': 5, 'scale': 3.310344827586207}",GREEN,False,ENGINEER_REVIEW,False,All immediate drift features are within limits.,0.13701380362094534,0.8642818927764893,3
record_000681976:0,artifacts/input_files/record_000681976.npy,0,0,Normal,False,0.9324267506599426,0.305586576461792,ENGINEER_REVIEW,Class is review-only or confidence does not meet its production auto-accept threshold.,True,0.9441788792610168,0.1,0.048475176095962524,0.8839515745639801,True,0.7762330770492554,Normal,0.9324267506599426,Scratch,0.048475176095962524,Center,0.01018704753369093,0.0179010467036278,0.9324267506599426,0.01018704753369093,5.48857258308999e-07,0.0018871703650802374,3.749072857317515e-05,0.006985694635659456,3.886677923947701e-10,9.250843646668727e-08,0.048475176095962524,35,31,845,98,0.11597633136094675,"{'source_height': 35, 'source_width': 31, 'resized_height': 96, 'resized_width': 85, 'padding_top': 0, 'padding_bottom': 0, 'padding_left': 5, 'padding_right': 6, 'scale': 2.742857142857143}",GREEN,False,ENGINEER_REVIEW,False,All immediate drift features are within limits.,0.13907844451306223,0.8839515745639801,3
record_000248062:0,artifacts/input_files/record_000248062.npy,0,0,Normal,False,0.9434722661972046,0.26066893339157104,ENGINEER_REVIEW,Class is review-only or confidence does not meet its production auto-accept threshold.,True,0.9441788792610168,0.1,0.04004869982600212,0.9034235663712025,True,0.7762330770492554,Normal,0.9434722661972046,Scratch,0.04004869982600212,Loc,0.01384065393358469,5.407300781371305,0.9434722661972046,0.0010577680077403784,1.7945535546459723e-07,0.0015303939580917358,5.00471142004244e-05,0.01384065393358469,9.651155569168068e-11,3.845991969342322e-08,0.04004869982600212,82,83,5340,114,0.021348314606741574,"{'source_height': 82, 'source_width': 83, 'resized_height': 95, 'resized_width': 96, 'padding_top': 0, 'padding_bottom': 1, 'padding_left': 0, 'padding_right': 0, 'scale': 1.1566265060240963}",GREEN,False,ENGINEER_REVIEW,False,All immediate drift features are within limits.,0.1186355441679931,0.9034235663712025,3
